# Blender 4.1.0
# www.blender.org
mtllib Dragon MagPart 9.mtl
o Mag
v 8.291598 90.877937 -11.404274
v 7.330685 87.203629 -11.404274
v 11.176783 87.203629 -11.404273
v 5.567789 89.563957 -11.404274
v 7.330685 83.992401 -6.279404
v 11.176782 83.992401 -6.113138
v 9.734189 83.992401 -0.509036
v 11.176782 83.992401 -0.509036
v 8.611902 83.992401 0.615697
v 8.611902 83.992401 4.302865
v 7.330684 83.992401 13.114901
v 9.734189 83.992401 5.417816
v 11.176782 83.992401 5.417817
v 11.176781 83.992401 16.958553
v 0.120169 83.992401 16.958553
v 0.120169 83.992401 13.114901
v -7.090346 83.992401 13.114901
v -10.936443 83.992401 16.958553
v -10.936442 83.992401 5.417815
v -9.655226 83.992401 5.417816
v -8.532938 83.992401 4.302864
v -7.090345 83.992401 -6.279405
v -8.532938 83.992401 0.615696
v -9.655226 83.992401 -0.509037
v -10.936442 83.992401 -6.113139
v -10.936442 83.992401 -0.509037
v -10.936441 87.203629 -11.404275
v -7.090345 87.203629 -11.404274
v -8.051257 90.877937 -11.404274
v -5.488823 89.563957 -11.404274
v 0.120171 83.992401 -40.569080
v 7.330686 83.992401 -36.725430
v 11.176784 83.992401 -40.569080
v 0.120171 83.992401 -36.725430
v -7.090344 83.992401 -36.725430
v -10.936440 83.992401 -40.569080
v 3.005352 76.929016 13.114901
v 7.330685 83.992401 -6.279404
v 3.005354 76.929016 -36.725430
v 7.330686 83.992401 -36.725430
v 7.330684 83.992401 13.114901
v 0.120170 76.929016 -36.725430
v 0.120168 76.929016 13.114901
v -2.923945 76.929016 13.114901
v -2.923943 76.929016 -36.725430
v -7.090345 83.992401 -6.279405
v -7.090344 83.992401 -36.725430
v -7.090346 83.992401 13.114901
v 8.291598 90.877937 -11.404274
v 5.567790 89.563957 -36.725430
v 5.567789 89.563957 -11.404274
v 8.291599 90.877937 -40.569080
v -8.051257 90.877937 -11.404274
v -5.488822 89.563957 -36.725430
v -8.051256 90.877937 -40.569080
v -5.488823 89.563957 -11.404274
v -27.120386 -90.071060 26.416086
v -27.120386 -90.725800 23.364639
v -13.980573 -96.055946 24.489372
v 0.120155 -97.873932 24.812122
v -14.621181 -98.520256 23.364641
v 0.120154 -100.413383 23.687389
v 0.120155 -102.843735 12.156433
v -28.242672 -92.969894 22.083422
v -40.098824 -84.140564 20.322971
v -14.621181 -100.950600 11.667418
v -13.980572 -99.172104 9.906967
v -28.242670 -95.400223 10.552466
v 0.120155 -100.992043 10.229717
v -13.980572 -99.806564 6.865298
v 0.120155 -101.626549 7.188048
v -27.120384 -93.836212 8.782234
v -14.621181 -102.176201 5.906830
v 0.120155 -104.069351 6.219800
v 0.120155 -105.736748 -1.790254
v -27.120384 -94.470695 5.740565
v -28.242670 -96.625816 4.615833
v -14.621181 -103.843597 -2.113004
v 0.120155 -103.887199 -3.550704
v -40.098820 -87.796455 2.855380
v -38.497299 -85.982536 3.980114
v -28.242670 -98.293213 -3.227955
v -13.980572 -102.067017 -3.873455
v -13.980572 -102.699371 -6.915122
v 0.120155 -104.519524 -6.592374
v -27.120384 -96.730568 -4.998188
v -14.621181 -105.059555 -7.873592
v 0.120155 -106.952667 -7.560622
v 0.120155 -108.627777 -15.570675
v -14.621181 -106.734627 -15.893426
v -28.242670 -99.509171 -8.998325
v -28.242670 -101.184265 -17.008377
v -40.098820 -92.354958 -18.935093
v -27.120384 -97.362900 -8.039855
v -40.098820 -90.679802 -10.925041
v -49.074673 -79.173279 -13.330992
v -49.074673 -80.848259 -21.341047
v -54.681225 -67.448494 -24.059967
v -38.497299 -88.873909 -9.800308
v -47.150402 -77.810776 -12.206259
v -54.681225 -65.773361 -16.206394
v -56.605488 -53.068874 -27.111412
v -47.150402 -77.178459 -9.164589
v -52.598022 -64.927444 -14.925177
v -56.605488 -51.393723 -19.091579
v -54.681221 -37.014088 -22.143026
v -54.681221 -38.689072 -30.153086
v -49.074669 -25.289314 -33.038261
v -52.598019 -37.276402 -20.695547
v -54.522297 -51.101921 -17.810364
v -52.598022 -64.295151 -11.883509
v -52.598019 -36.644093 -17.653879
v -47.150398 -24.393089 -23.424244
v 54.601234 -47.580330 -0.988269
v 54.921543 -32.905052 -2.592234
v 56.845814 -47.284859 0.459214
v 54.921543 -30.474688 9.104987
v 52.838341 -62.038807 -1.144751
v 54.601234 -48.214890 -4.029936
v 52.838341 -61.404247 1.896916
v 56.845814 -44.854492 12.156436
v 52.679413 -30.711048 10.708953
v 54.601234 -44.520073 13.594137
v 54.921539 -59.234127 15.031839
v 54.921539 -61.664490 3.500884
v 47.390724 -74.286270 4.615836
v 49.314995 -75.064255 6.219802
v 49.314995 -72.633896 17.917025
v 47.231792 -71.197014 19.198240
v 40.180202 -84.140564 20.322975
v 38.578678 -82.246857 21.604189
v 40.180202 -86.570930 8.625752
v 38.737614 -85.348129 7.021786
v 27.360691 -90.725800 23.364643
v 27.360691 -90.071060 26.416090
v 27.360693 -93.836212 8.782236
v 28.482981 -95.400223 10.552468
v 28.482979 -92.969894 22.083426
v 14.220880 -96.055946 24.489372
v 14.702559 -100.950600 11.667420
v 14.702559 -98.520256 23.364641
v 0.120155 -97.873932 24.812122
v 0.120154 -100.413383 23.687389
v 0.120155 -102.843735 12.156433
v 0.120155 -100.992043 10.229717
v 14.220881 -99.172104 9.906969
v 14.702559 -94.158653 44.196648
v 0.120154 -88.539635 49.487782
v 0.120154 -96.051788 44.519394
v -14.621181 -94.158653 44.196648
v 13.098593 -86.858086 49.008549
v -13.019659 -86.858086 49.008549
v 28.482979 -88.608383 42.915428
v -28.242672 -88.608383 42.915428
v 25.277493 -81.928627 48.050076
v -25.198559 -81.928627 48.050076
v 40.180202 -79.778992 41.154980
v -40.098824 -79.778976 41.154980
v 35.693497 -74.086777 46.446114
v -35.612118 -74.086777 46.446114
v -43.624611 -63.867134 44.196644
v -49.074673 -68.272308 38.749023
v 43.706001 -63.867142 44.196651
v 49.314995 -68.272308 38.749031
v 48.833313 -51.965954 41.800484
v 54.921539 -54.872543 35.863850
v 50.434834 -39.194477 39.071781
v 56.845814 -40.492908 32.822182
v 48.833313 -26.423176 36.509346
v 54.921539 -26.113106 29.936996
v 0.120155 -101.626549 7.188048
v 14.220880 -95.401169 27.531040
v 0.120154 -97.219177 28.020056
v 28.482979 -91.646225 28.499292
v 40.180202 -82.816818 26.572575
v 28.482979 -88.608383 42.915428
v 14.702559 -94.158653 44.196648
v 14.702559 -97.196587 29.614243
v 0.120154 -99.089722 30.103256
v 0.120154 -96.051788 44.519394
v 14.220881 -99.806564 6.865300
v 14.702559 -102.176201 5.906832
v 0.120155 -104.069351 6.219800
v 0.120155 -105.736748 -1.790254
v 14.702559 -103.843597 -2.113003
v 0.120155 -103.887199 -3.550704
v 28.482981 -96.625816 4.615836
v 14.220881 -102.067017 -3.873453
v 27.360693 -94.470695 5.740567
v 0.120155 -104.519524 -6.592374
v 38.737614 -85.982536 3.980117
v 40.180206 -87.796455 2.855383
v 47.390724 -74.920685 1.574167
v 28.482981 -98.293213 -3.227952
v 54.921539 -62.890163 -2.425969
v 56.845814 -48.510361 -5.311154
v 49.314995 -76.289917 0.459214
v 54.921539 -64.557465 -10.279539
v 56.845814 -50.177830 -13.330987
v 40.180206 -89.463921 -5.154670
v 49.314995 -77.957230 -7.560619
v 27.360693 -96.730568 -4.998185
v 38.737614 -88.241585 -6.758637
v 47.390724 -77.178467 -9.164585
v 38.737614 -88.873909 -9.800304
v 27.360693 -97.362900 -8.039852
v 14.220881 -102.699371 -6.915121
v 28.482981 -99.509171 -8.998322
v 14.702559 -105.059555 -7.873591
v 0.120155 -106.952667 -7.560622
v 0.120155 -108.627777 -15.570675
v 14.702559 -106.734627 -15.893424
v 28.482981 -101.184265 -17.008377
v 40.180206 -92.354958 -18.935089
v 40.180206 -90.679802 -10.925037
v 49.314995 -79.173279 -13.330988
v 49.314995 -80.848267 -21.341043
v 54.921539 -67.448502 -24.059963
v 47.390724 -77.810783 -12.206255
v 54.921539 -65.773361 -16.206390
v 56.845818 -53.068882 -27.111408
v 52.838341 -64.927452 -14.925173
v 52.838341 -64.295151 -11.883505
v 56.845818 -51.393730 -19.091576
v 54.601234 -51.101929 -17.810356
v 54.601234 -50.469620 -14.768689
v 54.921543 -35.798195 -16.372658
v 54.921543 -37.014095 -22.143023
v 54.921543 -38.689079 -30.153082
v 49.314999 -25.289322 -33.038261
v 52.838345 -37.276409 -20.695543
v 49.314999 -23.614328 -25.028212
v 40.180210 -12.107635 -27.424379
v 52.838345 -36.644100 -17.653875
v 47.390728 -24.393097 -23.424240
v 38.737617 -13.330118 -25.663929
v 27.360701 -4.840907 -27.424379
v 38.737617 -12.697809 -22.622261
v 27.360701 -4.208608 -24.382711
v 47.390728 -23.760788 -20.372795
v 40.180210 -10.891743 -21.497528
v 28.482988 -2.062340 -23.424240
v 40.180210 -9.224275 -13.643957
v 49.314999 -22.398428 -19.091576
v 49.314999 -20.730968 -11.247787
v 18.868963 -65.687958 40.675747
v 16.785763 -65.245361 44.675880
v 16.785763 -66.128128 40.832230
v 18.868963 -64.805344 44.519394
v 3.325644 -70.567261 45.800613
v 1.242443 -70.814842 41.800480
v 3.325644 -71.449860 41.956963
v 1.242443 -69.932220 45.644131
v -13.178587 -67.907913 45.321381
v 0.120156 -66.625671 40.998493
v 0.120156 -65.743073 44.842148
v -13.178587 -68.790512 41.311462
v -13.501335 -62.178688 44.040161
v -26.159470 -58.422504 39.071777
v -13.501335 -63.061455 40.196510
v -26.159470 -57.539886 43.081696
v 29.443895 -53.048683 37.947044
v 28.001305 -53.563389 42.113449
v 28.001305 -54.445988 38.269794
v 29.443895 -52.166084 41.800480
v -6.608676 -62.016216 -36.881912
v -9.975539 -61.328465 -40.246334
v -6.608676 -62.674961 -39.923588
v -5.168530 -65.266998 -36.079933
v -5.168529 -65.925743 -39.121601
v -5.168530 -67.353973 -38.808632
v -5.168530 -74.887177 -33.840248
v -9.975539 -60.669716 -37.038399
v -11.418132 -61.328465 -40.246334
v -19.748487 -60.636387 -36.881912
v -7.251730 -62.214424 -34.798714
v -10.134469 -61.058281 -34.955200
v -19.748487 -61.048508 -34.955200
v -10.454774 -62.842396 -33.673981
v -19.748487 -62.842396 -33.673981
v -8.691876 -63.538799 -33.517498
v -5.968068 -65.005486 -34.153214
v -8.051268 -65.220047 -33.194748
v -5.968069 -74.487854 -32.070015
v -8.051269 -74.322342 -31.277815
v 5.408849 -67.353973 -38.808632
v 5.408849 -65.266998 -36.079933
v 5.408849 -74.887177 -33.840248
v 5.408850 -65.925743 -39.121601
v 6.690066 -62.674961 -39.923588
v 6.208387 -65.005486 -34.153214
v 6.208386 -74.487854 -32.070015
v 6.690066 -62.016216 -36.881912
v 10.054485 -61.328465 -40.246334
v 8.291588 -65.220047 -33.194748
v 8.291587 -74.322342 -31.277815
v 8.934642 -63.538799 -33.517498
v 7.330675 -62.214424 -34.798714
v 10.054485 -60.669716 -37.038399
v 11.497076 -61.328465 -40.246334
v 19.991253 -60.636387 -36.881912
v 10.215858 -61.058281 -34.955200
v 10.695092 -62.842396 -33.673981
v 19.991253 -61.048508 -34.955200
v 19.991253 -62.842396 -33.673981
v 3.325644 -70.567261 45.800613
v 13.741648 -63.061455 40.196510
v 13.741648 -62.178688 44.040161
v 3.325644 -71.449860 41.956963
v -13.178587 -67.907913 45.321381
v -14.621180 -67.250610 40.998493
v -13.178587 -68.790512 41.311462
v -14.621180 -66.367859 44.842148
v -5.968069 -74.487854 -32.070015
v 6.208386 -74.487854 -32.070015
v 13.259973 -73.457199 -27.267895
v 8.291587 -74.322342 -31.277815
v 13.259973 -74.322342 -31.277815
v -5.168530 -74.887177 -33.840248
v 5.408849 -74.887177 -33.840248
v -13.019654 -73.457199 -27.267895
v -8.051269 -74.322342 -31.277815
v -13.019654 -74.322342 -31.277815
v -23.435659 -52.440887 41.956963
v -32.088768 -43.123882 35.863846
v -23.435659 -53.323498 38.113312
v -32.088768 -42.241280 39.717278
v -6.608675 -49.617783 -42.652283
v -5.168528 -46.366989 -43.454269
v 5.408851 -46.366989 -43.454269
v -5.168528 -44.938774 -43.767239
v 5.408851 -44.938774 -43.767239
v -5.168527 -36.021561 -42.329536
v 5.408852 -36.021561 -42.329536
v 6.690067 -49.617783 -42.652283
v -6.608676 -62.674961 -39.923588
v -9.975538 -50.964279 -42.329536
v -9.975539 -61.328465 -40.246334
v -11.418131 -50.964279 -42.329536
v -11.418132 -61.328465 -40.246334
v -19.748486 -50.272369 -39.121601
v -19.748487 -60.636387 -36.881912
v 6.690066 -62.674961 -39.923588
v -5.168529 -65.925743 -39.121601
v 10.054485 -61.328465 -40.246334
v 5.408850 -65.925743 -39.121601
v 10.054486 -50.964279 -42.329536
v -5.168530 -67.353973 -38.808632
v 11.497077 -50.964279 -42.329536
v 5.408849 -67.353973 -38.808632
v -5.168530 -74.887177 -33.840248
v 5.408849 -74.887177 -33.840248
v 11.497076 -61.328465 -40.246334
v 19.991255 -50.272369 -39.121601
v 19.991253 -60.636387 -36.881912
v -13.019654 -73.457199 -27.267895
v -19.748487 -67.716446 -32.715515
v -13.019654 -74.322342 -31.277815
v -19.748487 -66.851303 -28.705599
v 19.991253 -67.716446 -32.715515
v 13.259973 -73.457199 -27.267895
v 13.259973 -74.322342 -31.277815
v 19.991253 -66.851303 -28.705599
v -49.074669 -23.614321 -25.028215
v -40.098816 -12.107629 -27.424383
v -40.098816 -13.782782 -35.444210
v -28.242662 -4.953389 -37.204666
v -38.497295 -13.330112 -25.663933
v -28.242662 -3.278246 -29.194611
v -14.621171 0.597002 -38.319614
v -27.120377 -4.840903 -27.424383
v -38.497295 -12.697803 -22.622265
v -47.150398 -23.760780 -20.372799
v -27.120377 -4.208604 -24.382715
v -40.098816 -10.891737 -21.497532
v -54.681221 -35.798187 -16.372662
v -49.074669 -22.398420 -19.091579
v -49.074669 -20.730961 -11.247791
v -28.242662 -2.062336 -23.424244
v -54.522297 -50.469612 -14.768695
v -54.681225 -64.557457 -10.279544
v -56.605492 -50.177822 -13.330993
v -54.681221 -34.130730 -8.362606
v -56.605492 -48.510353 -5.311159
v -52.598019 -34.390953 -6.915124
v -49.074673 -77.957230 -7.560624
v -47.150398 -21.508928 -9.643824
v -38.497299 -88.241585 -6.758641
v -40.098820 -89.463921 -5.154673
v -49.074673 -76.289902 0.459209
v -47.150402 -74.920670 1.574163
v -54.681225 -62.890156 -2.425974
v -54.522297 -48.214882 -4.029941
v -52.598022 -62.038799 -1.144756
v -47.150402 -74.286270 4.615832
v 32.167706 -36.918747 34.426144
v 31.527098 -38.016232 38.749027
v 31.527098 -38.898834 34.905376
v 32.167706 -36.036148 38.436058
v 13.259975 -35.456726 -39.600834
v 19.991255 -42.062454 -38.163132
v 8.291589 -44.559006 -37.683899
v 8.291590 -35.456722 -39.600834
v 10.695093 -46.936642 -37.204666
v 8.934643 -46.240246 -37.361153
v 19.991255 -46.936646 -37.204666
v -19.748486 -42.062454 -38.163132
v -8.051267 -44.559006 -37.683899
v -10.454773 -46.936642 -37.204666
v -19.748486 -46.936638 -37.204666
v -8.691875 -46.240246 -37.361153
v -13.019651 -35.456718 -39.600834
v -8.051266 -35.456722 -39.600834
v 19.991253 -67.716446 -32.715515
v 8.291588 -65.220047 -33.194748
v 10.695092 -62.842396 -33.673981
v 19.991253 -62.842396 -33.673981
v 8.934642 -63.538799 -33.517498
v 13.259973 -74.322342 -31.277815
v 8.291587 -74.322342 -31.277815
v -13.019654 -74.322342 -31.277815
v -19.748487 -67.716446 -32.715515
v -8.051268 -65.220047 -33.194748
v -8.051269 -74.322342 -31.277815
v -10.454774 -62.842396 -33.673981
v -8.691876 -63.538799 -33.517498
v -19.748487 -62.842396 -33.673981
v -13.178587 -67.907913 45.321381
v 0.120156 -65.743073 44.842148
v -8.371576 -60.038052 43.560928
v -13.501335 -62.178688 44.040161
v -14.621180 -66.367859 44.842148
v 1.242443 -69.932220 45.644131
v 3.325644 -70.567261 45.800613
v 8.452959 -60.038052 43.560928
v 13.741648 -62.178688 44.040161
v 0.120156 -61.589172 43.883678
v -16.063770 -55.217377 42.436195
v -26.159470 -57.539886 43.081696
v 0.120157 -57.024086 41.634212
v -23.435659 -52.440887 41.956963
v -26.638706 -55.507568 42.592682
v -8.532950 -56.891884 41.956963
v -21.191084 -47.496040 40.832230
v -32.088768 -42.241280 39.717278
v -9.014628 -48.519814 39.071777
v 0.120158 -48.621574 38.749027
v 8.773264 -56.891884 41.956963
v 16.304083 -55.217377 42.436195
v 9.254944 -48.519814 39.071777
v 0.120158 -39.711098 36.352856
v 16.785763 -65.245361 44.675880
v 18.868963 -64.805344 44.519394
v 23.675974 -52.440887 41.956963
v -17.826666 -47.935093 40.030247
v -9.173558 -39.628246 36.832092
v -17.988039 -39.383083 37.947044
v -22.795052 -39.143040 39.071777
v -27.120382 -39.138710 39.071777
v -31.448158 -40.261200 39.228260
v -21.191082 -30.789881 37.145065
v -29.364956 -26.111347 36.186592
v -23.435658 -25.836536 36.186592
v -27.760988 -24.714062 35.863846
v -17.826664 -30.680912 36.352856
v -16.063766 -23.068705 35.550877
v -18.787577 -13.472079 33.467674
v -9.014627 -30.572435 35.228123
v -13.501331 -16.098581 34.103390
v -16.704376 -13.032066 33.301411
v -8.371572 -18.247881 34.582630
v -3.085328 -7.710164 32.186455
v -8.532948 -21.719326 34.426144
v 0.120159 -30.634926 34.905376
v 0.120161 -12.534355 33.301411
v -1.002127 -8.345196 32.342941
v 0.120160 -16.696760 34.269657
v 0.120160 -21.742073 34.103390
v 8.452963 -18.247883 34.582630
v 13.421349 -10.369513 32.822178
v 13.741652 -16.098583 34.103390
v 14.861495 -11.909583 33.144924
v 8.773267 -21.719328 34.426144
v 16.304087 -23.068708 35.550877
v 26.399784 -20.737532 35.061863
v 9.254945 -30.572437 35.228123
v 23.675976 -25.836540 36.186592
v 26.720089 -22.769867 35.550877
v 21.431398 -30.789885 37.145065
v 32.167706 -36.036148 38.436058
v 17.908052 -30.680912 36.352856
v 9.254944 -39.628246 36.832092
v 18.066980 -39.383087 37.947044
v 17.908051 -47.935097 40.030247
v 21.431396 -47.496044 40.832230
v 23.035364 -39.143044 39.071777
v 27.360695 -39.138718 39.071777
v 31.527098 -38.016232 38.749027
v 29.443895 -52.166084 41.800480
v 28.001305 -53.563389 42.113449
v 18.868963 -64.805344 44.519394
v 23.675974 -53.323498 38.113312
v 23.675974 -52.440887 41.956963
v 18.868963 -65.687958 40.675747
v 36.974716 -30.298908 33.467674
v 27.040394 -13.579282 29.936993
v 0.120162 -2.655386 27.697306
v 19.189272 -7.652161 28.655773
v 9.895556 -3.926094 28.020056
v 20.952168 -3.898053 31.697445
v 10.856469 0.173653 30.895462
v 29.605274 -10.375118 33.144924
v 25.277500 3.539650 30.103256
v 13.098601 8.469278 29.135010
v 35.693504 -4.302173 31.863708
v 0.120162 10.150522 28.812260
v 36.175182 -18.816097 34.905376
v 43.706005 -14.521978 33.946911
v 48.833313 -26.423176 36.509346
v 33.128620 -21.303665 31.540958
v 40.341579 -28.645866 36.832092
v 41.781731 -39.194477 39.071777
v 50.434834 -39.194477 39.071781
v 48.833313 -51.965954 41.800484
v 38.258381 -39.951935 35.550877
v 40.341579 -49.743095 41.311462
v 43.706001 -63.867142 44.196651
v 36.974716 -49.605122 37.467812
v 36.175179 -59.572872 43.394661
v 33.128616 -58.600204 39.394527
v 35.693497 -74.086777 46.446114
v 27.040390 -66.324585 40.998493
v 9.895550 -75.977615 43.081696
v 29.605270 -68.013840 45.164894
v 19.189266 -72.251709 42.279713
v 20.952162 -74.490913 46.446114
v 25.277493 -81.928627 48.050076
v 13.098593 -86.858086 49.008549
v 10.856462 -78.562469 47.404583
v 0.120155 -79.951248 47.561066
v 0.120155 -77.248627 43.238182
v 0.120154 -88.539635 49.487782
v -13.019659 -86.858086 49.008549
v -10.616153 -78.562469 47.404583
v -9.814170 -75.977615 43.081696
v -20.711853 -74.490913 46.446114
v -25.198559 -81.928627 48.050076
v -35.612118 -74.086777 46.446114
v -18.948954 -72.251709 42.279713
v -29.364960 -68.013840 45.164894
v -18.948948 -7.652157 28.655773
v -26.800079 -66.324585 40.998493
v -35.934864 -59.572865 43.394661
v -43.624611 -63.867134 44.196644
v -38.018066 -39.951927 35.550877
v -32.888306 -58.600197 39.394527
v -40.098820 -49.743088 41.311462
v -48.592999 -51.965946 41.800476
v -50.355892 -39.194469 39.071774
v -36.734402 -49.605114 37.467812
v -41.541409 -39.194469 39.071777
v -48.592999 -26.423168 36.509338
v -40.098820 -28.645859 36.832092
v -36.734402 -30.298901 33.467674
v -35.934860 -18.816092 34.905376
v -43.624607 -14.521972 33.946903
v -32.888302 -21.303661 31.540958
v -35.612110 -4.302167 31.863708
v -26.800076 -13.579277 29.936993
v -29.364956 -10.375114 33.144924
v -25.198551 3.539654 30.103256
v -20.711847 -3.898049 31.697445
v -10.616146 0.173653 30.895462
v -13.019650 8.469282 29.135010
v -9.814163 -3.926092 28.020056
v 0.120162 1.562292 30.582493
v -26.159470 -57.539886 43.081696
v -26.638706 -56.390179 38.749027
v -26.159470 -58.422504 39.071777
v -26.638706 -55.507568 42.592682
v 23.675974 -53.323498 38.113312
v 28.001305 -53.563389 42.113449
v 23.675974 -52.440887 41.956963
v 28.001305 -54.445988 38.269794
v 31.527098 -38.898834 34.905376
v 27.360695 -39.138718 39.071777
v 27.360695 -40.021324 35.228123
v 31.527098 -38.016232 38.749027
v 50.114536 -53.666416 -29.986813
v 43.385696 -78.137665 -24.861944
v 0.120164 -4.723933 -40.246334
v 48.351639 -66.333725 -27.424379
v 47.231792 -80.009735 -23.101494
v 52.679409 -67.174179 -25.820408
v 54.921539 -67.448502 -24.059963
v 49.314995 -80.848267 -21.341043
v 54.442310 -53.399937 -28.705597
v 56.845818 -53.068882 -27.111408
v 54.921543 -38.689079 -30.153082
v 38.578682 -91.031868 -20.861805
v 40.180206 -92.354958 -18.935089
v 28.482981 -101.184265 -17.008377
v 35.373196 -88.273964 -22.778746
v 27.201763 -99.489380 -19.091576
v 14.220881 -104.806046 -17.976624
v 14.702559 -106.734627 -15.893424
v 0.120155 -108.627777 -15.570675
v 25.118563 -96.051895 -21.174776
v 13.098595 -100.941292 -20.059826
v 0.120156 -106.619438 -17.653877
v -14.621181 -106.734627 -15.893426
v 0.120156 -102.608948 -19.737076
v -13.980571 -104.806046 -17.976625
v -28.242670 -101.184265 -17.008377
v -12.858282 -100.941292 -20.059826
v -27.120384 -99.489380 -19.091579
v -38.338371 -91.031868 -20.861809
v -40.098820 -92.354958 -18.935093
v -49.074673 -80.848259 -21.341047
v -35.291813 -88.273964 -22.778749
v -24.878254 -96.051895 -21.174780
v -43.145378 -78.137665 -24.861948
v -46.991474 -80.009735 -23.101498
v -54.681225 -67.448494 -24.059967
v -48.272694 -66.333725 -27.424383
v -35.291809 -19.059017 -37.204666
v -52.439095 -67.174164 -25.820412
v -49.874210 -53.666409 -29.986816
v -54.360916 -53.399929 -28.705601
v 0.120165 7.351774 -38.319614
v 11.176779 19.181343 -39.444347
v 11.176778 7.351774 -38.319614
v 0.120165 2.769220 -37.527412
v 11.176777 2.615711 -37.361153
v 11.658456 1.660677 -37.204666
v 12.619370 1.172590 -37.038399
v -12.379040 1.172590 -37.038399
v -11.418127 1.660677 -37.204666
v -10.936447 2.615711 -37.361153
v -10.936446 7.351774 -38.319614
v 0.120166 19.181343 -39.444347
v -10.936445 19.181343 -39.444347
v 0.120167 31.079498 -39.923588
v 11.176779 31.079498 -39.923588
v -10.936445 31.079498 -39.923588
v 11.176784 83.992401 -40.569080
v -10.936440 83.992401 -40.569080
v 0.120171 83.992401 -40.569080
v 43.706005 -14.521978 33.946911
v 49.314999 -12.713347 27.051809
v 35.693504 -4.302173 31.863708
v 40.180210 -1.206821 24.645861
v 28.482986 7.622572 22.885406
v 25.277500 3.539650 30.103256
v 14.702567 13.172974 21.604187
v 13.098601 8.469278 29.135010
v 0.120163 15.066059 21.281441
v 0.120162 10.150522 28.812260
v -13.019650 8.469282 29.135010
v -14.621173 13.172977 21.604187
v -25.198551 3.539654 30.103256
v -28.242664 7.622576 22.885403
v -35.612110 -4.302167 31.863708
v -40.098816 -1.206816 24.645857
v -49.074669 -12.713340 27.051805
v -43.624607 -14.521972 33.946903
v -54.681225 -26.113098 29.936989
v -48.592999 -26.423168 36.509338
v -56.605492 -40.492901 32.822174
v -50.355892 -39.194469 39.071774
v -54.681225 -54.872536 35.863842
v -48.592999 -51.965946 41.800476
v -49.074673 -68.272308 38.749023
v -43.624611 -63.867134 44.196644
v -27.120382 -39.138710 39.071777
v -29.364956 -26.993948 32.342941
v -27.120382 -40.021324 35.228123
v -29.364956 -26.111347 36.186592
v -56.605488 -53.068874 -27.111412
v -54.681221 -38.689072 -30.153086
v -52.439091 -39.625839 -31.590782
v -48.272690 -40.999268 -32.715515
v -43.145374 -29.195171 -35.121468
v -46.991470 -26.790283 -34.319481
v -49.074669 -25.289314 -33.038261
v -40.098816 -13.782782 -35.444210
v -38.338367 -15.768162 -36.559166
v -27.120377 -7.310529 -38.319614
v -28.242662 -4.953389 -37.204666
v -24.878246 -11.281114 -38.965115
v -13.980562 -1.993924 -39.444347
v -14.621171 0.597002 -38.319614
v -12.858274 -6.391708 -39.923588
v 0.120165 -0.180481 -39.923588
v 0.120165 2.490086 -38.808632
v 14.702569 0.596998 -38.319614
v 14.220890 -1.993926 -39.444347
v 28.482988 -4.953393 -37.204666
v 27.201771 -7.310533 -38.319614
v 40.180210 -13.782787 -35.444210
v 13.098603 -6.391710 -39.923588
v 25.118570 -11.281117 -38.965115
v 35.373199 -19.059023 -37.204666
v 38.578686 -15.768167 -36.559166
v 43.385700 -29.195175 -35.121460
v 47.231796 -26.790291 -34.319477
v 49.314999 -25.289322 -33.038261
v 48.351643 -40.999275 -32.715511
v 52.679413 -39.625847 -31.590778
v 0.120161 -43.008842 -24.861946
v -4.525475 -46.267479 -33.996731
v -4.525475 -44.234516 -24.539198
v -8.051267 -47.583050 -23.737213
v 0.120161 -45.041801 -34.153214
v -8.051267 -49.616020 -33.194748
v 4.768241 -46.267479 -33.996731
v -9.334930 -52.157276 -22.778748
v 4.768241 -44.234516 -24.539198
v -9.334930 -54.190235 -32.236282
v 8.132660 -47.583050 -23.737213
v -8.051268 -58.764462 -31.277815
v 8.132660 -49.616020 -33.194748
v -8.051268 -56.731483 -21.820278
v 9.413876 -52.157276 -22.778748
v -4.525476 -60.080017 -21.018293
v 9.413876 -54.190235 -32.236282
v -4.525476 -62.112995 -30.475826
v 0.120159 -61.305710 -20.861807
v 0.120160 -63.338669 -30.309568
v 8.132659 -58.764462 -31.277815
v 8.132659 -56.731483 -21.820278
v 4.768240 -60.080017 -21.018293
v 4.768240 -62.112995 -30.475826
v 0.120159 -61.305710 -20.861807
v 0.120160 -63.338669 -30.309568
v 13.741648 -63.061455 40.196510
v 16.785763 -65.245361 44.675880
v 13.741648 -62.178688 44.040161
v 16.785763 -66.128128 40.832230
v 26.720089 -23.652458 31.697445
v 23.675976 -25.836540 36.186592
v 23.675976 -26.719143 32.342941
v 26.720089 -22.769867 35.550877
v 26.399784 -21.620142 31.218208
v 26.720089 -22.769867 35.550877
v 26.720089 -23.652458 31.697445
v 26.399784 -20.737532 35.061863
v 29.443895 -52.166084 41.800480
v 27.360695 -40.021324 35.228123
v 27.360695 -39.138718 39.071777
v 29.443895 -53.048683 37.947044
v 11.176781 83.992401 16.958553
v 0.120165 31.079498 16.958553
v 11.176777 31.079498 16.958553
v 0.120169 83.992401 16.958553
v -10.936443 83.992401 16.958553
v -10.936447 31.079498 16.958553
v 0.120164 23.307846 17.281303
v 11.176776 23.307846 17.281303
v -10.936448 23.307846 17.281303
v 11.176776 15.555584 17.760538
v -10.936448 15.555584 17.760538
v 0.120163 15.555584 17.760538
v 0.120163 14.376696 17.917023
v 11.176775 14.221266 17.917023
v -10.936449 14.221266 17.917023
v 11.658454 13.248615 18.083284
v 12.619368 12.740656 18.239771
v -11.418129 13.248615 18.083284
v -12.379042 12.740656 18.239771
v -32.088768 -42.241280 39.717278
v -31.448158 -41.143799 35.384609
v -32.088768 -43.123882 35.863846
v -31.448158 -40.261200 39.228260
v 19.991255 -41.197323 -34.153214
v 19.991253 -66.851303 -28.705599
v 19.991255 -49.061432 -37.527412
v 19.991255 -46.936646 -37.204666
v 19.991255 -42.062454 -38.163132
v 19.991253 -61.048508 -34.955200
v 19.991253 -60.636387 -36.881912
v 19.991255 -50.272369 -39.121601
v 19.991253 -62.842396 -33.673981
v 19.991253 -67.716446 -32.715515
v -19.748487 -66.851303 -28.705599
v -19.748486 -41.197319 -34.153214
v -19.748487 -61.048508 -34.955200
v -19.748487 -62.842396 -33.673981
v -19.748487 -67.716446 -32.715515
v -19.748486 -49.061432 -37.527412
v -19.748487 -60.636387 -36.881912
v -19.748486 -50.272369 -39.121601
v -19.748486 -46.936638 -37.204666
v -19.748486 -42.062454 -38.163132
v 10.054486 -50.305702 -39.287865
v 11.497077 -50.964279 -42.329536
v 10.054486 -50.964279 -42.329536
v 19.991255 -50.272369 -39.121601
v 6.690067 -48.959194 -39.600834
v 6.690067 -49.617783 -42.652283
v 10.215859 -49.071037 -37.527412
v 5.408851 -45.708405 -40.402817
v 5.408851 -46.366989 -43.454269
v 5.408851 -44.938774 -43.767239
v 5.408852 -36.021561 -42.329536
v 19.991255 -49.061432 -37.527412
v 7.330676 -47.915070 -37.840385
v 10.695093 -46.936642 -37.204666
v 19.991255 -46.936646 -37.204666
v 8.934643 -46.240246 -37.361153
v 6.208389 -45.123848 -38.485882
v 8.291589 -44.559006 -37.683899
v 6.208389 -35.622086 -40.402817
v 8.291590 -35.456722 -39.600834
v -11.418131 -50.964279 -42.329536
v -9.975538 -50.305702 -39.287865
v -9.975538 -50.964279 -42.329536
v -19.748486 -50.272369 -39.121601
v -6.608675 -48.959194 -39.600834
v -6.608675 -49.617783 -42.652283
v -10.134468 -49.071037 -37.527412
v -19.748486 -49.061432 -37.527412
v -10.454773 -46.936642 -37.204666
v -19.748486 -46.936638 -37.204666
v -8.691875 -46.240246 -37.361153
v -7.251729 -47.915070 -37.840385
v -5.168528 -45.708405 -40.402817
v -5.168528 -46.366989 -43.454269
v -5.168528 -44.938774 -43.767239
v -5.168527 -36.021561 -42.329536
v -5.968066 -45.123848 -38.485882
v -8.051267 -44.559006 -37.683899
v -5.968066 -35.622086 -40.402817
v -8.051266 -35.456722 -39.600834
v -23.435658 -25.836536 36.186592
v -18.787577 -14.354680 29.614243
v -23.435658 -26.719139 32.342941
v -18.787577 -13.472079 33.467674
v 8.291598 90.877937 -11.404274
v 11.176784 87.203629 -40.569080
v 8.291599 90.877937 -40.569080
v 11.176783 87.203629 -11.404273
v 11.176784 83.992401 -40.569080
v 11.176783 84.072540 -33.194748
v 11.176779 31.079498 -39.923588
v 11.176783 85.115692 -32.070015
v 11.176779 31.079498 -33.194748
v 11.176779 19.181343 -39.444347
v 11.176778 19.691708 -32.715515
v 11.176777 8.369617 -31.434301
v 11.176778 7.351774 -38.319614
v 11.176777 4.140404 -30.788795
v 11.176777 2.615711 -37.361153
v 11.658456 3.078171 -30.632311
v 11.658456 1.660677 -37.204666
v 12.619370 1.172590 -37.038399
v 12.619370 2.546804 -30.475826
v 11.176783 85.115692 -28.705599
v 11.176783 85.115692 -17.653877
v 11.176783 85.115692 -14.289456
v 11.176783 84.072540 -18.778610
v 11.176782 84.072540 -13.164723
v 11.176783 84.072540 -27.590649
v 11.176782 83.992401 -6.113138
v 11.176779 31.079498 -18.778610
v 11.176779 31.079498 -27.590649
v 11.176778 20.121799 -27.111410
v 11.176778 20.719166 -18.289593
v 11.176777 9.237316 -25.663931
v 11.176777 10.405626 -17.331123
v 11.176777 7.034012 -16.851891
v 11.015402 5.360622 -25.028214
v 11.658455 5.985563 -16.695406
v 11.497081 4.308321 -24.705460
v 12.619370 3.767843 -24.705460
v 12.619369 5.448601 -16.695406
v 11.176778 31.079498 -13.164723
v 11.176778 31.079498 -0.509036
v 11.176782 83.992401 -0.509036
v 11.176777 21.148769 -12.685491
v 11.176777 22.022236 -0.186286
v 11.176776 12.991749 0.459212
v 11.176777 11.270929 -11.727021
v 11.176776 10.711052 0.615697
v 11.015401 8.258894 -11.247789
v 11.658455 9.658752 0.772182
v 11.497080 7.196661 -10.925039
v 12.619369 9.112818 0.938447
v 12.619369 6.653925 -10.925039
v -10.936440 87.203629 -40.569080
v -8.051257 90.877937 -11.404274
v -8.051256 90.877937 -40.569080
v -10.936441 87.203629 -11.404275
v -10.936441 84.072540 -33.194748
v -10.936440 83.992401 -40.569080
v -10.936445 31.079498 -39.923588
v -10.936441 85.115692 -32.070015
v -10.936445 31.079498 -33.194748
v -10.936445 19.181343 -39.444347
v -10.936446 19.691708 -32.715515
v -10.936447 8.369617 -31.434301
v -10.936446 7.351774 -38.319614
v -10.936447 4.140404 -30.788795
v -10.936447 2.615711 -37.361153
v -11.418127 3.078171 -30.632311
v -11.418127 1.660677 -37.204666
v -12.379040 1.172590 -37.038399
v -12.379040 2.546804 -30.475826
v -10.936441 85.115692 -28.705599
v -10.936441 85.115692 -17.653877
v -10.936441 85.115692 -14.289458
v -10.936441 84.072540 -18.778610
v -10.936442 84.072540 -13.164725
v -10.936441 84.072540 -27.590649
v -10.936442 83.992401 -6.113139
v -10.936445 31.079498 -18.778610
v -10.936445 31.079498 -27.590649
v -10.936446 20.121799 -27.111410
v -10.936446 20.719166 -18.289597
v -10.936447 9.237316 -25.663931
v -10.936447 10.405626 -17.331127
v -10.936447 7.034012 -16.851894
v -10.936447 5.360622 -25.028214
v -11.418128 5.985563 -16.695408
v -11.418127 4.308321 -24.705460
v -12.379040 3.767843 -24.705460
v -12.379041 5.448601 -16.695408
v -10.936446 31.079498 -13.164725
v -10.936446 31.079498 -0.509037
v -10.936442 83.992401 -0.509037
v -10.936447 21.148769 -12.685493
v -10.936447 22.022236 -0.186287
v -10.936448 12.991749 0.459211
v -10.936447 11.270929 -11.727023
v -10.936448 10.711052 0.615696
v -10.936448 8.258894 -11.247789
v -11.418128 9.658752 0.772181
v -11.418128 7.196661 -10.925039
v -12.379041 9.112818 0.938446
v -12.379041 6.653925 -10.925039
v 0.120156 -66.625671 40.998493
v 1.242443 -69.932220 45.644131
v 0.120156 -65.743073 44.842148
v 1.242443 -70.814842 41.800480
v 14.861495 -12.792192 29.301273
v 13.741652 -16.098583 34.103390
v 13.741652 -16.981344 30.259743
v 14.861495 -11.909583 33.144924
v 11.176777 22.481651 5.740567
v 11.176776 15.555584 17.760538
v 11.176776 13.915215 6.542550
v 11.176775 14.221266 17.917023
v 11.176776 23.307846 17.281303
v 11.015401 12.032873 6.699035
v 11.176777 31.079498 16.958553
v 11.658454 13.248615 18.083284
v 11.176777 31.079498 5.417817
v 11.176781 83.992401 16.958553
v 11.176782 83.992401 5.417817
v 11.497080 10.953968 6.865300
v 12.619368 12.740656 18.239771
v 12.619369 10.405952 7.021785
v -10.936448 15.555584 17.760538
v -10.936447 22.481651 5.740565
v -10.936448 13.915215 6.542548
v -10.936448 23.307846 17.281303
v -10.936449 14.221266 17.917023
v -10.936447 31.079498 16.958553
v -10.936448 12.032873 6.699033
v -10.936447 31.079498 5.417815
v -10.936443 83.992401 16.958553
v -10.936442 83.992401 5.417815
v -11.418129 13.248615 18.083284
v -11.418128 10.953968 6.865298
v -12.379042 12.740656 18.239771
v -12.379041 10.405952 7.021783
v 8.291597 83.638268 3.980116
v 8.611902 83.992401 0.615697
v 8.611902 83.992401 4.302865
v 9.734189 83.992401 5.417816
v 8.291597 83.638268 0.938447
v 9.734189 83.992401 -0.509036
v 9.734184 31.079498 5.417816
v 11.176782 83.992401 5.417817
v 11.176777 31.079498 5.417817
v 8.291593 31.079498 3.980116
v 9.734185 31.079498 -0.509036
v 11.176782 83.992401 -0.509036
v 11.176778 31.079498 -0.509036
v 8.291594 31.079498 0.938447
v 11.176777 22.022236 -0.186286
v 8.291593 22.372849 4.302865
v 8.291593 22.130882 1.251417
v 9.734184 22.022236 -0.186286
v 9.734183 12.991749 0.459212
v 11.176776 12.991749 0.459212
v 8.291592 13.208870 1.896914
v 9.734183 10.859423 0.615697
v 11.176776 10.711052 0.615697
v 8.291592 13.698402 5.104848
v 9.093575 9.455723 2.376150
v 8.291592 11.002357 2.219665
v 11.658455 9.658752 0.772182
v 8.291592 11.659986 5.261333
v 9.093575 10.114946 5.584082
v 9.734183 12.129011 6.699034
v 9.734183 13.915215 6.542549
v 11.015401 12.032873 6.699035
v 11.176776 13.915215 6.542550
v 11.497080 10.953968 6.865300
v 11.176777 22.481651 5.740567
v 9.734184 22.481651 5.740566
v 9.895558 9.183636 5.740566
v 11.015401 8.586905 5.906832
v 12.619369 10.405952 7.021785
v 9.895558 8.524414 2.532633
v 11.015401 7.927999 2.698898
v 12.619369 9.112818 0.938447
v -8.212633 83.638268 3.980115
v -8.532938 83.992401 0.615696
v -8.212633 83.638268 0.938446
v -9.655226 83.992401 -0.509037
v -8.532938 83.992401 4.302864
v -9.655226 83.992401 5.417816
v -9.655230 31.079498 -0.509037
v -10.936442 83.992401 -0.509037
v -10.936446 31.079498 -0.509037
v -10.936447 22.022236 -0.186287
v -9.655231 31.079498 5.417816
v -10.936442 83.992401 5.417815
v -10.936447 31.079498 5.417815
v -8.212638 31.079498 3.980115
v -9.655231 22.481651 5.740566
v -10.936447 22.481651 5.740565
v -8.212638 22.372849 4.302864
v -8.212637 31.079498 0.938446
v -9.655231 13.915215 6.542549
v -10.936448 13.915215 6.542548
v -8.212638 22.130882 1.251416
v -8.212639 13.698402 5.104848
v -9.655231 12.129011 6.699034
v -10.936448 12.032873 6.699033
v -9.655231 22.022236 -0.186287
v -8.212639 13.208870 1.896914
v -9.655231 12.991749 0.459211
v -10.936448 12.991749 0.459211
v -9.655231 10.859423 0.615696
v -10.936448 10.711052 0.615696
v -8.212639 11.659986 5.261333
v -8.212639 11.002357 2.219664
v -8.853248 9.455723 2.376149
v -11.418128 9.658752 0.772181
v -8.853248 10.114946 5.584082
v -11.418128 10.953968 6.865298
v -9.655231 9.183636 5.740566
v -10.775074 8.586905 5.906831
v -12.379041 10.405952 7.021783
v -9.655231 8.524414 2.532632
v -10.775074 7.927999 2.698897
v -12.379041 9.112818 0.938446
v 13.421349 -11.252113 28.978523
v 14.861495 -11.909583 33.144924
v 14.861495 -12.792192 29.301273
v 13.421349 -10.369513 32.822178
v 9.734186 31.079498 -18.778610
v 8.291594 20.827332 -16.851892
v 9.734185 20.719166 -18.289595
v 11.176778 20.719166 -18.289593
v 11.176777 10.405626 -17.331123
v 11.176779 31.079498 -18.778610
v 9.734184 10.405626 -17.331125
v 8.291593 10.620836 -15.893425
v 9.734184 7.180798 -16.851892
v 11.176777 7.034012 -16.851891
v 9.734190 84.069328 -18.778610
v 11.176783 84.072540 -18.778610
v 9.093575 5.779018 -15.091442
v 11.658455 5.985563 -16.695406
v 8.291592 7.320515 -15.414190
v 9.734190 85.115692 -17.653877
v 11.176783 85.115692 -17.653877
v 8.291598 82.587097 -17.174641
v 8.291598 83.638268 -15.893425
v 9.734190 85.115692 -14.289457
v 11.176783 85.115692 -14.289456
v 8.291597 82.587097 -14.612207
v 8.291594 31.079498 -17.174641
v 9.734189 84.069328 -13.164724
v 11.176782 84.072540 -13.164723
v 11.176778 31.079498 -13.164723
v 8.291594 31.079498 -14.612207
v 9.734185 31.079498 -13.164724
v 8.291594 21.040611 -14.289457
v 9.734184 21.148769 -12.685492
v 11.176777 21.148769 -12.685491
v 11.176777 11.270929 -11.727021
v 9.734184 11.270929 -11.727022
v 8.291593 11.055571 -13.164724
v 9.734183 8.370586 -11.247789
v 11.015401 8.258894 -11.247789
v 8.291592 7.903790 -12.685492
v 9.093575 6.371582 -12.362741
v 11.497080 7.196661 -10.925039
v 9.895558 5.453085 -12.039991
v 11.015401 4.869654 -12.039990
v 12.619369 6.653925 -10.925039
v 9.895558 4.852819 -14.925175
v 11.015401 4.260416 -14.925174
v 12.619369 5.448601 -16.695406
v 9.734186 31.079498 -27.590649
v 8.291598 82.587097 -29.028351
v 9.734190 84.069328 -27.590649
v 11.176779 31.079498 -27.590649
v 11.176783 84.072540 -27.590649
v 11.176778 20.121799 -27.111410
v 9.734190 85.115692 -28.705599
v 11.176783 85.115692 -28.705599
v 11.176783 85.115692 -32.070015
v 9.734185 20.121799 -27.111410
v 11.176777 9.237316 -25.663931
v 9.734190 85.115692 -32.070015
v 11.176783 84.072540 -33.194748
v 8.291598 83.638268 -30.309568
v 9.734190 84.069328 -33.194748
v 11.176779 31.079498 -33.194748
v 8.291598 82.587097 -31.590780
v 9.734186 31.079498 -33.194748
v 11.176778 19.691708 -32.715515
v 9.734185 19.691708 -32.715515
v 8.291595 31.079498 -31.590780
v 11.176777 8.369617 -31.434301
v 8.291595 31.079498 -29.028351
v 8.291594 19.799709 -31.111547
v 8.291594 20.013790 -28.549112
v 8.291593 9.022274 -27.111410
v 8.291593 8.584658 -29.986814
v 9.734184 8.369617 -31.434301
v 9.734184 4.288132 -30.632311
v 11.176777 4.140404 -30.788795
v 9.734184 9.237316 -25.663931
v 9.734184 5.482088 -25.028214
v 11.015402 5.360622 -25.028214
v 9.093576 2.890045 -28.871866
v 11.658456 3.078171 -30.632311
v 8.291593 5.015627 -26.465916
v 9.093576 3.486618 -26.143164
v 8.291593 4.427065 -29.194609
v 11.497081 4.308321 -24.705460
v 9.895559 2.569241 -25.820410
v 11.015402 1.986443 -25.820410
v 12.619370 3.767843 -24.705460
v 9.895559 1.966103 -28.705599
v 11.015402 1.376095 -28.705599
v 12.619370 2.546804 -30.475826
v -8.212637 20.827332 -16.851892
v -9.655229 31.079498 -18.778610
v -9.655230 20.719166 -18.289595
v -10.936446 20.719166 -18.289597
v -10.936447 10.405626 -17.331127
v -10.936445 31.079498 -18.778610
v -9.655231 10.405626 -17.331125
v -9.655225 84.069328 -18.778610
v -10.936441 84.072540 -18.778610
v -8.212638 10.620836 -15.893425
v -9.655231 7.180798 -16.851892
v -10.936447 7.034012 -16.851894
v -9.655225 85.115692 -17.653877
v -10.936441 85.115692 -17.653877
v -10.936441 85.115692 -14.289458
v -9.014623 5.779018 -15.091442
v -8.212632 82.587097 -17.174641
v -11.418128 5.985563 -16.695408
v -8.212632 83.638268 -15.893425
v -9.655225 85.115692 -14.289457
v -8.212633 82.587097 -14.612207
v -8.212637 31.079498 -17.174641
v -9.655226 84.069328 -13.164724
v -10.936442 84.072540 -13.164725
v -10.936446 31.079498 -13.164725
v -8.212637 31.079498 -14.612207
v -9.655230 31.079498 -13.164724
v -8.212637 21.040611 -14.289457
v -9.655231 21.148769 -12.685492
v -10.936447 21.148769 -12.685493
v -10.936447 11.270929 -11.727023
v -9.655231 11.270929 -11.727022
v -8.212638 11.055571 -13.164724
v -9.655231 8.370586 -11.247789
v -10.936448 8.258894 -11.247789
v -8.212639 7.903790 -12.685492
v -9.014623 6.371582 -12.362741
v -11.418128 7.196661 -10.925039
v -8.212639 7.320515 -15.414190
v -9.814161 5.453085 -12.039991
v -10.775074 4.869654 -12.039991
v -12.379041 6.653925 -10.925039
v -9.814161 4.852819 -14.925175
v -10.775074 4.260416 -14.925175
v -12.379041 5.448601 -16.695408
v -9.655229 31.079498 -27.590649
v -8.212632 82.587097 -29.028351
v -8.212636 31.079498 -29.028351
v -8.212637 20.013790 -28.549112
v -8.212637 19.799709 -31.111547
v -8.212636 31.079498 -31.590780
v -8.212638 9.022274 -27.111410
v -9.655230 19.691708 -32.715515
v -8.212638 8.584658 -29.986814
v -9.655230 20.121799 -27.111410
v -9.655231 9.237316 -25.663931
v -10.936446 20.121799 -27.111410
v -10.936447 9.237316 -25.663931
v -10.936445 31.079498 -27.590649
v -9.655231 5.482088 -25.028214
v -10.936447 5.360622 -25.028214
v -9.655225 84.069328 -27.590649
v -10.936441 84.072540 -27.590649
v -9.655225 85.115692 -28.705599
v -10.936441 85.115692 -28.705599
v -8.212632 83.638268 -30.309568
v -9.655225 85.115692 -32.070015
v -10.936441 85.115692 -32.070015
v -10.936441 84.072540 -33.194748
v -8.212632 82.587097 -31.590780
v -9.655225 84.069328 -33.194748
v -10.936445 31.079498 -33.194748
v -9.655229 31.079498 -33.194748
v -10.936446 19.691708 -32.715515
v -10.936447 8.369617 -31.434301
v -9.655231 8.369617 -31.434301
v -9.655231 4.288132 -30.632311
v -10.936447 4.140404 -30.788795
v -9.014622 2.890045 -28.871866
v -11.418127 3.078171 -30.632311
v -8.212638 4.427065 -29.194609
v -8.212638 5.015627 -26.465916
v -9.014622 3.486618 -26.143164
v -11.418127 4.308321 -24.705460
v -9.814160 2.569241 -25.820410
v -10.775073 1.986443 -25.820410
v -12.379040 3.767843 -24.705460
v -9.814160 1.966103 -28.705599
v -10.775073 1.376095 -28.705599
v -12.379040 2.546804 -30.475826
v 32.167706 -36.036148 38.436058
v 23.675976 -26.719143 32.342941
v 23.675976 -25.836540 36.186592
v 32.167706 -36.918747 34.426144
v -29.364956 -26.111347 36.186592
v -27.760988 -25.596653 32.020195
v -29.364956 -26.993948 32.342941
v -27.760988 -24.714062 35.863846
v -13.501331 -16.098581 34.103390
v -3.085328 -8.592765 28.333025
v -13.501331 -16.981342 30.259743
v -3.085328 -7.710164 32.186455
v -19.748486 -41.197319 -34.153214
v -13.019651 -35.456718 -39.600834
v -19.748486 -42.062454 -38.163132
v -13.019651 -34.591419 -35.600697
v 13.259975 -35.456726 -39.600834
v 19.991255 -41.197323 -34.153214
v 19.991255 -42.062454 -38.163132
v 13.259975 -34.591423 -35.600697
v -3.085328 -8.592765 28.333025
v -1.002127 -8.345196 32.342941
v -1.002127 -9.227797 28.499290
v -3.085328 -7.710164 32.186455
v -18.787577 -13.472079 33.467674
v -16.704376 -13.914667 29.457760
v -18.787577 -14.354680 29.614243
v -16.704376 -13.032066 33.301411
v 26.399784 -20.737532 35.061863
v 13.741652 -16.981344 30.259743
v 13.741652 -16.098583 34.103390
v 26.399784 -21.620142 31.218208
v -13.501335 -63.061455 40.196510
v -14.621180 -66.367859 44.842148
v -13.501335 -62.178688 44.040161
v -14.621180 -67.250610 40.998493
v -1.002127 -9.227797 28.499290
v 0.120161 -12.534355 33.301411
v 0.120161 -13.416957 29.457760
v -1.002127 -8.345196 32.342941
v 0.120161 -12.534355 33.301411
v 13.421349 -11.252113 28.978523
v 0.120161 -13.416957 29.457760
v 13.421349 -10.369513 32.822178
v -52.598019 -33.756405 -3.873456
v -54.522297 -47.580322 -0.988273
v -52.598022 -61.404240 1.896912
v -54.681221 -32.905045 -2.592239
v -47.150398 -20.874538 -6.592376
v -38.497295 -10.447062 -11.883509
v -49.074669 -19.505278 -5.311158
v -54.681221 -30.474680 9.104981
v -38.497295 -9.812673 -8.841841
v -40.098816 -7.998754 -7.717108
v -27.120377 -1.324432 -10.602290
v -56.605492 -47.284851 0.459209
v -56.605492 -44.854485 12.156430
v -27.120377 -1.958980 -13.643960
v -13.980563 3.376846 -14.768693
v -54.681225 -61.664482 3.500879
v -54.681225 -59.234119 15.031836
v -49.074673 -75.064255 6.219798
v -38.497299 -85.348129 7.021782
v -40.098824 -86.570930 8.625749
v -49.074673 -72.633888 17.917021
v -47.150402 -71.197006 19.198236
v -28.242662 -0.395044 -15.414191
v -14.621172 5.155365 -16.695408
v -14.621171 3.488066 -24.539198
v -40.098816 -9.224269 -13.643961
v -13.980563 1.127718 -25.507444
v -12.379040 3.767843 -24.705460
v -10.775073 1.986443 -25.820410
v -10.775073 1.376095 -28.705599
v -13.980562 0.495409 -28.549112
v -12.379040 2.546804 -30.475826
v -14.621171 2.271996 -30.309568
v -12.379040 1.172590 -37.038399
v 0.120165 2.490086 -38.808632
v 0.120165 2.769220 -37.527412
v 12.619370 1.172590 -37.038399
v 14.702569 0.596998 -38.319614
v 14.702569 2.271992 -30.309568
v 12.619370 2.546804 -30.475826
v 28.482988 -3.278250 -29.194607
v 14.220890 0.495405 -28.549112
v 28.482988 -4.953393 -37.204666
v 11.015402 1.376095 -28.705599
v 40.180210 -13.782787 -35.444210
v 14.220889 1.127714 -25.507444
v 11.015402 1.986443 -25.820410
v 12.619370 3.767843 -24.705460
v 14.702569 3.488062 -24.539198
v 14.702568 5.155361 -16.695406
v 12.619369 5.448601 -16.695406
v 28.482988 -0.395048 -15.414189
v 14.220889 3.376842 -14.768691
v 11.015401 4.260416 -14.925174
v 14.220889 4.011400 -11.727021
v 11.015401 4.869654 -12.039990
v 12.619369 6.653925 -10.925039
v 27.360701 -1.958983 -13.643958
v 27.360701 -1.324436 -10.602287
v 14.702568 6.381035 -10.758774
v 28.482988 0.830635 -9.643820
v 14.702568 8.811399 0.772182
v 12.619369 9.112818 0.938447
v 28.482988 3.260990 2.053401
v 14.220889 7.015909 2.855382
v 11.015401 7.927999 2.698898
v 14.220889 7.670647 6.063316
v 27.360701 2.340574 7.188049
v 28.482988 4.584574 8.303001
v 40.180210 -4.244652 10.229719
v 27.360701 1.685837 3.980117
v 38.578686 -6.138380 8.948502
v 49.314999 -15.751336 12.635669
v 40.180210 -5.568395 3.823632
v 38.578686 -6.793118 5.740568
v 47.231796 -17.188217 11.188188
v 52.679413 -30.056152 13.916887
v 47.231796 -17.843113 8.146519
v 49.314999 -17.074921 6.219802
v 40.180210 -7.998759 -7.717104
v 38.737617 -9.812678 -8.841837
v 49.314999 -19.505285 -5.311154
v 38.737617 -10.447067 -11.883505
v 47.390728 -20.874546 -6.592372
v 47.390728 -21.508934 -9.643820
v 52.838345 -33.756413 -3.873452
v 54.921543 -34.130737 -8.362602
v 52.838345 -34.390961 -6.915119
v 8.291590 -35.456722 -39.600834
v 6.208389 -35.622086 -40.402817
v 13.259975 -34.591423 -35.600697
v 13.259975 -35.456726 -39.600834
v -13.019651 -34.591419 -35.600697
v -5.968066 -35.622086 -40.402817
v 5.408852 -36.021561 -42.329536
v -5.168527 -36.021561 -42.329536
v -8.051266 -35.456722 -39.600834
v -13.019651 -35.456718 -39.600834
v 7.330687 87.203629 -36.725430
v 8.291599 90.877937 -40.569080
v 11.176784 87.203629 -40.569080
v 5.567790 89.563957 -36.725430
v 11.176784 83.992401 -40.569080
v 7.330686 83.992401 -36.725430
v -8.051256 90.877937 -40.569080
v -7.090343 87.203629 -36.725430
v -10.936440 87.203629 -40.569080
v -5.488822 89.563957 -36.725430
v -10.936440 83.992401 -40.569080
v -7.090344 83.992401 -36.725430
v 38.578678 -81.592117 24.645861
v 49.314995 -71.310303 24.166624
v 49.314995 -68.272308 38.749031
v 40.180202 -79.778992 41.154980
v 54.921539 -57.910534 21.447708
v 54.921539 -54.872543 35.863850
v 56.845814 -40.492908 32.822182
v 47.231792 -70.542274 22.406176
v 56.845814 -43.530746 18.406036
v 52.679409 -57.674183 19.687254
v 54.921543 -29.151114 15.354589
v 54.921539 -26.113106 29.936996
v 54.601234 -43.865326 16.802069
v 49.314999 -12.713347 27.051809
v 52.679409 -58.329086 16.635807
v 40.180210 -1.206821 24.645861
v 28.482986 7.622572 22.885406
v 14.702568 10.134975 7.188049
v 14.702567 13.172974 21.604187
v 12.619368 12.740656 18.239771
v 0.120163 15.066059 21.281441
v 0.120163 14.376696 17.917023
v -12.379042 12.740656 18.239771
v 12.619369 10.405952 7.021785
v -14.621173 13.172977 21.604187
v 11.015401 8.586905 5.906832
v -14.621172 10.134979 7.188047
v -28.242664 7.622576 22.885403
v -12.379041 10.405952 7.021783
v -28.242662 4.584578 8.302999
v -13.980563 7.670650 6.063314
v -40.098816 -1.206816 24.645857
v -10.775074 8.586905 5.906831
v -10.775074 7.927999 2.698897
v -13.980563 7.015913 2.855381
v -12.379041 9.112818 0.938446
v -27.120377 2.340578 7.188047
v -40.098816 -4.244646 10.229715
v -49.074669 -12.713340 27.051805
v -14.621172 8.811403 0.772181
v -12.379041 6.653925 -10.925039
v -27.120377 1.685841 3.980114
v -38.497295 -6.138374 8.948498
v -49.074669 -15.751328 12.635665
v -54.681221 -29.151106 15.354586
v -54.681225 -26.113098 29.936989
v -56.605492 -40.492901 32.822174
v -28.242662 3.260994 2.053398
v -14.621172 6.381039 -10.758775
v -13.980563 4.011404 -11.727023
v -10.775074 4.869654 -12.039991
v -10.775074 4.260416 -14.925175
v -28.242662 0.830639 -9.643824
v -12.379041 5.448601 -16.695408
v -40.098816 -5.568389 3.823628
v -38.497295 -6.793112 5.740564
v -49.074669 -17.074913 6.219798
v -47.150398 -17.188210 11.188184
v -47.150398 -17.843105 8.146515
v -52.598019 -30.056145 13.916883
v -52.598019 -30.711040 10.708949
v -54.360920 -44.520065 13.594133
v -54.360920 -43.865318 16.802065
v -56.605492 -43.530739 18.406033
v -52.598022 -58.329079 16.635803
v -54.681225 -57.910526 21.447704
v -54.681225 -54.872536 35.863842
v -52.598022 -57.674175 19.687250
v -49.074673 -68.272308 38.749023
v -47.150402 -70.542267 22.406172
v -49.074673 -71.310295 24.166620
v -40.098824 -82.816818 26.572571
v -40.098824 -79.778976 41.154980
v -38.497303 -81.592117 24.645857
v -28.242672 -88.608383 42.915428
v -38.497303 -82.246857 21.604185
v -28.242672 -91.646225 28.499289
v -14.621181 -94.158653 44.196648
v 0.120154 -99.089722 30.103256
v 0.120154 -96.051788 44.519394
v -14.621181 -97.196587 29.614243
v 0.120154 -97.219177 28.020056
v -13.980573 -95.401169 27.531040
v -16.704376 -13.914667 29.457760
v -13.501331 -16.098581 34.103390
v -13.501331 -16.981342 30.259743
v -16.704376 -13.032066 33.301411
v -23.435659 -53.323498 38.113312
v -26.638706 -55.507568 42.592682
v -23.435659 -52.440887 41.956963
v -26.638706 -56.390179 38.749027
v 3.005352 76.929016 13.114901
v 0.120169 83.992401 13.114901
v 7.330684 83.992401 13.114901
v 0.120168 76.929016 13.114901
v -2.923945 76.929016 13.114901
v -7.090346 83.992401 13.114901
v -27.760988 -25.596653 32.020195
v -23.435658 -25.836536 36.186592
v -23.435658 -26.719139 32.342941
v -27.760988 -24.714062 35.863846
v -27.120382 -40.021324 35.228123
v -31.448158 -40.261200 39.228260
v -27.120382 -39.138710 39.071777
v -31.448158 -41.143799 35.384609
v 3.005354 76.929016 -36.725430
v 0.120171 83.992401 -36.725430
v 0.120170 76.929016 -36.725430
v 7.330686 83.992401 -36.725430
v -2.923943 76.929016 -36.725430
v -7.090344 83.992401 -36.725430
v -19.748486 -41.197319 -34.153214
v -13.019654 -73.457199 -27.267895
v 19.991253 -66.851303 -28.705599
v -19.748487 -66.851303 -28.705599
v 13.259973 -73.457199 -27.267895
v -13.019651 -34.591419 -35.600697
v 13.259975 -34.591423 -35.600697
v 19.991255 -41.197323 -34.153214
v 7.330685 87.203629 -11.404274
v 7.330686 83.992401 -36.725430
v 7.330685 83.992401 -6.279404
v 7.330687 87.203629 -36.725430
v 5.567789 89.563957 -11.404274
v 5.567790 89.563957 -36.725430
v -7.090345 87.203629 -11.404274
v -7.090344 83.992401 -36.725430
v -7.090343 87.203629 -36.725430
v -7.090345 83.992401 -6.279405
v -5.488822 89.563957 -36.725430
v -5.488823 89.563957 -11.404274
vn -0.0157 -0.0157 0.9998
vn -0.0157 0.3929 0.9194
vn -0.0156 0.6112 0.7913
vn -0.0157 -0.0185 0.9997
vn -0.0157 0.3909 0.9203
vn -0.0156 0.6119 0.7908
vn -0.0157 0.3937 0.9191
vn -0.0079 0.9614 0.2749
vn -0.0157 0.6100 0.7922
vn -0.0079 0.9607 0.2775
vn -0.0080 0.9628 0.2701
vn -0.0079 0.9633 0.2684
vn -0.0078 0.9612 0.2757
vn -0.0000 1.0000 -0.0000
vn -0.0079 0.9612 0.2757
vn 0.0079 0.9612 0.2757
vn 0.0078 0.9612 0.2757
vn 0.0079 0.9633 0.2684
vn 0.0157 0.6100 0.7922
vn 0.0080 0.9628 0.2701
vn 0.0079 0.9607 0.2775
vn 0.0157 0.6119 0.7907
vn 0.0079 0.9614 0.2749
vn 0.0157 0.3937 0.9191
vn 0.0157 -0.0157 0.9998
vn 0.0156 0.6112 0.7913
vn 0.0157 0.3929 0.9194
vn 0.0157 -0.0187 0.9997
vn 0.0157 0.3908 0.9204
vn -0.4877 0.8730 -0.0001
vn -0.8554 0.5179 -0.0000
vn -0.4877 0.8730 -0.0000
vn -0.8553 0.5181 -0.0000
vn -0.4875 0.8731 -0.0000
vn -0.4876 0.8730 -0.0000
vn 0.4876 0.8730 -0.0000
vn 0.8554 0.5180 -0.0000
vn 0.4875 0.8731 -0.0000
vn 0.8553 0.5181 -0.0000
vn 0.8556 0.5177 -0.0000
vn 0.4878 0.8729 -0.0000
vn -0.4411 0.8975 -0.0000
vn -0.4407 0.8977 -0.0000
vn 0.4407 0.8977 -0.0000
vn 0.4410 0.8975 -0.0000
vn -0.4418 -0.8431 -0.3067
vn -0.4414 -0.6532 0.6152
vn -0.2279 -0.7370 0.6363
vn -0.0003 -0.7635 0.6458
vn -0.2282 -0.7342 0.6394
vn -0.2295 -0.7548 0.6145
vn -0.0001 -0.7667 0.6420
vn -0.2295 -0.7583 0.6102
vn -0.0002 -0.7873 0.6166
vn 0.0001 -0.9632 -0.2687
vn 0.0001 -0.7886 0.6149
vn -0.2292 -0.7594 0.6088
vn -0.2280 -0.7363 0.6371
vn -0.4417 -0.6528 0.6154
vn -0.4496 -0.6685 0.5924
vn -0.2284 -0.7350 0.6385
vn -0.4501 -0.6671 0.5936
vn -0.2302 -0.7558 0.6130
vn -0.4397 -0.6585 0.6108
vn -0.6368 -0.5329 0.5572
vn -0.4478 -0.6756 0.5858
vn -0.0000 -0.9633 -0.2685
vn -0.2293 -0.7593 0.6090
vn -0.2277 -0.9342 -0.2748
vn -0.2275 -0.9342 -0.2749
vn -0.2292 -0.7594 0.6089
vn -0.4492 -0.6701 0.5910
vn 0.0001 -0.9636 -0.2673
vn -0.2276 -0.9345 -0.2736
vn -0.2287 -0.9238 -0.3070
vn -0.2273 -0.9342 -0.2749
vn -0.4490 -0.6702 0.5910
vn -0.4401 -0.8494 -0.2910
vn -0.4405 -0.8493 -0.2909
vn -0.4493 -0.6698 0.5912
vn -0.6385 -0.5281 0.5598
vn -0.2288 -0.9233 -0.3085
vn -0.2275 -0.9339 -0.2758
vn -0.4403 -0.8491 -0.2919
vn -0.0007 -0.9617 -0.2741
vn -0.2295 -0.9220 -0.3120
vn -0.0004 -0.9505 -0.3108
vn -0.2275 -0.7235 0.6518
vn 0.0005 -0.9515 -0.3076
vn -0.2283 -0.9235 -0.3083
vn -0.2275 -0.7238 0.6514
vn 0.0004 -0.7496 0.6619
vn -0.2293 -0.9228 -0.3095
vn -0.4407 -0.8487 -0.2925
vn -0.4321 -0.8390 -0.3307
vn -0.0004 -0.7440 0.6682
vn -0.2286 -0.7186 0.6568
vn -0.2286 -0.7429 0.6292
vn 0.0001 -0.7513 0.6599
vn -0.2283 -0.7510 0.6196
vn 0.0003 -0.7776 0.6288
vn 0.0002 -0.9632 -0.2688
vn 0.0001 -0.7749 0.6321
vn -0.2283 -0.7488 0.6222
vn -0.4317 -0.6392 0.6365
vn -0.2265 -0.7237 0.6519
vn -0.2272 -0.9236 -0.3088
vn -0.4328 -0.6373 0.6376
vn -0.2289 -0.9236 -0.3076
vn -0.4316 -0.8398 -0.3294
vn -0.2274 -0.7241 0.6511
vn -0.4405 -0.6627 0.6056
vn -0.2281 -0.7500 0.6209
vn -0.2286 -0.7197 0.6556
vn -0.4337 -0.6347 0.6396
vn -0.4415 -0.6584 0.6096
vn -0.0001 -0.9634 -0.2682
vn -0.2286 -0.7484 0.6227
vn -0.2277 -0.9342 -0.2745
vn -0.2272 -0.9342 -0.2752
vn -0.2282 -0.7488 0.6222
vn -0.4408 -0.6620 0.6061
vn 0.0001 -0.9522 -0.3055
vn 0.0002 -0.9638 -0.2666
vn -0.2275 -0.9346 -0.2733
vn -0.4326 -0.6372 0.6378
vn -0.6305 -0.5201 0.5761
vn -0.4408 -0.6612 0.6070
vn -0.6150 -0.5033 0.6070
vn -0.4336 -0.6369 0.6375
vn -0.4325 -0.8394 -0.3293
vn -0.4331 -0.6366 0.6381
vn -0.6149 -0.5036 0.6069
vn -0.6311 -0.5197 0.5759
vn -0.2281 -0.9342 -0.2743
vn -0.4413 -0.6612 0.6067
vn -0.4408 -0.8493 -0.2907
vn -0.4397 -0.8495 -0.2914
vn -0.4406 -0.6621 0.6062
vn -0.6304 -0.5212 0.5752
vn -0.0000 -0.9517 -0.3070
vn -0.2277 -0.9341 -0.2750
vn -0.2284 -0.9212 -0.3151
vn -0.2282 -0.9211 -0.3153
vn -0.2276 -0.9341 -0.2752
vn -0.4403 -0.8492 -0.2914
vn -0.2296 -0.7184 0.6566
vn -0.0007 -0.9521 -0.3057
vn -0.2289 -0.9213 -0.3143
vn -0.2296 -0.7184 0.6567
vn -0.0006 -0.7488 0.6628
vn -0.0006 -0.9520 -0.3061
vn -0.2277 -0.9221 -0.3127
vn -0.4399 -0.8503 -0.2891
vn -0.4337 -0.8383 -0.3305
vn 0.0005 -0.7542 0.6567
vn -0.2284 -0.7235 0.6515
vn -0.2273 -0.7504 0.6207
vn -0.0000 -0.7487 0.6629
vn -0.2274 -0.7444 0.6278
vn -0.0001 -0.7741 0.6330
vn -0.0003 -0.9786 0.2056
vn -0.0002 -0.7744 0.6327
vn -0.2275 -0.7445 0.6276
vn 0.0001 -0.9788 0.2050
vn -0.2273 -0.7450 0.6271
vn -0.2599 -0.9454 0.1968
vn -0.2602 -0.9453 0.1966
vn -0.2277 -0.7451 0.6269
vn -0.4413 -0.6616 0.6062
vn -0.2305 -0.7129 0.6623
vn -0.4426 -0.6551 0.6123
vn -0.2288 -0.7367 0.6364
vn -0.2593 -0.9455 0.1969
vn -0.4406 -0.6620 0.6064
vn -0.4950 -0.8499 0.1809
vn -0.4413 -0.6615 0.6063
vn -0.7080 -0.6920 0.1414
vn -0.4958 -0.8494 0.1808
vn -0.4339 -0.6357 0.6384
vn -0.2305 -0.7184 0.6563
vn -0.2299 -0.9212 -0.3140
vn -0.2278 -0.7263 0.6486
vn -0.4309 -0.6432 0.6330
vn -0.4401 -0.6685 0.5995
vn -0.4326 -0.6371 0.6379
vn -0.2283 -0.9214 -0.3144
vn -0.4345 -0.8375 -0.3312
vn -0.4405 -0.6621 0.6063
vn -0.6276 -0.5189 0.5804
vn -0.7073 -0.6927 0.1412
vn -0.4340 -0.6339 0.6402
vn -0.6292 -0.5146 0.5825
vn -0.4421 -0.6571 0.6105
vn -0.7078 -0.6920 0.1420
vn -0.6277 -0.5179 0.5812
vn -0.7694 -0.3376 0.5422
vn -0.7078 -0.6921 0.1416
vn -0.7696 -0.3377 0.5420
vn -0.8665 -0.4885 0.1025
vn -0.7699 -0.3374 0.5417
vn -0.9664 -0.2510 0.0549
vn -0.8668 -0.4881 0.1023
vn -0.4314 -0.6418 0.6341
vn -0.6129 -0.5078 0.6055
vn -0.6267 -0.5218 0.5787
vn -0.6150 -0.5034 0.6069
vn -0.4336 -0.6371 0.6373
vn -0.4353 -0.8370 -0.3317
vn -0.6278 -0.5194 0.5797
vn -0.7534 -0.3230 0.5728
vn -0.7695 -0.3389 0.5413
vn -0.6283 -0.5183 0.5802
vn -0.6149 -0.5044 0.6063
vn -0.7540 -0.3221 0.5725
vn -0.7698 -0.3382 0.5413
vn -0.8583 -0.1344 0.4952
vn -0.9663 -0.2518 0.0543
vn -0.7532 -0.3239 0.5725
vn -0.8574 -0.1356 0.4965
vn -0.7693 -0.3399 0.5410
vn -0.8580 -0.1340 0.4958
vn -1.0000 -0.0003 -0.0001
vn -0.9663 -0.2516 0.0549
vn -0.7551 -0.5246 -0.3933
vn -0.7544 -0.3198 0.5732
vn -0.6163 -0.5030 0.6060
vn -0.7537 -0.3190 0.5747
vn -0.8419 -0.1155 0.5271
vn -0.8581 -0.1313 0.4964
vn -0.8418 -0.1183 0.5267
vn -0.7536 -0.3222 0.5729
vn -0.7539 -0.5265 -0.3930
vn -0.8420 -0.1174 0.5266
vn -0.8893 0.0949 0.4474
vn -0.8584 -0.1333 0.4953
vn -0.8578 -0.1338 0.4962
vn -0.8887 0.0944 0.4487
vn -1.0000 -0.0001 0.0003
vn -1.0000 -0.0002 -0.0007
vn -0.8892 0.0943 0.4476
vn -0.8577 0.3223 0.4005
vn -1.0000 0.0003 0.0001
vn -0.8572 0.3228 0.4013
vn -0.9663 0.2517 -0.0549
vn -0.8574 0.3222 0.4013
vn -0.8668 0.4881 -0.1023
vn -0.9664 0.2510 -0.0549
vn -0.8887 0.0938 0.4488
vn -0.8388 0.3210 0.4398
vn -0.8571 0.3220 0.4021
vn -0.8414 -0.1190 0.5271
vn -0.8696 0.1020 0.4830
vn -0.8885 0.0936 0.4491
vn -0.8891 0.0965 0.4475
vn -0.8700 0.1051 0.4817
vn -0.8394 0.3235 0.4368
vn -0.8696 0.1023 0.4831
vn -0.8410 -0.1184 0.5279
vn -0.8391 -0.3221 -0.4384
vn -0.8415 -0.1183 0.5272
vn -0.7540 -0.5266 -0.3926
vn -0.8390 -0.3219 -0.4388
vn -0.8423 0.1176 -0.5260
vn -0.8388 0.3209 0.4399
vn -0.8692 0.1022 0.4837
vn -0.8567 0.3234 0.4019
vn -0.8384 0.3223 0.4396
vn -0.7536 0.5271 0.3928
vn -0.7540 0.5266 0.3927
vn -0.8390 0.3218 0.4388
vn -0.8415 0.1183 -0.5271
vn 0.8716 -0.1020 -0.4795
vn 0.8578 0.1339 -0.4963
vn 0.8886 -0.0943 -0.4489
vn 0.8890 -0.0944 -0.4480
vn 0.8582 0.1339 -0.4956
vn 0.8667 0.3152 0.3866
vn 0.8713 -0.1016 -0.4801
vn 0.8425 -0.1176 0.5257
vn 0.8722 0.1026 0.4783
vn 0.8412 -0.3216 -0.4347
vn 0.8714 -0.1010 -0.4801
vn 0.8883 -0.0934 -0.4498
vn 0.8728 -0.1017 -0.4773
vn 0.8427 -0.3223 -0.4312
vn 0.8408 -0.1174 0.5284
vn 0.8886 -0.0945 -0.4488
vn 0.8671 0.3152 0.3858
vn 0.8975 0.0865 0.4325
vn 0.8970 0.0860 0.4336
vn 0.8665 0.3148 0.3874
vn 0.8494 0.3221 0.4180
vn 0.8974 0.0862 0.4327
vn 0.8498 0.3222 0.4171
vn 0.8841 0.0944 0.4576
vn 0.8664 -0.1330 0.4814
vn 0.8970 0.0873 0.4333
vn 0.8838 0.0955 0.4580
vn 0.8594 -0.3154 -0.4024
vn 0.8887 -0.0944 -0.4486
vn 0.8974 0.0865 0.4327
vn 0.8597 -0.3155 -0.4018
vn 0.8971 0.0865 0.4332
vn 0.8664 -0.1340 0.4810
vn 0.8418 -0.3230 -0.4325
vn 0.8888 -0.0949 -0.4484
vn 0.8595 -0.3158 -0.4019
vn 0.7542 -0.5271 -0.3916
vn 0.8418 -0.3234 -0.4321
vn 0.8597 -0.3161 -0.4013
vn 0.7552 -0.5249 -0.3927
vn 0.8420 -0.1165 0.5268
vn 0.8421 -0.3210 -0.4334
vn 0.7720 -0.5278 -0.3542
vn 0.8596 -0.3155 -0.4018
vn 0.8665 -0.1339 0.4809
vn 0.7543 -0.5247 -0.3947
vn 0.8598 -0.3135 -0.4031
vn 0.7719 -0.5260 -0.3570
vn 0.7718 -0.5275 -0.3549
vn 0.8669 -0.1338 0.4802
vn 0.7808 -0.3468 0.5198
vn 0.8663 -0.1348 0.4810
vn 0.7628 -0.3393 0.5505
vn 0.7801 -0.3479 0.5199
vn 0.6391 -0.5256 0.5614
vn 0.7810 -0.3447 0.5207
vn 0.7639 -0.3363 0.5508
vn 0.6388 -0.5305 0.5572
vn 0.7632 -0.3402 0.5494
vn 0.6229 -0.5143 0.5895
vn 0.6288 -0.7074 -0.3227
vn 0.7718 -0.5276 -0.3549
vn 0.7806 -0.3470 0.5199
vn 0.6291 -0.7075 -0.3219
vn 0.7803 -0.3466 0.5205
vn 0.6384 -0.5280 0.5601
vn 0.6164 -0.7021 -0.3564
vn 0.7546 -0.5255 -0.3931
vn 0.7723 -0.5269 -0.3549
vn 0.6162 -0.7032 -0.3547
vn 0.7721 -0.5280 -0.3537
vn 0.6291 -0.7078 -0.3213
vn 0.6391 -0.5242 0.5629
vn 0.6239 -0.5087 0.5932
vn 0.4421 -0.6497 0.6185
vn 0.4419 -0.8429 -0.3071
vn 0.4418 -0.6536 0.6145
vn 0.6231 -0.5118 0.5915
vn 0.4315 -0.8389 -0.3316
vn 0.6162 -0.7022 -0.3568
vn 0.6288 -0.7067 -0.3243
vn 0.4408 -0.8492 -0.2907
vn 0.6292 -0.7073 -0.3222
vn 0.6387 -0.5278 0.5599
vn 0.4322 -0.8394 -0.3296
vn 0.6294 -0.7072 -0.3219
vn 0.4409 -0.8491 -0.2910
vn 0.6384 -0.5295 0.5587
vn 0.4411 -0.6552 0.6133
vn 0.4491 -0.6715 0.5894
vn 0.4394 -0.8497 -0.2916
vn 0.6381 -0.5293 0.5592
vn 0.4486 -0.6706 0.5908
vn 0.4418 -0.8431 -0.3067
vn 0.2278 -0.7371 0.6363
vn 0.4414 -0.6532 0.6152
vn 0.4494 -0.6682 0.5929
vn 0.4417 -0.6524 0.6158
vn 0.2280 -0.7359 0.6375
vn 0.2271 -0.9342 -0.2752
vn 0.4399 -0.8495 -0.2913
vn 0.4489 -0.6704 0.5907
vn 0.4496 -0.6686 0.5923
vn 0.2279 -0.7364 0.6370
vn 0.2297 -0.7577 0.6109
vn 0.2278 -0.9341 -0.2748
vn 0.4493 -0.6699 0.5911
vn 0.2295 -0.7593 0.6090
vn 0.2295 -0.7534 0.6162
vn 0.2285 -0.7331 0.6406
vn 0.0006 -0.7622 0.6473
vn 0.2295 -0.7585 0.6100
vn -0.0000 -0.7669 0.6418
vn 0.0001 -0.7876 0.6162
vn -0.0000 -0.9632 -0.2686
vn 0.2293 -0.7594 0.6089
vn -0.0000 -0.7886 0.6149
vn -0.0001 -0.9632 -0.2686
vn 0.2275 -0.9342 -0.2749
vn 0.2292 -0.7594 0.6089
vn 0.0002 -0.9512 -0.3085
vn 0.2279 -0.9336 -0.2766
vn 0.0003 -0.9626 -0.2708
vn 0.2293 -0.9229 -0.3092
vn 0.4408 -0.8487 -0.2921
vn 0.2281 -0.9335 -0.2766
vn 0.0002 -0.9511 -0.3088
vn 0.2292 -0.9229 -0.3094
vn 0.2278 -0.9335 -0.2770
vn 0.2293 -0.9228 -0.3095
vn 0.4320 -0.8391 -0.3306
vn 0.4407 -0.8487 -0.2925
vn 0.1811 -0.5197 0.8349
vn -0.0000 -0.5454 0.8382
vn 0.0001 -0.5454 0.8382
vn -0.0000 -0.5453 0.8382
vn -0.1811 -0.5196 0.8350
vn 0.1812 -0.5183 0.8358
vn 0.0001 -0.5441 0.8391
vn -0.0001 -0.5453 0.8382
vn -0.1812 -0.5195 0.8350
vn -0.1812 -0.5196 0.8350
vn 0.3534 -0.4563 0.8166
vn 0.1810 -0.5205 0.8345
vn 0.1810 -0.5205 0.8344
vn -0.1812 -0.5187 0.8355
vn -0.3536 -0.4544 0.8176
vn -0.1813 -0.5186 0.8355
vn 0.3537 -0.4538 0.8179
vn 0.3539 -0.4538 0.8178
vn 0.1815 -0.5181 0.8359
vn -0.1813 -0.5197 0.8349
vn -0.3536 -0.4555 0.8170
vn 0.4967 -0.3459 0.7960
vn 0.3538 -0.4549 0.8173
vn 0.3538 -0.4548 0.8173
vn -0.3538 -0.4536 0.8179
vn -0.4967 -0.3446 0.7966
vn -0.3540 -0.4536 0.8179
vn 0.4961 -0.3474 0.7957
vn 0.4961 -0.3475 0.7957
vn 0.3531 -0.4563 0.8168
vn -0.3533 -0.4567 0.8165
vn -0.4962 -0.3479 0.7955
vn -0.4966 -0.3466 0.7958
vn -0.6145 -0.1968 0.7640
vn -0.4964 -0.3461 0.7961
vn -0.6143 -0.1964 0.7642
vn 0.4964 -0.3465 0.7960
vn 0.6143 -0.1967 0.7642
vn 0.4966 -0.3470 0.7957
vn 0.6145 -0.1972 0.7639
vn 0.6148 -0.1970 0.7637
vn 0.6832 -0.0314 0.7296
vn 0.6148 -0.1969 0.7637
vn 0.6141 -0.1972 0.7642
vn 0.6826 -0.0318 0.7301
vn 0.6831 -0.0317 0.7297
vn 0.7081 0.1412 0.6918
vn 0.6831 -0.0317 0.7296
vn 0.6826 -0.0319 0.7301
vn 0.7077 0.1410 0.6923
vn 0.7082 0.1431 0.6914
vn 0.6850 0.3242 0.6524
vn 0.7076 0.1411 0.6924
vn 0.6847 0.3223 0.6537
vn 0.2284 -0.9235 -0.3083
vn -0.0005 -0.9516 -0.3074
vn -0.0005 -0.7495 0.6620
vn 0.2283 -0.9311 -0.2844
vn -0.0005 -0.7678 0.6407
vn 0.2271 -0.7382 0.6352
vn 0.4397 -0.8437 -0.3081
vn 0.2272 -0.9311 -0.2855
vn 0.2263 -0.7387 0.6349
vn 0.2289 -0.9311 -0.2841
vn 0.0001 -0.9591 -0.2831
vn 0.0001 -0.7676 0.6410
vn 0.2296 -0.9302 -0.2864
vn 0.4421 -0.8421 -0.3088
vn 0.4503 -0.8510 -0.2703
vn 0.4392 -0.8457 -0.3032
vn 0.6361 -0.7122 -0.2969
vn 0.4477 -0.8547 -0.2627
vn 0.6387 -0.7088 -0.2994
vn 0.4962 -0.8491 0.1811
vn 0.4503 -0.8518 -0.2679
vn 0.4493 -0.8521 -0.2684
vn 0.4952 -0.8498 0.1807
vn 0.2596 -0.9455 0.1967
vn 0.2286 -0.9314 -0.2832
vn 0.4493 -0.8524 -0.2674
vn 0.2288 -0.9404 -0.2515
vn 0.0002 -0.9586 -0.2846
vn 0.2291 -0.9307 -0.2853
vn 0.2292 -0.9395 -0.2545
vn 0.4497 -0.8520 -0.2681
vn 0.2601 -0.9453 0.1970
vn 0.2291 -0.9400 -0.2526
vn -0.0000 -0.9592 -0.2828
vn 0.2291 -0.9401 -0.2525
vn -0.0000 -0.9698 -0.2441
vn -0.0000 -0.9697 -0.2442
vn 0.2291 -0.9400 -0.2527
vn 0.2600 -0.9453 0.1970
vn -0.0003 -0.9695 -0.2449
vn 0.2597 -0.9455 0.1965
vn -0.0002 -0.9788 0.2048
vn 0.2284 -0.9234 -0.3084
vn -0.0004 -0.7496 0.6619
vn 0.2275 -0.7236 0.6516
vn 0.4317 -0.8399 -0.3289
vn 0.2289 -0.9237 -0.3073
vn 0.2277 -0.7226 0.6527
vn 0.2285 -0.7420 0.6302
vn 0.2288 -0.7179 0.6575
vn 0.0005 -0.7432 0.6691
vn 0.2282 -0.7517 0.6188
vn -0.0002 -0.7520 0.6592
vn -0.0004 -0.7784 0.6277
vn -0.0001 -0.9632 -0.2687
vn 0.2284 -0.7487 0.6223
vn -0.0000 -0.7748 0.6322
vn -0.0000 -0.9634 -0.2682
vn 0.2277 -0.9342 -0.2745
vn 0.2285 -0.7484 0.6227
vn -0.0000 -0.9518 -0.3068
vn 0.2277 -0.9342 -0.2748
vn 0.4406 -0.6633 0.6049
vn 0.2275 -0.7246 0.6505
vn 0.2281 -0.7508 0.6200
vn 0.2277 -0.9343 -0.2743
vn 0.4409 -0.6614 0.6068
vn 0.2283 -0.7483 0.6229
vn -0.0003 -0.9527 -0.3040
vn 0.2280 -0.9220 -0.3128
vn 0.2275 -0.9351 -0.2717
vn 0.4415 -0.6578 0.6102
vn 0.4338 -0.6342 0.6400
vn 0.2287 -0.7192 0.6561
vn 0.4300 -0.8401 -0.3305
vn 0.2267 -0.7241 0.6514
vn 0.4319 -0.6392 0.6363
vn 0.2289 -0.9214 -0.3142
vn 0.0006 -0.9521 -0.3058
vn 0.0005 -0.7486 0.6630
vn 0.4325 -0.8394 -0.3290
vn 0.4334 -0.6368 0.6377
vn 0.6148 -0.5032 0.6073
vn 0.4300 -0.8403 -0.3302
vn 0.6136 -0.5056 0.6066
vn 0.6150 -0.7041 -0.3551
vn 0.7544 -0.5260 -0.3927
vn 0.6165 -0.7027 -0.3552
vn 0.6148 -0.5038 0.6067
vn 0.6312 -0.5177 0.5776
vn 0.6153 -0.5018 0.6079
vn 0.4335 -0.6345 0.6399
vn 0.6309 -0.5202 0.5756
vn 0.4330 -0.6373 0.6375
vn 0.4411 -0.6614 0.6066
vn 0.7536 -0.5273 -0.3926
vn 0.6136 -0.5050 0.6070
vn 0.7532 -0.3230 0.5730
vn 0.6307 -0.5202 0.5759
vn 0.7536 -0.3216 0.5733
vn 0.6145 -0.5041 0.6069
vn 0.7541 -0.5267 -0.3924
vn 0.7532 -0.3220 0.5736
vn 0.8413 -0.1183 0.5274
vn 0.4401 -0.8495 -0.2910
vn 0.6306 -0.5207 0.5755
vn 0.4408 -0.6617 0.6065
vn 0.2277 -0.9341 -0.2750
vn 0.4405 -0.8492 -0.2913
vn 0.4412 -0.6617 0.6062
vn 0.2287 -0.9206 -0.3166
vn 0.4409 -0.8486 -0.2925
vn 0.2281 -0.9334 -0.2771
vn 0.8582 -0.1372 0.4947
vn 0.8415 -0.1213 0.5265
vn 0.7538 -0.3257 0.5706
vn 0.8569 -0.1338 0.4978
vn 0.8708 0.1020 0.4810
vn 0.8408 -0.1182 0.5283
vn 0.8581 -0.1340 0.4957
vn 0.8890 0.0943 0.4481
vn 0.8719 0.1020 0.4789
vn 0.8583 -0.1315 0.4960
vn 0.7538 -0.3193 0.5742
vn 0.7696 -0.3349 0.5437
vn 0.6315 -0.5160 0.5788
vn 0.7704 -0.3340 0.5431
vn 0.7548 -0.3183 0.5736
vn 0.8599 -0.3152 -0.4015
vn 0.8885 0.0946 0.4489
vn 0.8577 -0.1336 0.4965
vn 0.8592 -0.3157 -0.4027
vn 0.8582 -0.1344 0.4954
vn 0.7697 -0.3381 0.5415
vn 0.8596 -0.3155 -0.4019
vn 0.8890 -0.0945 -0.4480
vn 0.8887 0.0944 0.4487
vn 0.6285 -0.7080 -0.3221
vn 0.7693 -0.3382 0.5420
vn 0.6302 -0.5207 0.5760
vn 0.4411 -0.8490 -0.2908
vn 0.6294 -0.7071 -0.3224
vn 0.6312 -0.5199 0.5756
vn 0.6289 -0.7074 -0.3227
vn 0.7696 -0.5261 -0.3618
vn 0.7698 -0.3379 0.5415
vn 0.7694 -0.3376 0.5422
vn 0.7699 -0.5263 -0.3610
vn 0.4321 -0.8408 -0.3261
vn 0.6262 -0.7115 -0.3188
vn 0.4382 -0.8531 -0.2832
vn 0.2277 -0.9222 -0.3125
vn 0.4337 -0.8384 -0.3303
vn 0.4399 -0.8503 -0.2888
vn 0.6162 -0.7032 -0.3546
vn 0.7699 -0.5266 -0.3605
vn 0.6292 -0.7078 -0.3212
vn 0.4344 -0.8366 -0.3336
vn 0.6162 -0.7022 -0.3567
vn 0.6288 -0.7068 -0.3241
vn 0.7536 -0.5265 -0.3935
vn 0.8590 -0.3155 -0.4033
vn 0.7692 -0.5263 -0.3624
vn 0.6164 -0.7014 -0.3579
vn 0.7546 -0.5247 -0.3940
vn 0.7700 -0.5247 -0.3630
vn 0.4355 -0.8372 -0.3309
vn 0.6148 -0.5033 0.6072
vn 0.6168 -0.7025 -0.3550
vn 0.7529 -0.5287 -0.3920
vn 0.6138 -0.7046 -0.3560
vn 0.6127 -0.5061 0.6070
vn 0.2283 -0.9213 -0.3148
vn 0.4327 -0.6374 0.6376
vn 0.4345 -0.8374 -0.3316
vn 0.4353 -0.8370 -0.3316
vn 0.4336 -0.6370 0.6374
vn 0.6151 -0.5034 0.6069
vn 0.2300 -0.9213 -0.3136
vn 0.2304 -0.7181 0.6567
vn 0.4337 -0.6355 0.6388
vn 0.2289 -0.9212 -0.3145
vn 0.0005 -0.7488 0.6628
vn 0.2296 -0.7186 0.6565
vn 0.4400 -0.6685 0.5996
vn 0.4309 -0.6431 0.6331
vn 0.2277 -0.7262 0.6487
vn 0.2273 -0.7492 0.6221
vn 0.2286 -0.7225 0.6525
vn -0.0003 -0.7531 0.6580
vn 0.4428 -0.6561 0.6111
vn 0.2306 -0.7139 0.6612
vn 0.2289 -0.7380 0.6348
vn 0.2276 -0.7421 0.6305
vn 0.0002 -0.7467 0.6652
vn 0.0004 -0.7714 0.6364
vn 0.0002 -0.9787 0.2054
vn 0.2275 -0.7447 0.6274
vn 0.0002 -0.7746 0.6325
vn -0.0000 -0.9787 0.2052
vn 0.2599 -0.9453 0.1970
vn 0.2274 -0.7449 0.6273
vn 0.2599 -0.9452 0.1974
vn 0.2272 -0.7446 0.6277
vn 0.2597 -0.9455 0.1966
vn 0.4953 -0.8498 0.1805
vn 0.4409 -0.6621 0.6061
vn 0.7069 -0.6931 0.1410
vn 0.4404 -0.6625 0.6059
vn 0.4945 -0.8503 0.1803
vn 0.6302 -0.5119 0.5838
vn 0.4349 -0.6311 0.6424
vn 0.4428 -0.6537 0.6137
vn 0.7076 -0.6923 0.1416
vn 0.6278 -0.5183 0.5808
vn 0.6265 -0.5234 0.5776
vn 0.6125 -0.5091 0.6047
vn 0.4312 -0.6433 0.6327
vn 0.7073 -0.6925 0.1417
vn 0.7694 -0.3383 0.5418
vn 0.6275 -0.5184 0.5810
vn 0.7681 -0.3420 0.5413
vn 0.6132 -0.5088 0.6042
vn 0.6268 -0.5233 0.5772
vn 0.7083 -0.6916 0.1413
vn 0.8669 -0.4879 0.1021
vn 0.7700 -0.3372 0.5417
vn 0.9664 -0.2510 0.0554
vn 0.7695 -0.3373 0.5423
vn 0.8668 -0.4880 0.1028
vn 0.7699 -0.3335 0.5442
vn 0.7544 -0.3178 0.5743
vn 0.6149 -0.4994 0.6104
vn 0.7551 -0.5246 -0.3933
vn 0.6162 -0.5030 0.6060
vn 0.7544 -0.3199 0.5732
vn 0.9662 -0.2518 0.0549
vn 0.8580 -0.1343 0.4958
vn 0.7695 -0.3380 0.5419
vn 0.8568 -0.1360 0.4974
vn 0.7527 -0.3245 0.5728
vn 0.7688 -0.3405 0.5414
vn 1.0000 -0.0003 -0.0000
vn 0.8579 -0.1340 0.4960
vn 0.9663 -0.2516 0.0550
vn 0.7540 -0.5266 -0.3926
vn 0.7533 -0.3221 0.5734
vn 0.8415 -0.1183 0.5272
vn 0.8584 -0.1302 0.4962
vn 0.8422 -0.1144 0.5268
vn 0.7539 -0.3176 0.5751
vn 0.7539 -0.5265 -0.3930
vn 0.8417 -0.1183 0.5269
vn 0.8388 -0.3217 -0.4391
vn 0.7539 -0.5262 -0.3934
vn 0.8387 -0.3214 -0.4396
vn 0.8592 -0.3153 -0.4029
vn 0.8883 0.0948 0.4493
vn 0.8412 -0.1177 0.5278
vn 0.8574 -0.1334 0.4970
vn 1.0000 -0.0001 -0.0001
vn 0.8889 0.0943 0.4483
vn 0.8580 -0.1338 0.4958
vn 0.8383 -0.3218 -0.4401
vn 0.8421 -0.1185 0.5261
vn 0.8706 0.1022 0.4812
vn 0.8888 0.0940 0.4486
vn 0.8698 0.1023 0.4826
vn 0.8416 -0.1185 0.5269
vn 0.8701 -0.1022 -0.4822
vn 0.8596 -0.3148 -0.4024
vn 0.8391 -0.3209 -0.4393
vn 0.8390 -0.3221 -0.4385
vn 0.8697 0.1023 0.4829
vn 0.8702 -0.1033 -0.4817
vn 0.8696 -0.1018 -0.4832
vn 0.8884 -0.0935 -0.4494
vn 0.8591 -0.3145 -0.4038
vn 0.8692 -0.1025 -0.4837
vn 0.8572 0.1342 -0.4972
vn 0.8879 -0.0941 -0.4503
vn 1.0000 -0.0001 0.0001
vn 0.8574 0.3224 0.4012
vn 0.8888 0.0943 0.4485
vn 1.0000 0.0003 0.0005
vn 0.9663 0.2517 -0.0545
vn 0.8570 0.3228 0.4017
vn 0.8668 0.4881 -0.1019
vn 0.8573 0.3221 0.4017
vn 0.9664 0.2511 -0.0545
vn 0.8893 0.0942 0.4475
vn 0.8578 0.3223 0.4003
vn 0.8393 0.3213 0.4385
vn 0.8875 0.0956 0.4507
vn 0.8379 0.3225 0.4404
vn 0.8689 0.1038 0.4840
vn 0.8667 0.4881 -0.1031
vn 0.7703 0.5260 0.3605
vn 0.8578 0.3223 0.4005
vn 0.8669 0.4880 -0.1018
vn 0.6293 0.7071 0.3227
vn 0.7699 0.5256 0.3620
vn 0.8425 0.1176 -0.5257
vn 0.8703 -0.1034 -0.4815
vn 0.8694 0.1023 0.4835
vn 0.8413 0.1179 -0.5276
vn 0.8703 0.1029 0.4816
vn 0.8392 0.3216 0.4385
vn 0.8701 -0.1035 -0.4818
vn 0.8418 0.1171 -0.5269
vn 0.8582 0.1330 -0.4958
vn 0.8567 0.3234 0.4019
vn 0.7536 0.5271 0.3928
vn 0.8383 0.3224 0.4396
vn 0.8568 0.3227 0.4021
vn 0.7692 0.5264 0.3623
vn 0.7537 0.5265 0.3934
vn 0.8415 0.1183 -0.5272
vn 0.8390 0.3218 0.4388
vn 0.7540 0.5266 0.3926
vn 0.7694 0.5271 0.3607
vn 0.6287 0.7083 0.3210
vn 0.6158 0.7037 0.3544
vn 0.7699 0.5257 0.3618
vn 0.6162 0.7024 0.3563
vn 0.7543 0.5258 0.3932
vn 0.6269 0.7098 0.3212
vn 0.4324 0.8396 0.3289
vn 0.6138 0.7053 0.3546
vn 0.6133 0.5054 -0.6070
vn 0.6151 0.7042 0.3546
vn 0.4330 0.8381 0.3318
vn 0.6139 0.5051 -0.6066
vn 0.7535 0.5272 0.3928
vn 0.6150 0.7036 0.3559
vn 0.6164 0.5009 -0.6076
vn 0.4376 0.8360 0.3310
vn 0.4356 0.6358 -0.6371
vn 0.8415 0.1174 -0.5273
vn 0.7545 0.5259 0.3926
vn 0.7538 0.3214 -0.5731
vn 0.6151 0.5038 -0.6064
vn 0.7539 0.3212 -0.5731
vn 0.7544 0.5258 0.3930
vn 0.7529 0.3258 -0.5718
vn 0.8571 0.1370 -0.4965
vn 0.8407 0.1212 -0.5278
vn 0.4325 0.6371 -0.6380
vn 0.6276 0.5176 -0.5815
vn 0.6143 0.5039 -0.6072
vn 0.7524 0.3237 -0.5737
vn 0.6135 0.5063 -0.6061
vn 0.6268 0.5203 -0.5800
vn 0.4315 0.6416 -0.6341
vn 0.4399 0.6668 -0.6015
vn 0.6265 0.5221 -0.5788
vn 0.4420 0.6612 -0.6062
vn 0.6296 0.7069 0.3224
vn 0.6285 0.5172 -0.5809
vn 0.7552 0.3186 -0.5728
vn 0.6292 0.5141 -0.5829
vn 0.7710 0.3344 -0.5420
vn 0.7539 0.3194 -0.5741
vn 0.7697 0.3350 -0.5434
vn 0.8584 0.1315 -0.4959
vn 0.7696 0.3372 -0.5422
vn 0.6280 0.5176 -0.5811
vn 0.6294 0.7073 0.3219
vn 0.8582 0.1339 -0.4955
vn 0.7699 0.3377 -0.5414
vn 0.7717 0.5277 0.3549
vn 0.7695 0.3388 -0.5413
vn 0.6279 0.7080 0.3231
vn 0.7713 0.5284 0.3549
vn 0.2118 -0.9522 0.2200
vn 0.2130 -0.9518 0.2205
vn 0.2131 -0.9518 0.2205
vn -0.3074 -0.9274 0.2131
vn -0.3059 -0.9282 0.2120
vn 0.1650 -0.9615 0.2197
vn 0.1659 -0.9610 0.2213
vn -0.3524 -0.9135 0.2033
vn -0.3539 -0.9127 0.2045
vn 0.6686 -0.7250 0.1652
vn 0.6686 -0.7251 0.1652
vn 0.6693 -0.7244 0.1653
vn 0.6693 -0.7243 0.1657
vn -0.6294 -0.7765 0.0321
vn -0.3231 -0.9256 0.1971
vn -0.7970 -0.5904 0.1268
vn -0.9761 -0.1826 -0.1178
vn -0.6270 -0.7784 0.0318
vn -0.7954 -0.5927 0.1265
vn -0.9767 -0.1791 -0.1185
vn -0.7976 -0.5899 0.1258
vn -0.9624 -0.2661 0.0547
vn -0.9764 -0.1811 -0.1181
vn -0.9618 -0.2673 0.0586
vn -1.0000 -0.0000 -0.0000
vn -0.9744 -0.0471 -0.2200
vn -0.6287 -0.7770 0.0314
vn -0.1188 -0.9921 0.0394
vn -0.3225 -0.9260 0.1962
vn -0.1181 -0.9922 0.0397
vn -0.0000 -0.9770 0.2131
vn -0.3218 -0.9262 0.1965
vn -0.1181 -0.9923 0.0387
vn -0.0000 -0.9999 -0.0164
vn -0.0000 -0.9773 0.2120
vn -0.5525 -0.6750 -0.4890
vn -0.1158 -0.9924 0.0416
vn -0.6260 -0.7791 0.0338
vn -0.5537 -0.6709 -0.4932
vn -0.6286 -0.7772 0.0288
vn -0.9762 -0.1800 -0.1212
vn -0.0552 -0.8756 -0.4799
vn -0.0000 -0.9999 -0.0145
vn -0.1180 -0.9922 0.0405
vn -0.5542 -0.6721 -0.4911
vn -0.0557 -0.8747 -0.4815
vn -0.1187 -0.9922 0.0387
vn -0.0552 -0.8746 -0.4817
vn -0.0009 -0.7486 -0.6630
vn -0.0000 -0.9999 -0.0167
vn -0.0158 -0.5593 -0.8288
vn -0.0000 -0.7485 -0.6631
vn -0.0552 -0.8747 -0.4816
vn -0.0158 -0.5585 -0.8294
vn -0.0000 -0.5495 -0.8355
vn -0.0000 -0.7480 -0.6637
vn -0.2527 -0.4391 -0.8622
vn -0.0162 -0.5571 -0.8303
vn -0.0555 -0.8738 -0.4832
vn -0.2520 -0.4472 -0.8582
vn -0.0544 -0.8774 -0.4767
vn -0.5529 -0.6763 -0.4867
vn -0.5545 -0.6732 -0.4892
vn -0.9764 -0.1816 -0.1167
vn -0.7540 -0.1967 -0.6267
vn -0.2544 -0.4372 -0.8627
vn -0.5563 -0.6693 -0.4925
vn -0.7533 -0.1916 -0.6291
vn -0.7533 -0.1957 -0.6279
vn -0.9764 -0.1807 -0.1182
vn -0.9743 -0.0467 -0.2202
vn -0.2511 -0.4539 -0.8549
vn -0.7528 -0.2084 -0.6244
vn -0.3686 -0.2260 -0.9017
vn -0.7530 -0.1962 -0.6280
vn -0.9743 -0.0474 -0.2204
vn -0.5907 -0.1733 -0.7881
vn -0.3693 -0.2135 -0.9044
vn -0.7529 -0.1972 -0.6279
vn -0.5907 -0.1745 -0.7878
vn -0.3704 -0.2117 -0.9044
vn -0.5914 -0.1726 -0.7877
vn -0.3622 -0.1957 -0.9113
vn 1.0000 -0.0000 -0.0000
vn 0.9764 -0.1811 -0.1181
vn 0.9744 -0.0471 -0.2200
vn 1.0000 -0.0000 0.0006
vn 0.9618 -0.2679 0.0558
vn 0.9764 -0.1811 -0.1175
vn 0.7963 -0.5915 0.1268
vn 0.9764 -0.1814 -0.1174
vn 0.9617 -0.2684 0.0557
vn 0.7521 -0.1956 -0.6294
vn 0.9738 -0.0467 -0.2224
vn 0.9762 -0.1807 -0.1202
vn 0.7549 -0.1963 -0.6258
vn 0.5925 -0.1754 -0.7863
vn 0.9749 -0.0472 -0.2177
vn 0.7963 -0.5918 0.1251
vn 0.6282 -0.7775 0.0304
vn 0.9762 -0.1814 -0.1192
vn 0.3234 -0.9255 0.1971
vn 0.6295 -0.7763 0.0321
vn 0.7972 -0.5910 0.1236
vn 0.3693 -0.2135 -0.9044
vn 0.5907 -0.1745 -0.7878
vn 0.7529 -0.1972 -0.6279
vn 0.3699 -0.2114 -0.9047
vn 0.3617 -0.1955 -0.9116
vn 0.5910 -0.1724 -0.7880
vn 0.2519 -0.4447 -0.8595
vn 0.3690 -0.2154 -0.9041
vn 0.7529 -0.1989 -0.6273
vn 0.5526 -0.6743 -0.4899
vn 0.7524 -0.1987 -0.6280
vn 0.9759 -0.1838 -0.1181
vn 0.2541 -0.4383 -0.8621
vn 0.7534 -0.1926 -0.6287
vn 0.5558 -0.6701 -0.4920
vn 0.5545 -0.6731 -0.4893
vn 0.9765 -0.1812 -0.1164
vn 0.6284 -0.7772 0.0328
vn 0.3213 -0.9265 0.1960
vn 0.1177 -0.9923 0.0392
vn 0.6278 -0.7778 0.0312
vn 0.5538 -0.6729 -0.4904
vn 0.6279 -0.7776 0.0317
vn 0.1179 -0.9922 0.0396
vn 0.1181 -0.9922 0.0397
vn 0.3218 -0.9262 0.1965
vn -0.0000 -0.9771 0.2129
vn -0.0000 -0.9999 -0.0156
vn 0.1181 -0.9922 0.0395
vn 0.5537 -0.6726 -0.4909
vn 0.1178 -0.9923 0.0390
vn 0.0549 -0.8749 -0.4811
vn 0.2524 -0.4451 -0.8592
vn 0.5533 -0.6747 -0.4884
vn 0.0547 -0.8763 -0.4786
vn -0.0001 -0.9999 -0.0144
vn 0.0551 -0.8757 -0.4798
vn 0.1180 -0.9922 0.0406
vn 0.2528 -0.4401 -0.8616
vn 0.0555 -0.8742 -0.4824
vn 0.0162 -0.5581 -0.8296
vn 0.0010 -0.9998 -0.0174
vn -0.0000 -0.7482 -0.6635
vn 0.0552 -0.8742 -0.4823
vn -0.0000 -0.7523 -0.6588
vn 0.0158 -0.5641 -0.8255
vn 0.0551 -0.8771 -0.4772
vn -0.0000 -0.5498 -0.8353
vn 0.0158 -0.5588 -0.8292
vn 0.6345 -0.7535 0.1721
vn 0.6363 -0.7519 0.1726
vn -0.7408 -0.6548 0.1497
vn -0.7405 -0.6552 0.1497
vn -0.0000 -0.9768 0.2141
vn -0.0000 -0.9772 0.2124
vn -0.0000 -0.9770 0.2134
vn -0.0000 -0.9775 0.2107
vn -0.0000 -0.9776 0.2107
vn -0.0000 -0.9771 0.2126
vn -0.0000 -0.9772 0.2121
vn -0.0000 -0.9773 0.2121
vn -0.7711 -0.6208 0.1416
vn -0.7695 -0.6229 0.1414
vn -0.0000 -0.2093 -0.9779
vn -0.0000 -0.2092 -0.9779
vn -0.0000 -0.2237 -0.9747
vn -0.0000 0.0584 -0.9983
vn -0.0000 -0.2236 -0.9747
vn -0.0000 0.0719 -0.9974
vn -0.0000 0.1350 -0.9908
vn -0.0000 -0.2115 -0.9774
vn -0.0000 0.1572 -0.9876
vn -0.0000 0.1330 -0.9911
vn -0.0000 0.0700 -0.9975
vn -0.0000 0.1592 -0.9873
vn -0.0000 -0.2104 -0.9776
vn -0.0000 -0.2120 -0.9773
vn -0.0000 -0.2111 -0.9775
vn -0.0000 -0.2145 -0.9767
vn -0.0000 -0.2106 -0.9776
vn -0.2763 -0.2031 -0.9394
vn -0.0000 -0.2143 -0.9768
vn -0.3384 -0.1981 -0.9199
vn -0.2758 -0.2066 -0.9387
vn -0.3614 -0.1955 -0.9117
vn -0.2761 -0.2042 -0.9392
vn -0.3382 -0.1957 -0.9205
vn -0.3615 -0.1970 -0.9113
vn -0.3383 -0.1972 -0.9202
vn -0.0000 -0.2141 -0.9768
vn -0.0000 -0.2142 -0.9768
vn -0.0000 -0.2121 -0.9772
vn 0.0001 -0.2121 -0.9772
vn -0.0000 -0.4710 -0.8821
vn 0.2763 -0.2031 -0.9394
vn -0.0000 -0.5260 -0.8505
vn -0.0000 -0.4711 -0.8821
vn -0.0000 -0.5276 -0.8495
vn -0.0000 -0.5515 -0.8342
vn -0.0000 -0.4727 -0.8812
vn -0.0000 -0.5261 -0.8504
vn 0.2760 -0.2060 -0.9388
vn 0.3383 -0.1975 -0.9201
vn -0.0000 -0.2137 -0.9769
vn 0.3383 -0.1953 -0.9205
vn 0.2762 -0.2038 -0.9392
vn 0.3615 -0.1951 -0.9117
vn 0.3382 -0.1979 -0.9200
vn 0.3614 -0.1977 -0.9112
vn -0.7052 -0.6932 0.1487
vn -0.7088 -0.6893 0.1499
vn 0.7051 -0.6933 0.1492
vn 0.7088 -0.6894 0.1496
vn -0.8574 0.3221 0.4013
vn -0.7699 0.5259 0.3614
vn -0.8573 0.3231 0.4009
vn -0.7541 0.5268 0.3923
vn -0.7697 0.5268 0.3606
vn -0.8668 0.4878 -0.1029
vn -0.7702 0.5259 0.3609
vn -0.6296 0.7072 0.3217
vn -0.8666 0.4884 -0.1020
vn -0.6288 0.7074 0.3227
vn -0.7079 0.6920 -0.1412
vn -0.6293 0.7072 0.3224
vn -0.4962 0.8492 -0.1809
vn -0.7082 0.6917 -0.1415
vn -0.7688 0.5277 0.3614
vn -0.6152 0.7042 0.3545
vn -0.6281 0.7088 0.3212
vn -0.7693 0.5253 0.3636
vn -0.7541 0.5252 0.3944
vn -0.6158 0.7019 0.3580
vn -0.6284 0.7080 0.3221
vn -0.4397 0.8496 0.2912
vn -0.4949 0.8499 -0.1809
vn -0.4409 0.8491 0.2907
vn -0.2606 0.9451 -0.1972
vn -0.4961 0.8492 -0.1811
vn -0.6280 0.7088 0.3212
vn -0.6150 0.7043 0.3546
vn -0.4335 0.8386 0.3298
vn -0.6297 0.7062 0.3237
vn -0.4352 0.8362 0.3338
vn -0.4410 0.8481 0.2938
vn -0.6139 0.5051 -0.6066
vn -0.6150 0.7036 0.3559
vn -0.7535 0.5273 0.3928
vn -0.4328 0.8378 0.3328
vn -0.6149 0.7040 0.3555
vn -0.6138 0.5058 -0.6062
vn -0.6149 0.5037 -0.6068
vn -0.7545 0.5259 0.3926
vn -0.7537 0.3211 -0.5734
vn -0.7546 0.5260 0.3924
vn -0.8415 0.1173 -0.5274
vn -0.7538 0.3213 -0.5732
vn -0.4376 0.8361 0.3308
vn -0.6162 0.5008 -0.6079
vn -0.4355 0.6357 -0.6374
vn -0.7530 0.3224 -0.5736
vn -0.6274 0.5186 -0.5809
vn -0.6140 0.5049 -0.6067
vn -0.6276 0.5174 -0.5817
vn -0.4326 0.6369 -0.6381
vn -0.6144 0.5038 -0.6073
vn -0.8584 0.1371 -0.4943
vn -0.7540 0.3257 -0.5704
vn -0.8417 0.1213 -0.5262
vn -0.7530 0.3219 -0.5739
vn -0.7689 0.3377 -0.5429
vn -0.6272 0.5182 -0.5814
vn -0.8578 0.1325 -0.4967
vn -0.7692 0.3362 -0.5434
vn -0.7534 0.3206 -0.5741
vn -0.7719 0.5276 0.3546
vn -0.6281 0.5180 -0.5806
vn -0.7698 0.3376 -0.5417
vn -0.8578 0.1337 -0.4962
vn -0.7721 0.5277 0.3540
vn -0.7694 0.3376 -0.5422
vn -0.6264 0.5221 -0.5788
vn -0.4399 0.6668 -0.6016
vn -0.4315 0.6416 -0.6341
vn -0.8698 -0.1032 -0.4825
vn -0.8578 0.1333 -0.4964
vn -0.8415 0.1176 -0.5273
vn -0.8412 0.1174 -0.5278
vn -0.8704 0.1024 0.4817
vn -0.8694 -0.1033 -0.4832
vn -0.8704 0.1028 0.4816
vn -0.8385 -0.3214 -0.4401
vn -0.8694 -0.1028 -0.4834
vn -0.8594 -0.3151 -0.4027
vn -0.8698 -0.1024 -0.4826
vn -0.8389 -0.3211 -0.4395
vn -0.7542 -0.5264 -0.3926
vn -0.8596 -0.3156 -0.4020
vn -0.8390 -0.3216 -0.4390
vn -0.8702 -0.1027 -0.4819
vn -0.8892 -0.0944 -0.4477
vn -0.8583 0.1339 -0.4954
vn -0.8597 -0.3148 -0.4022
vn -0.8892 -0.0936 -0.4479
vn -0.8701 -0.1021 -0.4821
vn -0.8889 -0.0944 -0.4482
vn -0.8573 0.3224 0.4014
vn -0.8581 0.1338 -0.4957
vn -0.8582 0.1343 -0.4954
vn -0.8571 0.3227 0.4016
vn -0.7715 0.5279 0.3550
vn -0.8890 -0.0943 -0.4482
vn -0.8887 0.0944 0.4486
vn -0.8573 0.3225 0.4013
vn -0.8593 -0.3154 -0.4026
vn -0.8891 0.0943 0.4478
vn -0.8886 -0.0944 -0.4489
vn -0.8892 0.0941 0.4478
vn -0.8421 0.3223 0.4324
vn -0.8577 0.3223 0.4006
vn -0.7541 -0.5268 -0.3923
vn -0.7697 -0.5267 -0.3607
vn -0.8594 -0.3159 -0.4019
vn -0.8574 0.3238 0.4000
vn -0.8417 0.3240 0.4319
vn -0.7542 0.5276 0.3909
vn -0.8576 0.3220 0.4009
vn -0.7544 0.5259 0.3929
vn -0.7721 0.5273 0.3546
vn -0.6167 -0.7018 -0.3567
vn -0.7704 -0.5251 -0.3617
vn -0.7548 -0.5251 -0.3931
vn -0.7527 -0.5286 -0.3924
vn -0.6128 -0.5062 0.6068
vn -0.6137 -0.7046 -0.3563
vn -0.6151 -0.5035 0.6068
vn -0.4353 -0.8370 -0.3314
vn -0.6167 -0.7023 -0.3555
vn -0.4340 -0.8383 -0.3299
vn -0.6284 -0.7085 -0.3211
vn -0.6154 -0.7040 -0.3545
vn -0.6158 -0.7033 -0.3552
vn -0.6286 -0.7079 -0.3220
vn -0.7694 -0.5267 -0.3614
vn -0.4328 -0.8395 -0.3286
vn -0.4388 -0.8516 -0.2867
vn -0.6270 -0.7100 -0.3207
vn -0.4416 -0.8489 -0.2905
vn -0.6314 -0.5194 0.5758
vn -0.6297 -0.7068 -0.3223
vn -0.6291 -0.7075 -0.3221
vn -0.7695 -0.3375 0.5421
vn -0.7699 -0.5263 -0.3610
vn -0.6286 -0.7080 -0.3218
vn -0.6301 -0.5206 0.5762
vn -0.7692 -0.3382 0.5422
vn -0.8596 -0.3155 -0.4018
vn -0.6312 -0.5163 0.5788
vn -0.7545 -0.3186 0.5739
vn -0.7700 -0.3342 0.5435
vn -0.7695 -0.3381 0.5419
vn -0.8580 -0.1343 0.4958
vn -0.8594 -0.3157 -0.4022
vn -0.7536 -0.3200 0.5742
vn -0.8580 -0.1320 0.4964
vn -0.7694 -0.3355 0.5436
vn -0.8595 -0.3153 -0.4023
vn -0.8581 -0.1337 0.4957
vn -0.8889 0.0945 0.4482
vn -0.6307 -0.5204 0.5757
vn -0.6144 -0.5043 0.6067
vn -0.7535 -0.3219 0.5732
vn -0.8582 -0.1339 0.4955
vn -0.8720 0.1020 0.4788
vn -0.8891 0.0943 0.4480
vn -0.8889 0.0932 0.4486
vn -0.8718 0.1008 0.4793
vn -0.8417 0.3214 0.4338
vn -0.7535 -0.3251 0.5714
vn -0.8413 -0.1207 0.5270
vn -0.8578 -0.1365 0.4955
vn -0.8582 -0.1340 0.4955
vn -0.8418 -0.1181 0.5268
vn -0.7530 -0.5269 -0.3943
vn -0.7541 -0.3235 0.5715
vn -0.6147 -0.5058 0.6052
vn -0.8419 -0.1184 0.5266
vn -0.7537 -0.3222 0.5728
vn -0.7538 -0.5265 -0.3932
vn 0.9512 -0.3003 0.0703
vn 0.9517 -0.2986 0.0710
vn -0.0000 -0.2133 -0.9770
vn -0.0000 -0.2155 -0.9765
vn -0.0000 -0.2156 -0.9765
vn 0.0002 -0.2005 -0.9797
vn 0.0001 -0.2005 -0.9797
vn -0.0000 -0.2007 -0.9797
vn -0.0000 -0.2127 -0.9771
vn -0.0000 -0.2146 -0.9767
vn -0.0000 -0.2053 -0.9787
vn -0.0001 -0.2052 -0.9787
vn -0.0001 -0.2051 -0.9787
vn -0.0000 -0.2132 -0.9770
vn -0.0000 -0.2074 -0.9783
vn 0.0001 -0.2233 -0.9747
vn -0.0000 -0.2230 -0.9748
vn -0.0000 -0.2134 -0.9770
vn -0.0000 -0.2100 -0.9777
vn -0.0000 -0.2144 -0.9768
vn -0.0000 -0.2144 -0.9767
vn -0.0000 0.2123 0.9772
vn -0.0000 0.2199 0.9755
vn 0.0392 0.3131 0.9489
vn 0.0077 0.2137 0.9769
vn -0.0002 0.2137 0.9769
vn -0.0003 0.2137 0.9769
vn 0.0079 0.2147 0.9766
vn -0.0000 0.2147 0.9767
vn 0.0392 0.3156 0.9481
vn -0.0000 0.2205 0.9754
vn -0.0000 0.2130 0.9771
vn -0.0000 0.2178 0.9760
vn -0.0000 0.2103 0.9776
vn -0.0391 0.3111 0.9496
vn -0.0000 0.2128 0.9771
vn -0.0000 0.2203 0.9754
vn -0.0392 0.3137 0.9487
vn -0.0000 0.2254 0.9743
vn -0.0000 0.3190 0.9478
vn 0.0392 0.3188 0.9470
vn -0.0392 0.3175 0.9474
vn -0.0000 0.3178 0.9482
vn -0.0000 0.2242 0.9745
vn 0.0392 0.3126 0.9491
vn 0.0629 0.2742 0.9596
vn 0.0079 0.2117 0.9773
vn -0.0000 0.2131 0.9770
vn 0.0079 0.2131 0.9770
vn 0.0629 0.2755 0.9592
vn 0.0002 0.3730 0.9278
vn 0.0392 0.3096 0.9501
vn -0.0000 0.3096 0.9509
vn -0.0001 0.3738 0.9275
vn -0.0000 0.3105 0.9506
vn -0.0392 0.3104 0.9498
vn 0.0080 0.2186 0.9758
vn 0.0001 0.2186 0.9758
vn -0.0000 0.2187 0.9758
vn 0.0079 0.2168 0.9762
vn -0.0000 0.2168 0.9762
vn 0.0629 0.2792 0.9582
vn -0.0000 0.3775 0.9260
vn 0.0866 0.3789 0.9214
vn 0.0392 0.3145 0.9485
vn 0.0866 0.3783 0.9216
vn 0.0628 0.2754 0.9593
vn 0.0391 0.3138 0.9487
vn 0.0629 0.2738 0.9597
vn 0.1026 0.2435 0.9645
vn 0.0079 0.2113 0.9774
vn -0.0000 0.2142 0.9768
vn 0.0079 0.2142 0.9768
vn 0.1027 0.2464 0.9637
vn 0.0866 0.2901 0.9531
vn 0.0629 0.2740 0.9597
vn 0.0866 0.3770 0.9222
vn 0.0866 0.3791 0.9213
vn -0.0000 0.3778 0.9259
vn -0.0000 0.2935 0.9560
vn -0.0000 0.2932 0.9560
vn 0.0866 0.2921 0.9524
vn -0.0866 0.3791 0.9213
vn -0.0392 0.3147 0.9484
vn -0.0632 0.2732 0.9599
vn -0.0869 0.3761 0.9225
vn -0.0393 0.3113 0.9495
vn -0.0630 0.2777 0.9586
vn -0.0392 0.3160 0.9479
vn -0.0001 0.2227 0.9749
vn -0.0866 0.3789 0.9214
vn -0.0866 0.2921 0.9525
vn -0.0866 0.2901 0.9531
vn -0.0866 0.3770 0.9222
vn -0.0629 0.2740 0.9597
vn 0.0866 0.2907 0.9529
vn -0.0000 0.2918 0.9565
vn -0.0000 0.2122 0.9772
vn -0.0866 0.2907 0.9529
vn 0.0001 0.2133 0.9770
vn -0.0000 0.2057 0.9786
vn 0.0001 0.2057 0.9786
vn -0.0000 0.2215 0.9752
vn -0.0000 0.2140 0.9768
vn -0.0629 0.2765 0.9590
vn -0.0079 0.2142 0.9767
vn -0.0629 0.2767 0.9589
vn 0.0867 0.2911 0.9528
vn 0.1816 0.2918 0.9391
vn 0.0630 0.2750 0.9594
vn 0.1813 0.2919 0.9391
vn 0.1025 0.2449 0.9641
vn 0.0627 0.2752 0.9593
vn 0.1815 0.2918 0.9391
vn 0.0866 0.2912 0.9527
vn 0.0867 0.2115 0.9735
vn 0.0866 0.2905 0.9529
vn -0.0000 0.2119 0.9773
vn 0.0863 0.2111 0.9736
vn 0.1027 0.2448 0.9641
vn 0.1737 0.2051 0.9632
vn 0.1815 0.2923 0.9389
vn 0.0864 0.2124 0.9734
vn 0.1737 0.2057 0.9631
vn 0.1029 0.2447 0.9641
vn 0.1738 0.2050 0.9632
vn 0.1021 0.2114 0.9721
vn 0.1027 0.2453 0.9640
vn 0.1019 0.2120 0.9719
vn -0.0000 0.2132 0.9770
vn -0.0000 0.2104 0.9776
vn 0.1028 0.2426 0.9647
vn 0.0001 0.2104 0.9776
vn 0.1018 0.2141 0.9715
vn 0.1028 0.1762 0.9790
vn -0.0000 0.2152 0.9766
vn 0.1737 0.2073 0.9627
vn 0.1025 0.1758 0.9791
vn 0.1020 0.2136 0.9716
vn -0.0000 0.2117 0.9773
vn 0.1027 0.1728 0.9796
vn -0.0000 0.2129 0.9771
vn 0.1026 0.1739 0.9794
vn 0.1739 0.2052 0.9632
vn 0.1812 0.1181 0.9763
vn 0.1029 0.1737 0.9794
vn 0.0864 0.2109 0.9737
vn 0.1811 0.1171 0.9765
vn 0.1737 0.2042 0.9634
vn 0.0631 0.1471 0.9871
vn -0.0000 0.2099 0.9777
vn 0.1028 0.1708 0.9799
vn 0.1810 0.1228 0.9758
vn 0.0626 0.1549 0.9859
vn 0.1027 0.1783 0.9786
vn 0.0631 0.1519 0.9864
vn 0.0864 0.2114 0.9736
vn 0.0863 0.1249 0.9884
vn 0.1811 0.1175 0.9764
vn 0.0862 0.1278 0.9880
vn 0.0630 0.1524 0.9863
vn 0.1809 0.1204 0.9761
vn -0.0000 0.2133 0.9770
vn 0.0631 0.1506 0.9866
vn -0.0001 0.2035 0.9791
vn 0.0001 0.2039 0.9790
vn -0.0000 0.2038 0.9790
vn -0.0000 0.2127 0.9771
vn 0.0863 0.1254 0.9883
vn 0.0863 0.2119 0.9735
vn 0.0315 0.1110 0.9933
vn -0.0000 0.2134 0.9770
vn 0.0631 0.1507 0.9866
vn -0.0000 0.2160 0.9764
vn 0.0315 0.1139 0.9930
vn 0.0863 0.1229 0.9887
vn 0.0870 0.0290 0.9958
vn 0.0633 0.1473 0.9871
vn 0.0870 0.0320 0.9957
vn 0.0316 0.1108 0.9933
vn 0.0632 0.1503 0.9866
vn -0.0000 0.1260 0.9920
vn 0.0863 0.1255 0.9883
vn -0.0000 0.1278 0.9918
vn 0.0870 0.0334 0.9957
vn 0.0862 0.1273 0.9881
vn -0.0000 0.2105 0.9776
vn 0.0316 0.1080 0.9936
vn -0.0000 0.2169 0.9762
vn -0.0000 0.1205 0.9927
vn -0.0000 0.2149 0.9766
vn 0.0315 0.1127 0.9931
vn -0.0000 0.0327 0.9995
vn 0.0315 0.1117 0.9932
vn 0.0869 0.0328 0.9957
vn -0.0000 0.0328 0.9995
vn -0.0000 0.1196 0.9928
vn -0.0000 0.1233 0.9924
vn -0.0000 0.0288 0.9996
vn 0.0869 0.0290 0.9958
vn -0.0000 0.1192 0.9929
vn -0.0315 0.1114 0.9933
vn -0.0000 0.2136 0.9769
vn -0.0001 0.0334 0.9994
vn -0.0315 0.1123 0.9932
vn -0.0000 0.1203 0.9927
vn -0.0000 0.2135 0.9769
vn -0.0315 0.1112 0.9933
vn -0.0000 0.2154 0.9765
vn -0.0000 0.2153 0.9765
vn -0.0315 0.1131 0.9931
vn -0.0000 0.2126 0.9771
vn -0.0000 0.0330 0.9995
vn -0.0869 0.0332 0.9957
vn -0.0315 0.1121 0.9932
vn -0.0000 0.1234 0.9924
vn -0.0869 0.0290 0.9958
vn -0.0001 0.0289 0.9996
vn -0.0315 0.1116 0.9932
vn -0.0631 0.1513 0.9865
vn -0.0870 0.0326 0.9957
vn -0.0632 0.1509 0.9865
vn -0.0315 0.1115 0.9933
vn -0.0631 0.1501 0.9866
vn -0.0862 0.1273 0.9881
vn -0.0870 0.0334 0.9957
vn -0.0633 0.1468 0.9871
vn -0.0870 0.0285 0.9958
vn -0.0863 0.1224 0.9887
vn -0.0863 0.1254 0.9883
vn -0.0000 0.1259 0.9920
vn -0.0631 0.1507 0.9866
vn -0.0001 0.2240 0.9746
vn 0.0001 0.2240 0.9746
vn 0.0003 0.2239 0.9746
vn -0.0631 0.1471 0.9871
vn -0.1028 0.1708 0.9799
vn -0.1026 0.1746 0.9793
vn -0.0629 0.1536 0.9861
vn -0.0862 0.1289 0.9879
vn -0.1809 0.1215 0.9760
vn -0.1814 0.1212 0.9759
vn -0.1031 0.1768 0.9788
vn -0.0631 0.1533 0.9862
vn -0.0001 0.2135 0.9769
vn -0.0864 0.2127 0.9733
vn -0.0863 0.1262 0.9882
vn -0.0868 0.2120 0.9734
vn -0.1811 0.1177 0.9764
vn -0.0863 0.1251 0.9884
vn -0.0863 0.2107 0.9737
vn -0.0001 0.2115 0.9774
vn -0.1736 0.2054 0.9632
vn -0.1026 0.1739 0.9794
vn -0.1810 0.1182 0.9763
vn -0.0864 0.2118 0.9735
vn -0.1737 0.2051 0.9632
vn -0.1811 0.1180 0.9764
vn -0.1815 0.2918 0.9391
vn -0.0866 0.2911 0.9528
vn -0.1815 0.2923 0.9390
vn -0.1737 0.2056 0.9631
vn -0.0864 0.2123 0.9734
vn -0.0867 0.2911 0.9528
vn -0.0630 0.2750 0.9594
vn -0.0632 0.2746 0.9595
vn -0.1032 0.2444 0.9642
vn -0.1819 0.2914 0.9392
vn -0.1735 0.2042 0.9634
vn -0.1812 0.2909 0.9394
vn -0.1024 0.2439 0.9644
vn -0.1027 0.2439 0.9643
vn -0.0629 0.2742 0.9596
vn -0.0079 0.2117 0.9773
vn -0.1738 0.2077 0.9626
vn -0.1021 0.2140 0.9715
vn -0.1026 0.1762 0.9790
vn -0.1739 0.2037 0.9635
vn -0.1029 0.2435 0.9644
vn -0.1022 0.2101 0.9723
vn -0.1028 0.1764 0.9789
vn -0.1018 0.2143 0.9714
vn -0.1019 0.2118 0.9720
vn -0.1027 0.2451 0.9640
vn -0.0000 0.2113 0.9774
vn -0.1026 0.1724 0.9797
vn -0.0000 0.2060 0.9786
vn 0.0002 0.2057 0.9786
vn -0.0000 0.2115 0.9774
vn -0.1027 0.2437 0.9644
vn -0.0079 0.2122 0.9772
vn -0.1027 0.2444 0.9642
vn -0.0000 0.2143 0.9768
vn -0.0000 0.2144 0.9768
vn -0.0079 0.2144 0.9767
vn 0.9372 -0.3398 0.0783
vn 0.9377 -0.3381 0.0794
vn 0.9377 -0.3382 0.0794
vn -0.4076 0.0794 0.9097
vn -0.2981 -0.1011 0.9492
vn -0.0000 -0.2269 0.9739
vn -0.2984 -0.1066 0.9485
vn -0.2127 -0.1774 0.9609
vn -0.0000 -0.2316 0.9728
vn -0.2129 -0.1783 0.9607
vn -0.1104 -0.2176 0.9698
vn -0.0000 -0.2321 0.9727
vn -0.1107 -0.2116 0.9711
vn -0.2130 -0.1722 0.9618
vn -0.1812 -0.1165 0.9765
vn -0.2986 -0.1009 0.9490
vn -0.1814 -0.1165 0.9765
vn -0.2133 -0.1721 0.9617
vn -0.1109 -0.2113 0.9711
vn -0.1813 -0.1163 0.9765
vn -0.0944 -0.1550 0.9834
vn -0.2984 -0.1015 0.9490
vn -0.2609 -0.0627 0.9633
vn -0.1813 -0.1174 0.9764
vn -0.2607 -0.0647 0.9632
vn -0.0000 0.2039 0.9790
vn -0.1811 -0.1195 0.9762
vn -0.0944 -0.1566 0.9831
vn -0.1811 -0.1174 0.9764
vn -0.0000 0.2059 0.9786
vn -0.0943 -0.1564 0.9832
vn -0.2604 -0.0614 0.9636
vn -0.0000 0.2067 0.9784
vn -0.0944 -0.1586 0.9828
vn -0.0000 0.2041 0.9789
vn -0.3163 0.0152 0.9485
vn 0.0001 0.2047 0.9788
vn -0.2606 -0.0636 0.9634
vn -0.2977 -0.1019 0.9492
vn -0.3157 0.0159 0.9487
vn -0.2601 -0.0630 0.9635
vn -0.3161 0.0163 0.9486
vn -0.3162 0.0168 0.9486
vn -0.0000 0.2062 0.9785
vn -0.2982 -0.1015 0.9491
vn -0.3633 -0.0234 0.9314
vn -0.3163 0.0162 0.9485
vn -0.4074 0.0802 0.9097
vn -0.3632 -0.0220 0.9315
vn -0.2984 -0.1006 0.9491
vn -0.3631 -0.0232 0.9315
vn -0.3547 0.0950 0.9301
vn -0.3160 0.0164 0.9486
vn -0.3161 0.0156 0.9486
vn -0.3547 0.0943 0.9302
vn -0.0000 0.2050 0.9788
vn -0.3637 -0.0245 0.9312
vn -0.4082 0.0777 0.9096
vn -0.3553 0.0937 0.9300
vn -0.3622 0.1878 0.9130
vn -0.0000 0.2042 0.9789
vn -0.3546 0.0937 0.9303
vn -0.3620 0.1885 0.9129
vn -0.0000 0.2048 0.9788
vn -0.3620 0.1889 0.9129
vn -0.0000 0.2052 0.9787
vn -0.4169 0.1896 0.8889
vn -0.3619 0.1897 0.9127
vn -0.3543 0.0955 0.9302
vn -0.4164 0.1880 0.8896
vn -0.3543 0.0937 0.9304
vn -0.4074 0.0775 0.9099
vn -0.3620 0.1892 0.9128
vn -0.3547 0.2841 0.8908
vn -0.0000 0.2056 0.9786
vn -0.4167 0.1889 0.8892
vn -0.3544 0.2838 0.8910
vn -0.3616 0.1889 0.9130
vn -0.3546 0.2831 0.8911
vn -0.0000 0.2045 0.9789
vn -0.4165 0.1891 0.8892
vn -0.4086 0.2912 0.8650
vn -0.3543 0.2841 0.8909
vn -0.4088 0.2921 0.8646
vn -0.4172 0.1901 0.8887
vn -0.4083 0.0796 0.9094
vn -0.3548 0.2841 0.8907
vn -0.3149 0.3703 0.8739
vn -0.0000 0.2055 0.9787
vn -0.3632 0.3925 0.8450
vn -0.3556 0.2820 0.8911
vn -0.4097 0.2890 0.8652
vn -0.3628 0.3948 0.8441
vn -0.4089 0.2913 0.8648
vn -0.4079 0.0788 0.9096
vn -0.3635 0.3939 0.8442
vn -0.3156 0.3696 0.8740
vn -0.3556 0.2834 0.8907
vn -0.3149 0.3696 0.8742
vn -0.2987 0.4789 0.8255
vn -0.3629 0.3940 0.8444
vn -0.4076 0.0779 0.9098
vn -0.2986 0.4794 0.8252
vn -0.3149 0.3701 0.8740
vn -0.3629 0.3945 0.8442
vn -0.1104 0.5832 0.8048
vn -0.3148 0.3692 0.8744
vn -0.2600 0.4405 0.8593
vn -0.0000 0.2044 0.9789
vn -0.2977 0.4813 0.8245
vn -0.2593 0.4432 0.8581
vn -0.3136 0.3717 0.8738
vn -0.2134 0.5414 0.8132
vn -0.2607 0.4389 0.8599
vn -0.2996 0.4774 0.8260
vn -0.1101 0.5919 0.7984
vn -0.2126 0.5530 0.8056
vn -0.2998 0.4900 0.8185
vn -0.1810 0.4946 0.8501
vn -0.0000 0.2040 0.9790
vn -0.2599 0.4401 0.8595
vn -0.2119 0.5460 0.8105
vn -0.1806 0.4982 0.8481
vn -0.2591 0.4433 0.8581
vn -0.1107 0.5830 0.8049
vn -0.1812 0.4950 0.8498
vn -0.2131 0.5433 0.8120
vn -0.1810 0.4967 0.8489
vn -0.0000 0.2064 0.9785
vn -0.1809 0.4953 0.8497
vn -0.0000 -0.2277 0.9737
vn -0.1105 0.5836 0.8045
vn -0.4078 0.0785 0.9097
vn -0.1809 0.4956 0.8495
vn -0.0942 0.5341 0.8402
vn -0.0000 0.2053 0.9787
vn -0.1103 0.5848 0.8037
vn -0.0943 0.5355 0.8393
vn -0.1808 0.4968 0.8488
vn -0.0000 0.5497 0.8354
vn -0.0000 0.2037 0.9790
vn -0.0942 0.5325 0.8412
vn 0.0002 0.5988 0.8009
vn -0.0940 0.5356 0.8393
vn -0.1102 0.5848 0.8037
vn -0.0000 0.5973 0.8020
vn -0.0000 0.5508 0.8347
vn -0.0942 0.5337 0.8404
vn -0.0000 0.5521 0.8338
vn -0.0000 0.2063 0.9785
vn -0.0000 -0.2276 0.9738
vn -0.0000 0.5976 0.8018
vn -0.1104 0.5837 0.8044
vn -0.0000 0.5514 0.8342
vn 0.0943 0.5339 0.8403
vn -0.0000 0.5510 0.8345
vn -0.0000 0.5974 0.8019
vn -0.0000 0.5507 0.8347
vn 0.0942 0.5336 0.8405
vn 0.0942 0.5335 0.8405
vn -0.0000 0.5971 0.8022
vn 0.1104 0.5833 0.8047
vn 0.1810 0.4964 0.8490
vn -0.0000 0.2061 0.9785
vn 0.0943 0.5347 0.8398
vn 0.1810 0.4966 0.8489
vn 0.1809 0.4948 0.8500
vn 0.2132 0.5430 0.8122
vn 0.1813 0.4946 0.8500
vn 0.0945 0.5329 0.8409
vn 0.2127 0.5442 0.8116
vn 0.0943 0.5345 0.8399
vn 0.1104 0.5840 0.8042
vn 0.1809 0.4945 0.8501
vn 0.2599 0.4401 0.8595
vn 0.2591 0.4440 0.8577
vn 0.1806 0.4990 0.8476
vn 0.2118 0.5467 0.8101
vn 0.1104 0.5836 0.8045
vn -0.0000 0.5975 0.8019
vn 0.2128 -0.1734 0.9616
vn 0.2128 0.5436 0.8119
vn 0.1104 0.5834 0.8046
vn 0.2128 -0.1735 0.9616
vn -0.0038 0.5975 0.8018
vn 0.2128 -0.1733 0.9616
vn 0.2613 0.4390 0.8597
vn 0.2139 0.5414 0.8131
vn 0.3001 0.4774 0.8259
vn 0.3149 0.3701 0.8740
vn 0.0001 0.2053 0.9787
vn 0.2600 0.4412 0.8589
vn 0.3141 0.3714 0.8737
vn 0.2596 0.4428 0.8582
vn 0.2981 0.4809 0.8246
vn 0.3148 0.3693 0.8744
vn 0.2986 0.4805 0.8246
vn 0.2127 0.5448 0.8112
vn 0.4173 0.1900 0.8887
vn 0.2128 -0.1731 0.9616
vn 0.4170 0.1891 0.8890
vn 0.2127 0.5441 0.8116
vn 0.3145 0.3705 0.8740
vn 0.2983 0.4799 0.8250
vn 0.3625 0.3950 0.8442
vn 0.3629 0.3953 0.8438
vn 0.2985 0.4801 0.8249
vn 0.4172 0.1897 0.8888
vn 0.3546 0.2835 0.8910
vn 0.3149 0.3697 0.8741
vn 0.3560 0.2827 0.8907
vn 0.3158 0.3688 0.8742
vn 0.3637 0.3932 0.8444
vn 0.3547 0.2835 0.8910
vn -0.0000 0.2049 0.9788
vn 0.3548 0.2827 0.8912
vn 0.3545 0.2830 0.8912
vn 0.3626 0.3936 0.8448
vn 0.4088 0.2902 0.8653
vn 0.4175 0.1907 0.8884
vn 0.4088 0.2928 0.8644
vn 0.3624 0.3961 0.8437
vn 0.4170 0.1892 0.8890
vn 0.3550 0.2842 0.8906
vn 0.4090 0.2914 0.8648
vn 0.3545 0.2849 0.8906
vn 0.3621 0.1900 0.9126
vn 0.4167 0.1890 0.8892
vn 0.3616 0.1890 0.9130
vn 0.3544 0.2839 0.8909
vn -0.0000 0.2058 0.9786
vn 0.3619 0.1894 0.9128
vn 0.3534 0.0957 0.9306
vn 0.3608 0.1899 0.9131
vn 0.4162 0.1898 0.8892
vn 0.3622 0.1879 0.9130
vn 0.3546 0.0937 0.9303
vn 0.3560 0.0941 0.9297
vn 0.4180 0.1884 0.8887
vn 0.4087 0.0780 0.9093
vn 0.4077 0.0756 0.9100
vn 0.4177 0.1860 0.8893
vn 0.2125 -0.1758 0.9612
vn 0.3161 0.0156 0.9486
vn 0.3547 0.0943 0.9302
vn 0.3162 0.0164 0.9486
vn 0.3635 -0.0246 0.9313
vn 0.3551 0.0937 0.9301
vn 0.4080 0.0776 0.9097
vn 0.3636 -0.0239 0.9313
vn 0.3169 0.0155 0.9483
vn 0.3554 0.0943 0.9300
vn 0.3631 -0.0250 0.9314
vn 0.4081 0.0770 0.9097
vn 0.2126 -0.1745 0.9614
vn 0.3161 0.0166 0.9486
vn 0.2981 -0.1015 0.9491
vn 0.3162 0.0162 0.9486
vn 0.3632 -0.0233 0.9314
vn 0.2981 -0.1020 0.9491
vn 0.3631 -0.0237 0.9314
vn -0.0001 0.2045 0.9789
vn 0.3163 0.0151 0.9485
vn 0.2606 -0.0638 0.9633
vn 0.2977 -0.1019 0.9492
vn 0.2601 -0.0631 0.9635
vn 0.3157 0.0159 0.9487
vn -0.0000 0.2071 0.9783
vn 0.2603 -0.0610 0.9636
vn 0.1811 -0.1173 0.9764
vn 0.2607 -0.0625 0.9634
vn 0.2982 -0.1014 0.9491
vn 0.2606 -0.0641 0.9633
vn 0.1811 -0.1189 0.9763
vn 0.1808 -0.1156 0.9767
vn 0.2983 -0.1002 0.9492
vn 0.2130 -0.1713 0.9619
vn 0.0944 -0.1553 0.9834
vn -0.0000 0.2072 0.9783
vn 0.1809 -0.1158 0.9767
vn 0.0944 -0.1566 0.9831
vn 0.0944 -0.1583 0.9829
vn 0.1106 -0.2115 0.9711
vn 0.1811 -0.1164 0.9765
vn 0.2130 -0.1721 0.9618
vn 0.1106 -0.2129 0.9708
vn 0.0944 -0.1570 0.9831
vn 0.1812 -0.1179 0.9764
vn -0.0000 -0.2263 0.9741
vn 0.1105 -0.2116 0.9711
vn 0.2128 -0.1718 0.9619
vn -0.0000 0.2073 0.9783
vn 0.0943 -0.1550 0.9834
vn -0.0000 -0.1633 0.9866
vn -0.0000 -0.1662 0.9861
vn 0.0943 -0.1578 0.9830
vn 0.1104 -0.2135 0.9707
vn 0.0001 -0.1672 0.9859
vn 0.1105 -0.2142 0.9705
vn -0.0000 -0.2288 0.9735
vn -0.0943 -0.1550 0.9834
vn -0.1104 -0.2157 0.9702
vn -0.0001 -0.1692 0.9856
vn 0.0002 -0.2303 0.9731
vn -0.1105 -0.2133 0.9707
vn -0.0944 -0.1575 0.9830
vn -0.0000 -0.1659 0.9861
vn -0.9773 -0.2063 0.0481
vn -0.9777 -0.2042 0.0481
vn -0.2601 -0.9418 0.2131
vn -0.2582 -0.9428 0.2110
vn 0.2599 -0.9419 0.2128
vn 0.2599 -0.9420 0.2125
vn 0.1571 -0.2043 -0.9662
vn 0.1337 -0.2754 -0.9520
vn -0.0000 -0.0473 -0.9989
vn 0.1570 -0.2056 -0.9660
vn 0.1493 -0.2449 -0.9580
vn 0.1340 -0.2768 -0.9515
vn 0.1494 -0.2442 -0.9581
vn 0.3779 -0.4020 -0.8340
vn 0.1338 -0.2760 -0.9518
vn 0.1578 -0.2041 -0.9661
vn 0.4244 -0.2980 -0.8550
vn 0.1501 -0.2434 -0.9583
vn 0.1493 -0.2441 -0.9582
vn 0.4237 -0.2987 -0.8552
vn 0.3778 -0.4019 -0.8341
vn 0.3774 -0.4022 -0.8341
vn 0.4235 -0.2990 -0.8551
vn 0.5425 -0.3155 -0.7786
vn 0.3770 -0.3999 -0.8354
vn 0.5420 -0.3131 -0.7799
vn 0.4865 -0.4385 -0.7556
vn 0.4409 -0.1816 -0.8790
vn 0.5435 -0.3155 -0.7778
vn 0.4246 -0.2991 -0.8545
vn 0.1563 -0.2022 -0.9668
vn 0.4393 -0.1787 -0.8804
vn 0.4230 -0.2962 -0.8564
vn 0.4395 -0.1804 -0.8800
vn 0.5586 -0.1729 -0.8112
vn 0.5424 -0.3143 -0.7791
vn 0.4382 -0.1811 -0.8804
vn 0.5402 -0.0319 -0.8409
vn 0.5575 -0.1736 -0.8118
vn 0.3065 -0.4883 -0.8171
vn 0.3778 -0.4025 -0.8338
vn 0.4871 -0.4410 -0.7538
vn 0.1334 -0.2740 -0.9524
vn 0.3775 -0.4002 -0.8351
vn 0.3063 -0.4861 -0.8185
vn 0.3071 -0.4879 -0.8171
vn 0.4875 -0.4405 -0.7538
vn 0.3933 -0.5585 -0.7304
vn 0.3076 -0.4834 -0.8196
vn 0.3941 -0.5545 -0.7330
vn 0.2850 -0.6425 -0.7113
vn 0.1339 -0.2748 -0.9521
vn 0.3068 -0.4869 -0.8178
vn 0.1105 -0.3067 -0.9454
vn 0.1337 -0.2753 -0.9520
vn 0.1102 -0.3071 -0.9453
vn -0.0000 -0.0471 -0.9989
vn 0.3067 -0.4885 -0.8168
vn 0.2836 -0.6468 -0.7080
vn 0.2209 -0.5529 -0.8034
vn 0.1102 -0.3080 -0.9450
vn 0.3065 -0.4880 -0.8173
vn 0.2207 -0.5525 -0.8038
vn 0.1095 -0.5991 -0.7931
vn 0.2202 -0.5537 -0.8031
vn 0.2829 -0.6474 -0.7077
vn 0.1107 -0.5962 -0.7952
vn 0.2842 -0.6444 -0.7099
vn 0.1423 -0.6987 -0.7011
vn 0.1096 -0.6025 -0.7905
vn 0.1412 -0.7040 -0.6960
vn -0.0006 -0.7228 -0.6911
vn 0.1105 -0.3084 -0.9448
vn 0.0792 -0.3329 -0.9396
vn 0.1102 -0.3070 -0.9453
vn 0.0790 -0.3316 -0.9401
vn -0.0000 -0.0470 -0.9989
vn 0.0394 -0.3480 -0.9367
vn 0.2207 -0.5530 -0.8034
vn 0.1101 -0.5988 -0.7933
vn 0.0397 -0.3428 -0.9386
vn 0.0791 -0.3277 -0.9415
vn 0.2209 -0.5484 -0.8065
vn 0.1101 -0.5977 -0.7941
vn 0.0001 -0.7189 -0.6951
vn 0.0001 -0.6151 -0.7884
vn 0.0394 -0.3460 -0.9374
vn 0.1101 -0.5971 -0.7946
vn -0.0000 -0.6146 -0.7889
vn 0.0001 -0.6170 -0.7869
vn 0.0003 -0.7205 -0.6934
vn -0.1414 -0.7017 -0.6983
vn 0.0394 -0.3467 -0.9372
vn -0.0000 -0.3538 -0.9353
vn 0.0790 -0.3319 -0.9400
vn 0.0394 -0.3469 -0.9371
vn -0.0000 -0.6153 -0.7883
vn -0.0000 -0.3540 -0.9352
vn -0.0000 -0.3536 -0.9354
vn -0.0000 -0.0472 -0.9989
vn 0.0790 -0.3317 -0.9401
vn -0.0000 -0.6151 -0.7885
vn -0.1415 -0.7000 -0.7000
vn -0.1101 -0.5976 -0.7942
vn -0.1101 -0.5956 -0.7957
vn -0.1419 -0.6982 -0.7017
vn -0.2837 -0.6440 -0.7105
vn -0.0394 -0.3467 -0.9372
vn -0.0001 -0.6136 -0.7896
vn -0.1101 -0.5962 -0.7952
vn -0.0394 -0.3449 -0.9378
vn -0.1103 -0.5981 -0.7938
vn -0.2837 -0.6462 -0.7085
vn -0.2209 -0.5524 -0.8038
vn -0.0393 -0.3492 -0.9362
vn -0.1098 -0.6000 -0.7924
vn -0.2204 -0.5541 -0.8027
vn -0.2837 -0.6431 -0.7113
vn -0.3063 -0.4841 -0.8196
vn -0.2206 -0.5489 -0.8063
vn -0.2847 -0.6446 -0.7096
vn -0.3939 -0.5566 -0.7314
vn -0.3075 -0.4860 -0.8181
vn -0.3067 -0.4870 -0.8178
vn -0.3931 -0.5576 -0.7311
vn -0.4872 -0.4396 -0.7545
vn -0.2206 -0.5531 -0.8034
vn -0.3064 -0.4886 -0.8169
vn -0.1102 -0.3087 -0.9448
vn -0.0396 -0.3428 -0.9386
vn -0.2209 -0.5484 -0.8065
vn -0.0791 -0.3277 -0.9415
vn -0.2207 -0.5521 -0.8040
vn -0.1103 -0.3075 -0.9451
vn -0.0790 -0.3321 -0.9399
vn -0.0395 -0.3515 -0.9354
vn -0.0791 -0.3366 -0.9383
vn -0.1101 -0.3117 -0.9438
vn -0.3067 -0.4867 -0.8180
vn -0.1338 -0.2746 -0.9522
vn -0.1104 -0.3065 -0.9454
vn -0.3065 -0.4884 -0.8170
vn -0.4872 -0.4410 -0.7537
vn -0.3779 -0.4025 -0.8338
vn -0.3064 -0.4870 -0.8179
vn -0.3776 -0.4011 -0.8346
vn -0.1335 -0.2750 -0.9521
vn -0.3781 -0.4006 -0.8346
vn -0.4874 -0.4392 -0.7547
vn -0.5429 -0.3138 -0.7790
vn -0.1100 -0.3026 -0.9467
vn -0.1336 -0.2709 -0.9533
vn -0.1494 -0.2391 -0.9594
vn -0.3780 -0.4013 -0.8343
vn -0.1495 -0.2434 -0.9583
vn -0.1340 -0.2753 -0.9520
vn -0.0394 -0.3465 -0.9372
vn -0.1102 -0.3072 -0.9452
vn -0.1099 -0.0943 -0.9895
vn -0.1103 -0.3072 -0.9452
vn -0.1492 -0.2435 -0.9583
vn -0.3776 -0.4010 -0.8346
vn -0.4236 -0.2978 -0.8555
vn -0.1491 -0.2431 -0.9585
vn -0.5429 -0.3158 -0.7782
vn -0.4240 -0.2994 -0.8547
vn -0.4234 -0.2983 -0.8554
vn -0.1568 -0.2044 -0.9662
vn -0.1489 -0.2436 -0.9584
vn -0.1493 -0.2441 -0.9582
vn -0.1571 -0.2048 -0.9661
vn -0.1099 -0.0949 -0.9894
vn -0.5440 -0.3161 -0.7773
vn -0.4416 -0.1822 -0.8785
vn -0.4252 -0.2996 -0.8541
vn -0.4237 -0.2965 -0.8559
vn -0.4400 -0.1789 -0.8800
vn -0.1572 -0.2025 -0.9666
vn -0.0000 -0.1422 -0.9898
vn -0.0000 -0.0714 -0.9974
vn -0.0000 -0.1799 -0.9837
vn -0.0000 -0.1404 -0.9901
vn -0.0000 -0.1454 -0.9894
vn -0.0000 -0.1924 -0.9813
vn -0.0000 -0.1848 -0.9828
vn -0.0080 -0.3144 -0.9493
vn -0.0000 -0.1885 -0.9821
vn -0.0000 -0.1960 -0.9806
vn -0.0158 -0.3187 -0.9477
vn -0.0000 -0.1512 -0.9885
vn -0.0079 -0.2781 -0.9605
vn -0.0000 -0.1677 -0.9858
vn 0.0158 -0.3342 -0.9424
vn 0.0079 -0.2939 -0.9558
vn -0.0000 -0.1807 -0.9835
vn 0.0079 -0.3064 -0.9519
vn -0.0000 -0.1883 -0.9821
vn -0.0000 -0.1403 -0.9901
vn -0.0000 -0.1421 -0.9899
vn -0.0000 -0.1406 -0.9901
vn -0.0000 -0.0699 -0.9976
vn -0.0000 -0.1407 -0.9901
vn -0.0000 -0.0700 -0.9976
vn -0.0000 -0.0723 -0.9974
vn -0.0000 -0.0252 -0.9997
vn -0.0000 -0.0693 -0.9976
vn -0.0000 -0.0222 -0.9998
vn -0.0000 -0.0237 -0.9997
vn -0.0000 -0.0159 -0.9999
vn -0.0000 -0.0234 -0.9997
vn -0.0000 -0.0156 -0.9999
vn 0.6851 0.3232 0.6528
vn 0.6137 0.4880 0.6207
vn 0.6846 0.3225 0.6537
vn 0.6132 0.4873 0.6217
vn 0.6136 0.4864 0.6220
vn 0.4985 0.6315 0.5939
vn 0.6136 0.4863 0.6220
vn 0.6135 0.4880 0.6209
vn 0.4982 0.6329 0.5926
vn 0.4983 0.6329 0.5926
vn 0.3557 0.7417 0.5687
vn 0.4985 0.6321 0.5932
vn 0.3554 0.7415 0.5692
vn 0.3553 0.7415 0.5692
vn 0.4982 0.6319 0.5937
vn 0.1809 0.8144 0.5514
vn 0.3546 0.7433 0.5672
vn 0.3547 0.7433 0.5672
vn 0.1825 0.8123 0.5540
vn 0.1824 0.8123 0.5540
vn 0.3559 0.7408 0.5696
vn -0.0001 0.8349 0.5504
vn 0.1814 0.8138 0.5521
vn 0.1815 0.8138 0.5521
vn 0.0002 0.8340 0.5517
vn 0.1818 0.8129 0.5534
vn -0.1817 0.8127 0.5536
vn -0.0001 0.8339 0.5520
vn -0.0002 0.8339 0.5519
vn -0.1814 0.8141 0.5517
vn 0.0002 0.8351 0.5500
vn -0.1815 0.8140 0.5517
vn -0.3559 0.7408 0.5697
vn -0.1823 0.8122 0.5542
vn -0.1824 0.8122 0.5542
vn -0.3546 0.7433 0.5672
vn -0.1810 0.8144 0.5514
vn -0.3547 0.7433 0.5672
vn -0.4982 0.6323 0.5933
vn -0.3553 0.7418 0.5687
vn -0.4981 0.6329 0.5928
vn -0.3553 0.7423 0.5681
vn -0.4982 0.6328 0.5928
vn -0.6135 0.4874 0.6213
vn -0.4983 0.6324 0.5931
vn -0.6138 0.4871 0.6213
vn -0.4986 0.6321 0.5932
vn -0.6845 0.3235 0.6534
vn -0.6130 0.4882 0.6212
vn -0.6851 0.3226 0.6531
vn -0.6137 0.4874 0.6211
vn -0.7077 0.1411 0.6923
vn -0.6848 0.3223 0.6536
vn -0.7075 0.1424 0.6922
vn -0.7075 0.1423 0.6922
vn -0.6844 0.3235 0.6534
vn -0.6828 -0.0319 0.7299
vn -0.7078 0.1410 0.6922
vn -0.7078 0.1410 0.6921
vn -0.6823 -0.0318 0.7303
vn -0.6823 -0.0318 0.7304
vn -0.7074 0.1411 0.6926
vn -0.6141 -0.1972 0.7642
vn -0.6826 -0.0318 0.7301
vn -0.6145 -0.1969 0.7639
vn -0.6146 -0.1969 0.7639
vn -0.6830 -0.0314 0.7298
vn -0.9866 -0.1580 0.0399
vn -0.9866 -0.1584 0.0393
vn -0.5420 -0.3143 -0.7794
vn -0.5582 -0.1729 -0.8115
vn -0.4390 -0.1803 -0.8802
vn -0.4385 -0.1808 -0.8804
vn -0.5578 -0.1733 -0.8117
vn -0.5405 -0.0315 -0.8408
vn -0.1571 -0.2042 -0.9662
vn -0.4397 -0.1806 -0.8798
vn -0.4239 -0.0707 -0.9030
vn -0.4404 -0.1810 -0.8794
vn -0.5423 -0.0317 -0.8396
vn -0.4247 -0.0710 -0.9025
vn -0.1570 -0.2053 -0.9660
vn -0.4239 -0.0718 -0.9029
vn -0.1494 -0.1662 -0.9747
vn -0.1569 -0.2033 -0.9665
vn -0.1493 -0.1642 -0.9751
vn -0.1099 -0.0932 -0.9896
vn -0.4239 -0.0682 -0.9031
vn -0.1336 -0.1234 -0.9833
vn -0.1496 -0.1625 -0.9753
vn -0.1498 -0.1711 -0.9738
vn -0.1336 -0.1320 -0.9822
vn -0.1096 -0.1007 -0.9889
vn -0.5417 -0.0326 -0.8399
vn -0.3796 0.0304 -0.9246
vn -0.4240 -0.0719 -0.9028
vn -0.4238 -0.0721 -0.9029
vn -0.3791 0.0300 -0.9249
vn -0.1335 -0.1273 -0.9828
vn -0.5418 -0.0315 -0.8399
vn -0.4885 0.1023 -0.8665
vn -0.3795 0.0316 -0.9247
vn -0.3791 0.0297 -0.9249
vn -0.4883 0.1006 -0.8669
vn -0.3946 0.2191 -0.8923
vn -0.1335 -0.1275 -0.9828
vn -0.3793 0.0300 -0.9248
vn -0.3068 0.1163 -0.9446
vn -0.3795 0.0348 -0.9245
vn -0.3944 0.2240 -0.8912
vn -0.3069 0.1210 -0.9440
vn -0.1340 -0.1232 -0.9833
vn -0.3070 0.1206 -0.9440
vn -0.1101 -0.0918 -0.9897
vn -0.3950 0.2214 -0.8916
vn -0.2201 0.1888 -0.9570
vn -0.3074 0.1186 -0.9442
vn -0.3941 0.2229 -0.8916
vn -0.2817 0.3075 -0.9089
vn -0.2193 0.1901 -0.9570
vn -0.3068 0.1211 -0.9440
vn -0.0788 -0.0680 -0.9946
vn -0.1100 -0.0910 -0.9898
vn -0.3070 0.1160 -0.9446
vn -0.2197 0.1861 -0.9576
vn -0.0788 -0.0731 -0.9942
vn -0.2815 0.3158 -0.9061
vn -0.1093 0.2382 -0.9650
vn -0.2191 0.1994 -0.9551
vn -0.0787 -0.0761 -0.9940
vn -0.2197 0.1835 -0.9582
vn -0.1102 0.2232 -0.9685
vn -0.2824 0.3019 -0.9105
vn -0.1421 0.3585 -0.9227
vn -0.1101 0.2241 -0.9683
vn -0.1102 -0.0982 -0.9891
vn -0.0789 -0.0753 -0.9940
vn -0.0392 -0.0595 -0.9975
vn -0.0790 -0.0679 -0.9946
vn -0.1100 0.2312 -0.9667
vn -0.0393 -0.0519 -0.9979
vn -0.1099 -0.0941 -0.9895
vn -0.0393 -0.0548 -0.9977
vn -0.0394 -0.3463 -0.9373
vn -0.0000 -0.3537 -0.9354
vn -0.0393 -0.0550 -0.9977
vn -0.0000 -0.3537 -0.9353
vn -0.0393 -0.0551 -0.9977
vn -0.1101 0.2277 -0.9675
vn -0.0000 -0.0475 -0.9989
vn -0.0393 -0.0553 -0.9977
vn -0.1417 0.3637 -0.9207
vn 0.0001 0.2460 -0.9693
vn -0.1100 0.2298 -0.9670
vn -0.1101 0.2258 -0.9679
vn -0.0001 0.2420 -0.9703
vn -0.0000 -0.0496 -0.9988
vn -0.1417 0.3617 -0.9215
vn -0.0000 0.3763 -0.9265
vn -0.0000 0.2439 -0.9698
vn -0.0000 0.2445 -0.9697
vn -0.0000 0.3768 -0.9263
vn 0.1417 0.3622 -0.9213
vn -0.0000 0.2466 -0.9691
vn 0.1417 0.3643 -0.9204
vn 0.1101 0.2305 -0.9668
vn 0.0001 0.2420 -0.9703
vn 0.1101 0.2258 -0.9679
vn 0.1102 0.2208 -0.9691
vn 0.1424 0.3554 -0.9238
vn 0.2826 0.2987 -0.9115
vn 0.1094 0.2369 -0.9653
vn 0.2816 0.3145 -0.9065
vn 0.2192 0.1979 -0.9554
vn 0.2193 0.1883 -0.9573
vn 0.2819 0.3057 -0.9094
vn 0.3943 0.2210 -0.8920
vn 0.1101 0.2277 -0.9675
vn 0.0393 -0.0553 -0.9977
vn 0.0789 -0.0679 -0.9946
vn 0.0393 -0.0519 -0.9979
vn 0.1100 0.2312 -0.9667
vn 0.0788 -0.0782 -0.9938
vn 0.1104 0.2213 -0.9689
vn 0.2197 0.1816 -0.9585
vn -0.0000 -0.0372 -0.9993
vn 0.0393 -0.0451 -0.9982
vn 0.0787 -0.0615 -0.9950
vn 0.0789 -0.0703 -0.9944
vn 0.1099 -0.0936 -0.9895
vn -0.0000 -0.0465 -0.9989
vn 0.0789 -0.0717 -0.9943
vn 0.2197 0.1875 -0.9574
vn 0.3069 0.1174 -0.9445
vn 0.0789 -0.0687 -0.9945
vn 0.3068 0.1204 -0.9441
vn 0.1101 -0.0917 -0.9897
vn 0.2201 0.1885 -0.9571
vn 0.3950 0.2212 -0.8917
vn 0.3073 0.1183 -0.9442
vn 0.1099 -0.0961 -0.9893
vn 0.1337 -0.1276 -0.9828
vn -0.0000 -0.0491 -0.9988
vn 0.1340 -0.1239 -0.9832
vn 0.1101 -0.0924 -0.9896
vn 0.3071 0.1199 -0.9441
vn 0.1337 -0.1261 -0.9830
vn 0.1571 -0.2046 -0.9662
vn -0.0000 -0.0476 -0.9989
vn 0.3799 0.0361 -0.9243
vn 0.3073 0.1222 -0.9437
vn 0.3947 0.2252 -0.8908
vn 0.1332 -0.1275 -0.9829
vn 0.3065 0.1163 -0.9447
vn 0.3790 0.0300 -0.9249
vn 0.3796 0.0301 -0.9246
vn 0.3951 0.2195 -0.8920
vn 0.4888 0.1009 -0.8666
vn 0.3783 0.0315 -0.9251
vn 0.4875 0.1022 -0.8671
vn 0.5408 -0.0315 -0.8406
vn 0.1335 -0.1284 -0.9827
vn 0.1494 -0.1675 -0.9745
vn 0.1575 -0.2066 -0.9657
vn 0.3791 0.0316 -0.9248
vn 0.5414 -0.0314 -0.8402
vn 0.4237 -0.0707 -0.9030
vn 0.1338 -0.1267 -0.9829
vn 0.3794 0.0307 -0.9247
vn 0.4241 -0.0715 -0.9028
vn 0.1340 -0.1232 -0.9833
vn 0.4243 -0.0680 -0.9030
vn 0.1500 -0.1624 -0.9753
vn 0.1573 -0.2049 -0.9661
vn 0.1497 -0.1658 -0.9747
vn 0.4242 -0.0713 -0.9028
vn 0.4400 -0.1811 -0.8796
vn 0.4242 -0.0711 -0.9028
vn 0.5419 -0.0319 -0.8399
vn 0.1570 -0.2044 -0.9662
vn 0.4238 -0.0708 -0.9030
vn 0.4396 -0.1808 -0.8798
vn -0.0003 0.9771 -0.2130
vn -0.4958 0.8494 -0.1812
vn -0.4957 0.8494 -0.1812
vn -0.4951 0.8498 -0.1807
vn -0.8197 0.5605 -0.1181
vn -0.4950 0.8499 -0.1807
vn 0.0001 0.9772 -0.2125
vn -0.0000 0.9772 -0.2125
vn -0.4954 0.8496 -0.1807
vn -0.4963 0.8490 -0.1812
vn -0.9081 0.4096 -0.0870
vn -0.8205 0.5592 -0.1185
vn 0.4956 0.8495 -0.1809
vn 0.0001 0.9771 -0.2127
vn -0.9078 0.4103 -0.0871
vn -1.0000 -0.0000 -0.0003
vn -0.8202 0.5597 -0.1186
vn 0.4956 0.8494 -0.1812
vn 0.0002 0.9770 -0.2130
vn -0.9078 0.4103 -0.0866
vn -1.0000 -0.0001 0.0002
vn 0.8197 0.5604 -0.1184
vn 0.4951 0.8498 -0.1810
vn -1.0000 0.0001 0.0003
vn -1.0000 -0.0000 0.0003
vn -0.8666 -0.4883 0.1027
vn 0.8202 0.5597 -0.1180
vn 0.9078 0.4103 -0.0865
vn 0.4959 0.8494 -0.1806
vn -1.0000 -0.0005 0.0001
vn -0.8664 -0.4888 0.1025
vn -0.8664 -0.4888 0.1024
vn 0.9078 0.4104 -0.0867
vn 0.8202 0.5598 -0.1182
vn -0.8666 -0.4884 0.1023
vn -0.5734 -0.8009 0.1726
vn 1.0000 -0.0000 -0.0002
vn 1.0000 -0.0001 -0.0002
vn 0.9078 0.4103 -0.0870
vn -0.4171 -0.8890 0.1887
vn -0.4172 -0.8890 0.1890
vn -0.0003 -0.9771 0.2129
vn -0.5734 -0.8008 0.1729
vn -0.4167 -0.8893 0.1887
vn 0.0003 -0.9771 0.2126
vn 0.0002 -0.9771 0.2126
vn 0.8670 -0.4879 0.1019
vn 1.0000 0.0006 -0.0006
vn 1.0000 0.0005 -0.0005
vn 0.8664 -0.4887 0.1031
vn 1.0000 -0.0005 0.0007
vn 0.8663 -0.4888 0.1031
vn 0.5729 -0.8013 0.1723
vn 0.8664 -0.4889 0.1020
vn 0.8663 -0.4890 0.1021
vn 0.5740 -0.8003 0.1731
vn 0.4180 -0.8885 0.1891
vn 0.8671 -0.4875 0.1026
vn 0.0002 -0.9771 0.2128
vn 0.4171 -0.8890 0.1889
vn 0.5733 -0.8009 0.1728
vn -0.0004 -0.9771 0.2126
vn -0.0005 -0.9771 0.2126
vn 0.4165 -0.8893 0.1887
vn -0.7063 -0.6904 0.1566
vn -0.7049 -0.6918 0.1563
vn -0.7049 -0.6919 0.1563
vn 0.7063 -0.6903 0.1569
vn 0.7041 -0.6928 0.1561
vn 0.7040 -0.6928 0.1561
vn 0.9774 0.2061 -0.0474
vn 0.9774 0.2061 -0.0476
vn 0.9777 0.2044 -0.0474
vn 0.9778 0.2043 -0.0474
vn 0.9777 0.2043 -0.0474
vn 0.9867 0.1574 -0.0408
vn 0.9866 0.1582 -0.0390
vn -0.0000 -0.0000 1.0000
vn -0.0000 0.0157 0.9999
vn -0.0000 0.0140 0.9999
vn -0.0000 0.0532 0.9986
vn -0.0000 0.0533 0.9986
vn -0.0000 0.0185 0.9998
vn -0.0000 0.0578 0.9983
vn -0.0000 0.0551 0.9985
vn -0.0000 0.0949 0.9955
vn -0.0000 0.0552 0.9985
vn -0.0000 0.0923 0.9957
vn -0.0000 0.0924 0.9957
vn -0.0000 0.1157 0.9933
vn -0.0000 0.1160 0.9932
vn -0.0000 0.0926 0.9957
vn -0.0000 0.1303 0.9915
vn -0.0000 0.1074 0.9942
vn -0.0000 0.1072 0.9942
vn 0.0001 0.0885 0.9961
vn -0.0000 0.1099 0.9939
vn 0.0001 0.1121 0.9937
vn -0.0000 0.1075 0.9942
vn -0.0000 0.1304 0.9915
vn -0.0000 0.1073 0.9942
vn -0.0001 0.1211 0.9926
vn -0.0000 0.1197 0.9928
vn -0.0001 0.0977 0.9952
vn -0.9510 0.3010 -0.0710
vn -0.9521 0.2977 -0.0704
vn 1.0000 -0.0000 0.0005
vn 1.0000 -0.0000 0.0017
vn 1.0000 -0.0000 -0.0007
vn -1.0000 -0.0000 -0.0015
vn -1.0000 -0.0000 0.0065
vn -1.0000 -0.0000 -0.0025
vn -0.9999 -0.0000 0.0105
vn -0.9999 -0.0000 0.0106
vn 0.1178 0.9187 -0.3769
vn -0.0000 0.9771 -0.2128
vn 0.3218 0.9262 -0.1963
vn 0.1178 0.9188 -0.3769
vn -0.0000 0.9022 -0.4314
vn -0.0000 0.9771 -0.2127
vn 0.6325 0.7173 -0.2923
vn 0.1193 0.9183 -0.3775
vn 0.3234 0.9256 -0.1968
vn 0.6308 0.7190 -0.2917
vn 0.3209 0.9267 -0.1957
vn 0.7959 0.5923 -0.1258
vn -0.0000 0.9030 -0.4296
vn 0.1177 0.9195 -0.3752
vn 0.0553 0.6019 -0.7967
vn 0.9765 0.1176 -0.1807
vn 0.6319 0.7180 -0.2919
vn 0.7969 0.5908 -0.1259
vn 0.9763 0.1175 -0.1820
vn 0.7967 0.5909 -0.1272
vn 0.9620 0.2673 -0.0562
vn 0.9764 0.1181 -0.1811
vn 0.9618 0.2673 -0.0586
vn -0.0000 0.9011 -0.4337
vn 0.0553 0.5983 -0.7993
vn -0.0007 0.4070 -0.9134
vn 0.5521 0.4095 -0.7262
vn 0.1180 0.9183 -0.3778
vn 0.6317 0.7178 -0.2929
vn 0.5515 0.4134 -0.7246
vn 0.6301 0.7201 -0.2905
vn 0.9762 0.1213 -0.1796
vn 0.5526 0.4094 -0.7260
vn 0.0560 0.5996 -0.7983
vn 0.1185 0.9184 -0.3776
vn -0.0000 0.4152 -0.9097
vn 0.0552 0.6050 -0.7943
vn 0.0158 0.1726 -0.9849
vn -0.0000 0.4037 -0.9149
vn 0.0158 0.1592 -0.9871
vn -0.0000 0.1515 -0.9885
vn 0.2514 0.0465 -0.9668
vn 0.0158 0.1650 -0.9862
vn 0.0552 0.6000 -0.7981
vn 0.2516 0.0471 -0.9667
vn 0.0554 0.6003 -0.7978
vn 0.5523 0.4102 -0.7257
vn 0.5528 0.4083 -0.7264
vn 0.9766 0.1157 -0.1812
vn 0.7543 -0.0807 -0.6516
vn 0.2521 0.0423 -0.9668
vn 0.5536 0.4071 -0.7265
vn 0.7536 -0.0828 -0.6521
vn 0.7539 -0.0790 -0.6522
vn 0.9763 0.1177 -0.1814
vn 0.9743 -0.0476 -0.2204
vn 0.2518 0.0561 -0.9661
vn 0.7545 -0.0702 -0.6525
vn 0.3700 -0.1719 -0.9130
vn 0.7543 -0.0787 -0.6518
vn 0.9744 -0.0473 -0.2198
vn 0.5919 -0.1658 -0.7888
vn 0.3701 -0.1801 -0.9114
vn 0.7545 -0.0779 -0.6517
vn 0.5924 -0.1650 -0.7886
vn 0.3690 -0.1807 -0.9117
vn 0.5914 -0.1666 -0.7890
vn 0.3611 -0.1964 -0.9116
vn -0.0000 0.9773 -0.2121
vn -0.1178 0.9190 -0.3764
vn -0.3217 0.9264 -0.1957
vn -0.0000 0.9771 -0.2129
vn -0.0000 0.9021 -0.4315
vn -0.1177 0.9187 -0.3769
vn -0.3231 0.9256 -0.1970
vn -0.1191 0.9182 -0.3777
vn -0.6323 0.7174 -0.2926
vn -0.3222 0.9262 -0.1960
vn -0.6317 0.7182 -0.2918
vn -0.7966 0.5918 -0.1233
vn -0.0000 0.9024 -0.4308
vn -0.0553 0.6009 -0.7974
vn -0.1177 0.9190 -0.3763
vn 0.0008 0.9003 -0.4352
vn -0.0000 0.4056 -0.9140
vn -0.0553 0.5969 -0.8004
vn -0.0000 0.4147 -0.9099
vn -0.0158 0.1720 -0.9850
vn -0.0552 0.6046 -0.7946
vn -0.0000 0.4075 -0.9132
vn -0.0000 0.1561 -0.9877
vn -0.0158 0.1638 -0.9864
vn -0.2511 0.0438 -0.9670
vn -0.0552 0.5984 -0.7993
vn -0.0157 0.1621 -0.9866
vn -0.5524 0.4087 -0.7265
vn -0.1184 0.9180 -0.3784
vn -0.0559 0.5989 -0.7989
vn -0.2521 0.0544 -0.9662
vn -0.5516 0.4161 -0.7229
vn -0.0552 0.6052 -0.7941
vn -0.5523 0.4101 -0.7258
vn -0.6316 0.7182 -0.2921
vn -0.1180 0.9187 -0.3770
vn -0.7971 0.5906 -0.1257
vn -0.6322 0.7178 -0.2917
vn -0.9766 0.1173 -0.1805
vn -0.5506 0.4108 -0.7266
vn -0.9759 0.1192 -0.1827
vn -0.6300 0.7190 -0.2934
vn -0.7960 0.5920 -0.1258
vn -0.9763 0.1189 -0.1808
vn -0.9616 0.2690 -0.0545
vn -1.0000 -0.0000 -0.0007
vn -0.9618 0.2680 -0.0558
vn -0.9763 0.1180 -0.1817
vn -1.0000 -0.0000 -0.0016
vn -0.9761 0.1180 -0.1825
vn -0.9740 -0.0471 -0.2215
vn -0.5518 0.4097 -0.7264
vn -0.7536 -0.0789 -0.6526
vn -0.9763 0.1177 -0.1819
vn -0.2518 0.0403 -0.9669
vn -0.7531 -0.0844 -0.6524
vn -0.5537 0.4057 -0.7272
vn -0.7539 -0.0790 -0.6522
vn -0.9743 -0.0476 -0.2204
vn -0.9763 0.1177 -0.1814
vn -0.2522 0.0556 -0.9661
vn -0.3703 -0.1724 -0.9128
vn -0.7547 -0.0707 -0.6523
vn -0.7557 -0.0788 -0.6502
vn -0.5926 -0.1736 -0.7866
vn -0.9748 -0.0473 -0.2178
vn -0.3685 -0.1793 -0.9122
vn -0.5903 -0.1720 -0.7886
vn -0.7534 -0.0774 -0.6530
vn -0.3699 -0.1812 -0.9112
vn -0.3620 -0.1968 -0.9112
vn -0.5913 -0.1737 -0.7875
vn -0.9378 0.3378 -0.0804
vn -0.9377 0.3386 -0.0781
vn 0.7847 0.6199 -0.0000
vn 0.9438 0.3304 0.0001
vn 0.9697 0.2445 -0.0000
vn 0.9438 0.3304 -0.0000
vn 0.9439 0.3303 -0.0000
vn 1.0000 -0.0000 -0.0005
vn 0.9854 0.1655 -0.0394
vn 0.9795 0.1973 -0.0399
vn 0.7565 0.6384 -0.1418
vn 0.9795 0.1976 -0.0395
vn 0.9854 0.1657 -0.0394
vn 0.7566 0.6386 -0.1407
vn 0.7422 0.6552 -0.1409
vn 0.9795 0.1977 -0.0383
vn 0.4642 0.8652 -0.1893
vn 0.7421 0.6550 -0.1425
vn 0.7565 0.6383 -0.1423
vn 0.4635 0.8659 -0.1883
vn 0.7561 0.6390 -0.1414
vn 0.4856 0.8555 -0.1799
vn 0.9697 0.2443 -0.0000
vn 0.9697 0.2445 0.0011
vn 1.0000 -0.0000 0.0011
vn 1.0000 -0.0079 -0.0000
vn 1.0000 -0.0079 -0.0001
vn 0.9851 0.1655 -0.0473
vn 1.0000 -0.0080 0.0003
vn 0.9851 0.1654 -0.0469
vn 0.9807 0.1894 -0.0485
vn 0.7568 0.6379 -0.1426
vn 0.9807 0.1893 -0.0483
vn 0.9851 0.1652 -0.0481
vn 0.7563 0.6386 -0.1422
vn 0.7304 0.6681 -0.1418
vn 0.9806 0.1902 -0.0479
vn 0.4736 0.8621 -0.1802
vn 0.7302 0.6687 -0.1400
vn 0.7565 0.6388 -0.1403
vn 0.4749 0.8608 -0.1829
vn 0.7569 0.6377 -0.1429
vn 0.4810 0.8576 -0.1823
vn 1.0000 -0.0000 -0.0003
vn 1.0000 -0.0000 0.0003
vn 0.9999 -0.0157 -0.0002
vn 0.9999 -0.0157 0.0004
vn 0.9854 0.1655 -0.0390
vn 0.9999 -0.0157 0.0002
vn 0.9854 0.1656 -0.0392
vn 0.9810 0.1884 -0.0469
vn 0.7565 0.6384 -0.1421
vn 0.9809 0.1885 -0.0474
vn 0.9854 0.1657 -0.0397
vn 0.7564 0.6386 -0.1417
vn 0.7306 0.6680 -0.1413
vn 0.9809 0.1887 -0.0470
vn 0.4806 0.8579 -0.1816
vn 0.7310 0.6674 -0.1419
vn 0.7567 0.6381 -0.1423
vn 0.4799 0.8586 -0.1804
vn 0.4738 0.8618 -0.1811
vn 0.7304 0.6684 -0.1409
vn -0.9438 0.3304 -0.0000
vn -0.7847 0.6199 -0.0000
vn -0.9697 0.2445 -0.0000
vn -1.0000 -0.0000 -0.0011
vn -0.9438 0.3304 -0.0010
vn -0.9439 0.3301 0.0010
vn -1.0000 -0.0000 0.0011
vn -1.0000 -0.0000 -0.0005
vn -0.9854 0.1655 -0.0394
vn -0.9795 0.1975 -0.0399
vn -0.9854 0.1655 -0.0398
vn -0.7565 0.6384 -0.1418
vn -0.9854 0.1657 -0.0394
vn -0.9795 0.1976 -0.0395
vn -0.7566 0.6386 -0.1407
vn -0.9795 0.1977 -0.0383
vn -0.7422 0.6552 -0.1409
vn -0.7567 0.6383 -0.1415
vn -0.7421 0.6552 -0.1418
vn -0.4643 0.8654 -0.1885
vn -0.7559 0.6389 -0.1430
vn -0.4633 0.8656 -0.1899
vn -0.4855 0.8552 -0.1815
vn -0.9439 0.3303 -0.0000
vn -0.9697 0.2443 -0.0000
vn -1.0000 -0.0000 -0.0046
vn -0.9698 0.2439 -0.0044
vn -0.9697 0.2443 0.0006
vn -1.0000 -0.0000 0.0005
vn -1.0000 -0.0078 -0.0004
vn -1.0000 -0.0079 -0.0000
vn -0.9851 0.1655 -0.0473
vn -0.9807 0.1898 -0.0474
vn -0.7565 0.6385 -0.1416
vn -0.9850 0.1657 -0.0471
vn -0.9806 0.1901 -0.0473
vn -0.7569 0.6381 -0.1413
vn -0.9808 0.1895 -0.0468
vn -0.7311 0.6676 -0.1408
vn -0.7563 0.6387 -0.1416
vn -0.7304 0.6682 -0.1412
vn -0.4739 0.8617 -0.1815
vn -0.7568 0.6377 -0.1432
vn -0.4748 0.8608 -0.1833
vn -0.4809 0.8575 -0.1826
vn -0.9999 -0.0157 0.0002
vn -0.9999 -0.0157 -0.0000
vn -0.9999 -0.0158 -0.0003
vn -0.9810 0.1883 -0.0474
vn -0.9854 0.1655 -0.0397
vn -0.7564 0.6384 -0.1422
vn -0.9854 0.1658 -0.0398
vn -0.9809 0.1885 -0.0475
vn -0.7565 0.6385 -0.1417
vn -0.9809 0.1885 -0.0470
vn -0.7307 0.6679 -0.1413
vn -0.4803 0.8583 -0.1804
vn -0.7566 0.6385 -0.1412
vn -0.7306 0.6681 -0.1408
vn -0.4803 0.8582 -0.1810
vn -0.7307 0.6679 -0.1414
vn -0.4741 0.8615 -0.1817
vn -0.9665 -0.2509 0.0543
vn -0.9662 -0.2516 0.0556
vn 0.9663 -0.2518 0.0541
vn 0.9664 -0.2511 0.0555
vn 0.9995 -0.0315 -0.0000
vn 0.9827 0.1808 -0.0393
vn 0.9995 -0.0313 -0.0000
vn 0.9827 0.1810 -0.0393
vn 0.9824 0.1809 -0.0471
vn 0.9825 0.1800 -0.0471
vn 0.9828 0.1802 -0.0393
vn 0.7425 0.6546 -0.1420
vn 0.9824 0.1807 -0.0476
vn 0.7307 0.6678 -0.1419
vn 0.7310 0.6675 -0.1422
vn 0.7421 0.6549 -0.1429
vn 0.4650 0.8664 -0.1820
vn 0.7304 0.6684 -0.1405
vn 0.4645 0.8671 -0.1802
vn 0.4799 0.8586 -0.1801
vn -0.9995 -0.0315 -0.0000
vn -0.9827 0.1808 -0.0393
vn -0.9824 0.1807 -0.0471
vn -0.9824 0.1805 -0.0477
vn -0.7421 0.6549 -0.1426
vn -0.9827 0.1808 -0.0399
vn -0.9825 0.1803 -0.0472
vn -0.7312 0.6675 -0.1408
vn -0.7424 0.6548 -0.1415
vn -0.7308 0.6678 -0.1409
vn -0.4651 0.8666 -0.1807
vn -0.7422 0.6550 -0.1416
vn -0.7306 0.6678 -0.1425
vn -0.4800 0.8582 -0.1822
vn -0.4646 0.8666 -0.1823
vn 0.9053 -0.3012 -0.2996
vn 0.7872 -0.2225 0.5751
vn 0.7873 -0.2228 -0.5748
vn 0.7874 -0.2122 -0.5788
vn 0.3838 0.0084 -0.9234
vn 0.9068 -0.2915 -0.3044
vn 0.9067 -0.2970 -0.2993
vn 0.9067 -0.2972 0.2992
vn 0.7882 -0.2180 0.5755
vn 0.3843 -0.0169 0.9231
vn 0.7828 -0.2374 0.5753
vn 0.9014 -0.3168 0.2952
vn 0.3846 -0.0000 -0.9231
vn 0.3843 -0.0157 -0.9231
vn 0.9054 -0.2996 -0.3010
vn 0.3862 -0.0157 -0.9223
vn 0.3863 -0.0000 -0.9224
vn -0.0000 -0.0000 -1.0000
vn 0.3862 -0.0158 -0.9223
vn -0.0000 -0.0157 -0.9999
vn 0.3873 -0.0158 -0.9218
vn 0.9267 -0.0078 -0.3758
vn 0.9063 -0.2994 -0.2982
vn 0.3786 0.0158 0.9254
vn 0.3855 -0.0000 0.9227
vn 0.9057 -0.2994 0.3001
vn 0.3795 0.0158 0.9251
vn 0.3863 -0.0000 0.9224
vn 0.9224 0.0079 0.3862
vn 0.9060 -0.2994 0.2994
vn 0.9060 -0.2993 -0.2994
vn 0.9263 -0.0079 -0.3768
vn 0.9227 0.0079 0.3853
vn 0.3805 0.0158 0.9246
vn 0.9063 -0.2994 0.2982
vn 0.3795 0.0157 0.9251
vn -0.0000 0.0550 0.9985
vn 0.9260 -0.0236 -0.3767
vn 0.3857 -0.0170 -0.9225
vn 0.9258 -0.0248 -0.3772
vn 0.9259 -0.0091 -0.3777
vn 0.3786 0.0163 0.9254
vn 0.9220 0.0084 0.3872
vn 0.9216 0.0242 0.3873
vn 0.9225 0.0079 0.3860
vn 0.9260 -0.0235 -0.3769
vn 0.9222 0.0236 0.3860
vn 0.3795 0.0159 0.9251
vn 0.3791 0.0474 0.9241
vn 0.3806 0.0146 0.9246
vn 0.9225 0.0224 0.3854
vn 0.3797 0.0462 0.9239
vn 0.3778 0.0945 0.9210
vn 0.3791 0.0475 0.9241
vn 0.3778 0.0945 0.9211
vn 0.0079 0.0949 0.9955
vn 0.3793 0.0487 0.9240
vn 0.9223 0.0249 0.3857
vn 0.9216 0.0407 0.3860
vn 0.3809 0.0463 0.9234
vn 0.9223 0.0382 0.3847
vn 0.3791 0.0934 0.9206
vn 0.0079 0.0967 0.9953
vn 0.3781 0.0962 0.9208
vn 0.3637 0.3891 0.8464
vn 0.9215 0.0405 0.3862
vn 0.3636 0.3886 0.8466
vn 0.3773 0.0956 0.9211
vn 0.0079 0.0964 0.9953
vn 0.3639 0.3891 0.8463
vn 0.2507 0.3540 0.9010
vn 0.9218 0.0237 0.3871
vn 0.9286 -0.0393 -0.3689
vn 0.9213 0.0394 0.3868
vn 0.9221 0.0237 0.3862
vn 0.9283 -0.0393 -0.3697
vn 0.7455 0.5879 0.3140
vn 0.2510 0.3521 0.9017
vn 0.3641 0.3873 0.8470
vn 0.9217 0.0395 0.3859
vn 0.9107 0.2591 0.3217
vn 0.3641 0.3879 0.8467
vn 0.7446 0.5901 0.3120
vn 0.3625 0.3916 0.8457
vn 0.9100 0.2630 0.3205
vn 0.4096 0.5196 0.7498
vn 0.2504 0.3519 0.9019
vn 0.7452 0.5880 0.3144
vn 0.9217 0.0394 0.3860
vn 0.9039 0.1493 -0.4008
vn 0.9107 0.2591 0.3219
vn 0.9104 0.2592 0.3224
vn 0.7316 0.4329 -0.5266
vn 0.7450 0.5884 0.3143
vn 0.9111 0.2578 0.3217
vn 0.9041 0.1481 -0.4008
vn 0.7320 0.4314 -0.5274
vn 0.9284 -0.0405 -0.3694
vn 0.3380 0.1166 -0.9339
vn 0.9043 0.1482 -0.4003
vn 0.3371 0.1212 -0.9336
vn 0.7306 0.4356 -0.5258
vn 0.9038 0.1529 -0.3997
vn 0.9282 -0.0345 -0.3704
vn 0.3859 -0.0978 -0.9173
vn 0.3373 0.1220 -0.9335
vn 0.3859 -0.1005 -0.9170
vn 0.9280 -0.0408 -0.3703
vn 0.9255 -0.0251 -0.3780
vn 0.3377 0.1200 -0.9336
vn 0.1818 0.0894 -0.9793
vn 0.7307 0.4345 -0.5266
vn 0.3379 0.1117 -0.9345
vn -0.0000 -0.1170 -0.9931
vn 0.1821 0.0806 -0.9800
vn 0.3379 0.1158 -0.9340
vn 0.3868 -0.1048 -0.9162
vn -0.0000 -0.1127 -0.9936
vn 0.3682 0.2327 -0.9001
vn 0.7283 0.4422 -0.5235
vn 0.1795 0.1002 -0.9786
vn -0.0000 -0.0612 -0.9981
vn -0.0000 -0.1088 -0.9941
vn 0.3869 -0.1012 -0.9166
vn 0.3866 -0.1016 -0.9166
vn 0.9258 -0.0225 -0.3773
vn 0.3849 -0.0541 -0.9214
vn -0.0000 -0.0636 -0.9980
vn 0.3872 -0.1033 -0.9162
vn 0.3856 -0.0558 -0.9210
vn 0.3861 -0.0158 -0.9223
vn 0.3855 -0.0551 -0.9210
vn 0.9260 -0.0236 -0.3769
vn 0.3859 -0.0569 -0.9208
vn -0.0000 -0.0177 -0.9998
vn -0.0000 -0.0648 -0.9979
vn 0.3852 -0.0534 -0.9213
vn 0.3864 -0.0141 -0.9222
vn -0.0000 -0.0139 -0.9999
vn 0.3704 0.2100 -0.9048
vn 0.5699 0.5842 -0.5779
vn 0.7331 0.4244 -0.5315
vn 0.5670 0.5909 -0.5739
vn 0.7449 0.5885 0.3144
vn 0.7317 0.4331 -0.5263
vn 0.4243 0.6495 -0.6310
vn 0.5669 0.5876 -0.5773
vn 0.3681 0.2161 -0.9043
vn 0.4250 0.6519 -0.6281
vn 0.3700 0.2199 -0.9026
vn 0.2844 0.3385 -0.8970
vn 0.5665 0.5904 -0.5749
vn 0.5824 0.7560 0.2987
vn 0.7452 0.5886 0.3134
vn 0.4248 0.6517 -0.6284
vn 0.5831 0.7553 0.2993
vn 0.5674 0.5901 -0.5743
vn 0.4113 0.5141 0.7527
vn 0.7467 0.5838 0.3188
vn 0.5851 0.7523 0.3028
vn 0.4226 0.6530 -0.6285
vn 0.4323 0.8421 0.3226
vn 0.5821 0.7560 0.2993
vn 0.4300 0.8457 0.3160
vn 0.4099 0.5280 0.7438
vn 0.5806 0.7602 0.2915
vn 0.4327 0.8412 0.3243
vn 0.3063 0.6514 0.6941
vn 0.4093 0.5188 0.7505
vn -0.9067 -0.2970 -0.2993
vn -0.7882 -0.2179 0.5755
vn -0.9067 -0.2972 0.2992
vn -0.9014 -0.3168 0.2952
vn -0.7828 -0.2374 0.5753
vn -0.3843 -0.0169 0.9231
vn -0.9053 -0.3012 -0.2995
vn -0.7873 -0.2228 -0.5748
vn -0.7873 -0.2225 0.5750
vn -0.3831 0.0287 -0.9233
vn -0.7908 -0.1918 -0.5813
vn -0.9108 -0.2713 -0.3113
vn -0.3867 -0.0000 0.9222
vn -0.3799 0.0158 0.9249
vn -0.9061 -0.2993 0.2990
vn -0.3795 0.0158 0.9251
vn -0.3863 -0.0000 0.9224
vn -0.0000 0.0527 0.9986
vn -0.3792 0.0137 0.9252
vn -0.0000 0.0134 0.9999
vn -0.3870 -0.0158 -0.9219
vn -0.3869 -0.0000 -0.9221
vn -0.9062 -0.2993 -0.2988
vn -0.3863 -0.0000 -0.9224
vn -0.3862 -0.0157 -0.9223
vn -0.3862 -0.0158 -0.9223
vn -0.9056 -0.2994 -0.3005
vn -0.9258 -0.0078 -0.3779
vn -0.3852 -0.0158 -0.9227
vn -0.0000 -0.0133 -0.9999
vn -0.3865 -0.0135 -0.9222
vn -0.3851 -0.0528 -0.9214
vn -0.0000 -0.0178 -0.9998
vn -0.3859 -0.0569 -0.9208
vn -0.9265 -0.0248 -0.3754
vn -0.3873 -0.0171 -0.9218
vn -0.9265 -0.0092 -0.3761
vn -0.9259 -0.0235 -0.3771
vn -0.3853 -0.0551 -0.9211
vn -0.3858 -0.0158 -0.9224
vn -0.9060 -0.2993 -0.2994
vn -0.9224 0.0079 0.3862
vn -0.9263 -0.0079 -0.3768
vn -0.9060 -0.2994 -0.2993
vn -0.9060 -0.2994 0.2994
vn -0.9260 -0.0235 -0.3767
vn -0.9263 -0.0078 -0.3768
vn -0.3784 0.0158 0.9255
vn -0.9219 0.0079 0.3874
vn -0.9056 -0.2993 0.3005
vn -0.3870 -0.1026 -0.9163
vn -0.0000 -0.0627 -0.9980
vn -0.3857 -0.0550 -0.9210
vn -0.9259 -0.0225 -0.3771
vn -0.3868 -0.1016 -0.9165
vn -0.3851 -0.0541 -0.9213
vn -0.0000 -0.1103 -0.9939
vn -0.9255 -0.0235 -0.3781
vn -0.9230 0.0079 0.3847
vn -0.9227 0.0237 0.3847
vn -0.9216 0.0241 0.3873
vn -0.9220 0.0084 0.3872
vn -0.3786 0.0163 0.9254
vn -0.9259 -0.0252 -0.3769
vn -0.9284 -0.0409 -0.3693
vn -0.3870 -0.1043 -0.9162
vn -0.9281 -0.0393 -0.3701
vn -0.9259 -0.0235 -0.3770
vn -0.9223 0.0236 0.3858
vn -0.0000 -0.1124 -0.9937
vn -0.3868 -0.1045 -0.9162
vn -0.3378 0.1160 -0.9340
vn -0.9289 -0.0346 -0.3687
vn -0.3392 0.1219 -0.9328
vn -0.3878 -0.0972 -0.9166
vn -0.3376 0.1159 -0.9341
vn -0.1818 0.0850 -0.9797
vn -0.9223 0.0224 0.3858
vn -0.3802 0.0146 0.9248
vn -0.3793 0.0438 0.9242
vn -0.0000 0.0569 0.9984
vn -0.3789 0.0491 0.9241
vn -0.3799 0.0176 0.9249
vn -0.9283 -0.0393 -0.3697
vn -0.9221 0.0237 0.3862
vn -0.9217 0.0394 0.3860
vn -0.3793 0.0487 0.9240
vn -0.9216 0.0407 0.3860
vn -0.9223 0.0270 0.3856
vn -0.0000 0.0545 0.9985
vn -0.3780 0.0940 0.9210
vn -0.3790 0.0469 0.9242
vn -0.3795 0.0462 0.9240
vn -0.3778 0.0933 0.9212
vn -0.9217 0.0382 0.3859
vn -0.0079 0.0943 0.9955
vn -0.3779 0.0940 0.9211
vn -0.3637 0.3888 0.8465
vn -0.3780 0.0960 0.9208
vn -0.0079 0.0964 0.9953
vn -0.3636 0.3886 0.8466
vn -0.9215 0.0405 0.3862
vn -0.3773 0.0956 0.9212
vn -0.3639 0.3891 0.8463
vn -0.0079 0.0965 0.9953
vn -0.2507 0.3541 0.9010
vn -0.9039 0.1493 -0.4008
vn -0.9284 -0.0406 -0.3694
vn -0.9043 0.1482 -0.4003
vn -0.3380 0.1166 -0.9339
vn -0.3641 0.3879 0.8468
vn -0.9106 0.2591 0.3218
vn -0.9217 0.0395 0.3860
vn -0.9107 0.2591 0.3219
vn -0.7447 0.5894 0.3130
vn -0.3643 0.3893 0.8460
vn -0.2510 0.3544 0.9008
vn -0.7442 0.5890 0.3151
vn -0.9100 0.2598 0.3232
vn -0.3627 0.3881 0.8473
vn -0.7443 0.5902 0.3125
vn -0.2501 0.3555 0.9006
vn -0.4094 0.5228 0.7477
vn -0.9108 0.2594 0.3212
vn -0.7311 0.4327 -0.5276
vn -0.9035 0.1496 -0.4016
vn -0.7302 0.4356 -0.5264
vn -0.3365 0.1214 -0.9338
vn -0.9035 0.1531 -0.4002
vn -0.9110 0.2589 0.3209
vn -0.7456 0.5883 0.3129
vn -0.7313 0.4321 -0.5276
vn -0.7305 0.4349 -0.5265
vn -0.1819 0.0902 -0.9792
vn -0.3378 0.1207 -0.9334
vn -0.3680 0.2314 -0.9006
vn -0.1796 0.0991 -0.9787
vn -0.7285 0.4413 -0.5239
vn -0.5669 0.5910 -0.5739
vn -0.7317 0.4331 -0.5263
vn -0.7449 0.5884 0.3144
vn -0.3686 0.2165 -0.9040
vn -0.7316 0.4300 -0.5290
vn -0.5672 0.5884 -0.5763
vn -0.3709 0.2146 -0.9035
vn -0.5689 0.5861 -0.5769
vn -0.4270 0.6487 -0.6300
vn -0.3682 0.2231 -0.9026
vn -0.4228 0.6541 -0.6272
vn -0.2823 0.3417 -0.8964
vn -0.5665 0.5904 -0.5749
vn -0.7452 0.5886 0.3134
vn -0.5825 0.7560 0.2987
vn -0.4247 0.6513 -0.6288
vn -0.5672 0.5898 -0.5748
vn -0.5832 0.7554 0.2989
vn -0.7469 0.5840 0.3179
vn -0.4119 0.5148 0.7519
vn -0.5853 0.7525 0.3019
vn -0.4238 0.6524 -0.6284
vn -0.5822 0.7560 0.2993
vn -0.4323 0.8420 0.3226
vn -0.4300 0.8457 0.3160
vn -0.5806 0.7602 0.2915
vn -0.4099 0.5279 0.7438
vn -0.4327 0.8412 0.3243
vn -0.4093 0.5188 0.7505
vn -0.3063 0.6514 0.6941
vn 0.7426 0.6529 -0.1491
vn 0.7409 0.6544 -0.1509
vn 0.3797 0.0167 0.9249
vn 0.9222 0.0245 0.3859
vn 0.3793 0.0640 0.9230
vn -0.0000 0.0625 0.9980
vn 0.3794 0.0155 0.9251
vn 0.3788 0.0628 0.9233
vn 0.0079 0.1187 0.9929
vn -0.0000 0.0634 0.9980
vn 0.3788 0.0636 0.9233
vn -0.0000 0.0154 0.9999
vn 0.0079 0.1174 0.9931
vn 0.3786 0.0624 0.9235
vn 0.3773 0.1093 0.9196
vn 0.9213 0.0488 0.3857
vn 0.3776 0.1116 0.9192
vn 0.3787 0.0647 0.9233
vn 0.9215 0.0456 0.3857
vn 0.3789 0.0615 0.9234
vn 0.9220 0.0220 0.3866
vn 0.0079 0.1144 0.9934
vn 0.3768 0.1065 0.9202
vn 0.3626 0.3983 0.8425
vn 0.9221 0.0449 0.3842
vn 0.3641 0.3995 0.8413
vn 0.3799 0.1078 0.9187
vn 0.0078 0.1239 0.9923
vn 0.3612 0.4056 0.8396
vn 0.2359 0.3751 0.8965
vn 0.4104 -0.3630 0.8365
vn -0.0000 -0.3863 0.9224
vn 0.7423 0.5908 0.3162
vn 0.2364 0.3690 0.8989
vn 0.3617 0.4000 0.8421
vn 0.3935 0.5199 0.7582
vn 0.2375 0.3632 0.9009
vn 0.7437 0.5872 0.3195
vn 0.9214 0.0480 0.3857
vn 0.9095 0.2696 0.3164
vn 0.3616 0.4017 0.8413
vn 0.7419 0.5925 0.3139
vn 0.3626 0.4025 0.8405
vn 0.9100 0.2699 0.3146
vn -0.0000 -0.3887 0.9214
vn 0.4098 -0.8376 0.3612
vn 0.4107 -0.3650 0.8355
vn -0.0000 -0.3827 0.9239
vn -0.0000 -0.9206 0.3906
vn 0.4108 -0.8346 0.3669
vn 0.9152 -0.1319 0.3808
vn 0.4067 -0.3674 0.8364
vn 0.4060 -0.8389 0.3625
vn 0.3794 0.0158 0.9251
vn 0.4102 -0.3630 0.8366
vn 0.9165 -0.1264 0.3795
vn 0.9170 -0.1243 0.3790
vn 0.4118 -0.8357 0.3634
vn 0.9205 -0.3907 0.0001
vn -0.0000 -0.9224 0.3863
vn 0.4104 -0.8365 -0.3630
vn 0.4104 -0.8365 0.3631
vn 0.4119 -0.8357 0.3632
vn 0.4119 -0.8357 -0.3632
vn 0.9202 -0.3915 -0.0000
vn -0.0000 -0.9224 -0.3863
vn 0.9166 -0.1264 -0.3793
vn 0.9166 -0.1264 0.3792
vn 0.9196 -0.3929 -0.0000
vn 0.4118 -0.8356 -0.3635
vn 0.9170 -0.1243 -0.3791
vn 0.9205 -0.3907 -0.0001
vn 0.3802 0.0158 0.9247
vn 0.9169 -0.1265 0.3785
vn 0.9226 0.0079 0.3856
vn 0.9166 -0.1264 0.3793
vn 0.9166 -0.1264 -0.3792
vn 0.3795 0.0190 0.9250
vn 0.9223 0.0079 0.3863
vn -0.0000 -0.9207 -0.3903
vn 0.4095 -0.3603 -0.8381
vn 0.4109 -0.8348 -0.3664
vn 0.4065 -0.8391 -0.3614
vn 0.4074 -0.3680 -0.8358
vn 0.9157 -0.1323 -0.3795
vn 0.0015 -0.9231 -0.3845
vn -0.0000 -0.3883 -0.9215
vn 0.4106 -0.3648 -0.8357
vn 0.4104 -0.3630 -0.8365
vn -0.0000 -0.3863 -0.9224
vn -0.0000 -0.0236 -0.9997
vn 0.9166 -0.1265 -0.3792
vn 0.3860 -0.0236 -0.9222
vn 0.9165 -0.1264 -0.3795
vn 0.4102 -0.3630 -0.8366
vn 0.3862 -0.0236 -0.9221
vn 0.3870 -0.0237 -0.9218
vn 0.9266 -0.0079 -0.3761
vn 0.9169 -0.1264 -0.3785
vn 0.9258 -0.0314 -0.3766
vn 0.9263 -0.0078 -0.3768
vn 0.9253 -0.0302 -0.3780
vn 0.9259 -0.0068 -0.3776
vn 0.3852 -0.0225 -0.9226
vn 0.9258 -0.0313 -0.3766
vn 0.9221 0.0236 0.3862
vn -0.0000 -0.0241 -0.9997
vn 0.3854 -0.0712 -0.9200
vn 0.3861 -0.0241 -0.9221
vn 0.9261 -0.0316 -0.3760
vn 0.3870 -0.0240 -0.9218
vn 0.3859 -0.0711 -0.9198
vn -0.0000 -0.0790 -0.9969
vn 0.3853 -0.0712 -0.9200
vn -0.0000 -0.1328 -0.9911
vn 0.3854 -0.0699 -0.9201
vn -0.0000 -0.0776 -0.9970
vn 0.9253 -0.0318 -0.3780
vn 0.3841 -0.0711 -0.9206
vn 0.3845 -0.1264 -0.9144
vn -0.0000 -0.1345 -0.9909
vn 0.3861 -0.1268 -0.9137
vn 0.3851 -0.0715 -0.9201
vn 0.9274 -0.0550 -0.3699
vn 0.9223 0.0236 0.3857
vn 0.9257 -0.0314 -0.3770
vn 0.9262 -0.0318 -0.3757
vn 0.3868 -0.1265 -0.9134
vn 0.9280 -0.0553 -0.3685
vn 0.9276 -0.0588 -0.3689
vn 0.9214 0.0472 0.3858
vn 0.3386 0.0933 -0.9363
vn 0.3858 -0.1274 -0.9137
vn -0.0000 -0.1352 -0.9908
vn 0.9271 -0.0519 -0.3712
vn 0.3839 -0.1228 -0.9152
vn 0.3369 0.0970 -0.9365
vn 0.3385 0.0929 -0.9364
vn -0.0000 -0.1354 -0.9908
vn 0.1897 0.0695 -0.9794
vn 0.9205 0.0472 0.3878
vn 0.9285 -0.0551 -0.3671
vn 0.9059 0.1417 -0.3991
vn 0.9272 -0.0558 -0.3703
vn 0.3378 0.0937 -0.9365
vn 0.9047 0.1410 -0.4020
vn 0.9215 0.0473 0.3856
vn 0.9048 0.1416 -0.4015
vn 0.9098 0.2690 0.3161
vn 0.3385 0.0964 -0.9360
vn 0.1896 0.0732 -0.9791
vn 0.7278 0.4324 -0.5323
vn 0.3387 0.0918 -0.9364
vn 0.7292 0.4286 -0.5334
vn 0.9050 0.1390 -0.4020
vn 0.9094 0.2704 0.3161
vn 0.9045 0.1430 -0.4018
vn 0.7278 0.4320 -0.5326
vn 0.3706 0.2022 -0.9065
vn 0.7292 0.4288 -0.5333
vn 0.1902 0.0683 -0.9794
vn 0.9076 0.2724 0.3194
vn 0.7293 0.4307 -0.5317
vn 0.7416 0.5911 0.3171
vn 0.3701 0.2079 -0.9054
vn 0.5661 0.5844 -0.5814
vn 0.7280 0.4334 -0.5312
vn 0.5674 0.5822 -0.5823
vn 0.7420 0.5912 0.3160
vn 0.7291 0.4305 -0.5321
vn 0.4158 0.6422 -0.6439
vn 0.5655 0.5867 -0.5796
vn 0.3699 0.2100 -0.9050
vn 0.4177 0.6392 -0.6457
vn 0.3706 0.2059 -0.9057
vn 0.2757 0.3240 -0.9050
vn 0.5681 0.5805 -0.5833
vn 0.5757 0.7614 0.2979
vn 0.7436 0.5903 0.3141
vn 0.4188 0.6374 -0.6468
vn 0.5751 0.7617 0.2985
vn 0.5678 0.5817 -0.5824
vn 0.3886 0.5393 0.7471
vn 0.7380 0.6016 0.3058
vn 0.5676 0.7697 0.2921
vn 0.4169 0.6394 -0.6461
vn 0.4242 0.8430 0.3309
vn 0.5781 0.7598 0.2974
vn 0.4279 0.8407 0.3319
vn 0.3951 0.5231 0.7552
vn 0.5760 0.7601 0.3008
vn 0.4225 0.8451 0.3276
vn 0.2727 0.6643 0.6960
vn 0.3910 0.5311 0.7517
vn 0.3861 -0.0236 -0.9222
vn 0.3861 -0.0239 -0.9221
vn -0.0000 -0.0239 -0.9997
vn -0.0000 -0.0866 -0.9962
vn 0.4107 -0.8360 -0.3639
vn -0.0000 -0.3851 -0.9229
vn 0.4103 -0.3620 -0.8370
vn 0.9155 -0.1292 -0.3810
vn 0.4075 -0.8378 -0.3635
vn 0.4078 -0.3651 -0.8369
vn 0.4099 -0.8386 -0.3588
vn -0.0000 -0.9243 -0.3818
vn -0.0000 -0.3903 -0.9207
vn 0.3851 -0.0788 -0.9195
vn 0.3851 -0.0781 -0.9196
vn -0.0000 -0.0857 -0.9963
vn -0.0000 -0.1574 -0.9875
vn 0.4100 -0.8368 0.3630
vn 0.4100 -0.8368 -0.3630
vn 0.9194 -0.3934 -0.0000
vn -0.0000 -0.3950 0.9187
vn 0.4083 -0.8404 0.3565
vn 0.4116 -0.3703 0.8328
vn -0.0000 0.0236 0.9997
vn 0.9157 -0.1272 0.3811
vn 0.4087 -0.3634 0.8372
vn 0.4087 -0.8369 0.3642
vn 0.3794 0.0237 0.9249
vn 0.3793 0.0237 0.9250
vn -0.0000 0.0786 0.9969
vn -0.0000 0.0238 0.9997
vn 0.3794 0.0239 0.9249
vn -0.0000 0.0789 0.9969
vn 0.3795 0.0241 0.9249
vn 0.3785 0.0714 0.9228
vn 0.3802 0.0237 0.9246
vn 0.3792 0.0703 0.9226
vn 0.3802 0.0254 0.9246
vn 0.9226 0.0072 0.3857
vn 0.3784 0.0698 0.9230
vn 0.0079 0.1324 0.9912
vn -0.0000 0.0772 0.9970
vn 0.3869 -0.0236 -0.9218
vn 0.9266 -0.0078 -0.3760
vn 0.3784 0.0712 0.9229
vn 0.9222 0.0081 0.3866
vn 0.9217 0.0317 0.3865
vn 0.9219 0.0315 0.3861
vn 0.9259 -0.0316 -0.3765
vn 0.9263 -0.0081 -0.3768
vn 0.3863 -0.0239 -0.9221
vn 0.9258 -0.0315 -0.3766
vn 0.9264 -0.0307 -0.3752
vn 0.3878 -0.0230 -0.9215
vn 0.3868 -0.0779 -0.9189
vn 0.9219 0.0322 0.3860
vn 0.9276 -0.0550 -0.3694
vn 0.9271 -0.0557 -0.3706
vn 0.9253 -0.0320 -0.3778
vn 0.3840 -0.0791 -0.9199
vn 0.9209 0.0554 0.3859
vn 0.9218 0.0318 0.3863
vn 0.9221 0.0315 0.3857
vn 0.9275 -0.0562 -0.3696
vn 0.9211 0.0551 0.3854
vn 0.3788 0.0718 0.9227
vn 0.3791 0.1272 0.9166
vn 0.0079 0.1346 0.9909
vn 0.9212 0.0556 0.3852
vn 0.3800 0.1269 0.9163
vn 0.3791 0.0715 0.9226
vn 0.0079 0.1344 0.9909
vn 0.3793 0.1270 0.9165
vn 0.3789 0.4111 0.8291
vn 0.9213 0.0533 0.3851
vn 0.3802 0.4094 0.8294
vn 0.3806 0.1247 0.9163
vn 0.0079 0.1338 0.9910
vn 0.3790 0.4107 0.8292
vn 0.2749 0.3693 0.8877
vn 0.9273 -0.0543 -0.3704
vn 0.3841 -0.0777 -0.9200
vn 0.3847 -0.1407 -0.9123
vn 0.3850 -0.0788 -0.9195
vn -0.0000 -0.1581 -0.9874
vn 0.3852 -0.1416 -0.9119
vn -0.0000 -0.1562 -0.9877
vn 0.3382 0.0880 -0.9370
vn 0.3854 -0.1398 -0.9121
vn 0.9276 -0.0534 -0.3698
vn 0.3848 -0.1399 -0.9124
vn 0.3385 0.0880 -0.9369
vn -0.0000 -0.1635 -0.9865
vn 0.1901 0.0502 -0.9805
vn 0.3391 0.0817 -0.9372
vn 0.3791 0.4093 0.8299
vn 0.7424 0.5906 0.3163
vn 0.2751 0.3677 0.8883
vn 0.4019 0.5362 0.7423
vn 0.2744 0.3689 0.8880
vn 0.7415 0.5918 0.3161
vn 0.9273 -0.0579 -0.3698
vn 0.3386 0.0841 -0.9372
vn 0.9054 0.1391 -0.4011
vn 0.9210 0.0586 0.3852
vn 0.9049 0.1416 -0.4013
vn 0.3387 0.0883 -0.9367
vn 0.1897 0.0572 -0.9802
vn 0.7303 0.4258 -0.5342
vn 0.3384 0.0902 -0.9367
vn 0.7301 0.4274 -0.5332
vn 0.9049 0.1452 -0.4001
vn 0.9211 0.0551 0.3855
vn 0.9049 0.1416 -0.4015
vn 0.9078 0.2763 0.3155
vn 0.9208 0.0567 0.3859
vn 0.9071 0.2778 0.3162
vn 0.3783 0.4119 0.8290
vn 0.7315 0.4220 -0.5355
vn 0.9087 0.2739 0.3151
vn 0.9051 0.1393 -0.4016
vn 0.3789 0.4112 0.8291
vn 0.9076 0.2768 0.3156
vn 0.7414 0.5923 0.3155
vn 0.7311 0.4239 -0.5346
vn 0.7421 0.5914 0.3155
vn 0.9079 0.2759 0.3155
vn 0.3717 0.2089 -0.9046
vn 0.7309 0.4270 -0.5325
vn 0.1909 0.0594 -0.9798
vn 0.5661 0.5841 -0.5817
vn 0.7404 0.5931 0.3162
vn 0.7302 0.4260 -0.5341
vn 0.3710 0.2005 -0.9067
vn 0.5681 0.5799 -0.5839
vn 0.7318 0.4207 -0.5362
vn 0.4172 0.6373 -0.6479
vn 0.5664 0.5815 -0.5840
vn 0.3691 0.2033 -0.9069
vn 0.4187 0.6374 -0.6468
vn 0.3708 0.2036 -0.9061
vn 0.2691 0.3221 -0.9077
vn 0.5668 0.5825 -0.5826
vn 0.5765 0.7660 0.2843
vn 0.7418 0.5918 0.3156
vn 0.4170 0.6397 -0.6457
vn 0.5754 0.7667 0.2848
vn 0.5661 0.5835 -0.5823
vn 0.4028 0.5339 0.7434
vn 0.7422 0.5899 0.3180
vn 0.5775 0.7647 0.2861
vn 0.4188 0.6373 -0.6468
vn 0.4259 0.8485 0.3141
vn 0.5754 0.7669 0.2843
vn 0.4246 0.8498 0.3123
vn 0.4031 0.5384 0.7400
vn 0.5765 0.7669 0.2821
vn 0.4251 0.8480 0.3166
vn 0.2751 0.6815 0.6782
vn 0.4021 0.5343 0.7435
vn -0.9220 0.0245 0.3865
vn -0.3791 0.0167 0.9252
vn -0.3787 0.0640 0.9233
vn -0.3793 0.0151 0.9251
vn -0.0000 0.0621 0.9981
vn -0.3789 0.0624 0.9233
vn -0.3788 0.0635 0.9233
vn -0.0000 0.0632 0.9980
vn -0.0079 0.1185 0.9929
vn -0.3794 0.0151 0.9251
vn -0.0000 0.0150 0.9999
vn -0.3788 0.0631 0.9233
vn -0.0079 0.1182 0.9930
vn -0.3772 0.1100 0.9196
vn -0.4104 -0.3631 0.8365
vn -0.4104 -0.3630 0.8365
vn -0.9218 0.0489 0.3845
vn -0.3801 0.0649 0.9227
vn -0.3790 0.1117 0.9186
vn -0.9210 0.0455 0.3869
vn -0.9215 0.0219 0.3877
vn -0.3779 0.0614 0.9238
vn -0.3617 0.4015 0.8414
vn -0.3773 0.1107 0.9195
vn -0.0079 0.1189 0.9929
vn -0.3617 0.3991 0.8425
vn -0.9212 0.0447 0.3865
vn -0.3776 0.1075 0.9197
vn -0.3617 0.4012 0.8415
vn -0.0078 0.1183 0.9929
vn -0.2363 0.3704 0.8983
vn -0.4108 -0.8359 0.3642
vn -0.0000 -0.3847 0.9230
vn -0.4102 -0.3617 0.8372
vn -0.4103 -0.8366 0.3628
vn -0.0000 -0.9225 0.3861
vn -0.0000 -0.3865 0.9223
vn -0.4104 -0.8365 0.3630
vn -0.7412 0.5929 0.3147
vn -0.3620 0.4026 0.8408
vn -0.2365 0.3719 0.8976
vn -0.9161 -0.1326 0.3783
vn -0.4073 -0.8392 0.3605
vn -0.4082 -0.3682 0.8353
vn -0.9165 -0.1264 0.3795
vn -0.4102 -0.3630 0.8367
vn -0.3793 0.0158 0.9252
vn -0.7414 0.5925 0.3151
vn -0.2362 0.3714 0.8979
vn -0.3926 0.5272 0.7536
vn -0.9170 -0.1243 0.3790
vn -0.9205 -0.3908 0.0001
vn -0.4118 -0.8356 0.3635
vn -0.4104 -0.8365 -0.3631
vn -0.4119 -0.8357 0.3632
vn -0.9202 -0.3915 -0.0000
vn -0.4119 -0.8357 -0.3632
vn -0.9166 -0.1264 -0.3792
vn -0.9196 -0.3929 -0.0000
vn -0.9166 -0.1264 0.3793
vn -0.9170 -0.1243 -0.3790
vn -0.4118 -0.8356 -0.3635
vn -0.9205 -0.3907 -0.0001
vn -0.9169 -0.1265 0.3785
vn -0.3802 0.0158 0.9247
vn -0.9226 0.0079 0.3856
vn -0.9166 -0.1264 -0.3793
vn -0.9166 -0.1264 0.3792
vn -0.9224 0.0078 0.3862
vn -0.9221 0.0236 0.3862
vn -0.9223 0.0079 0.3863
vn -0.3796 0.0158 0.9250
vn -0.4085 -0.3574 -0.8399
vn -0.0000 -0.9189 -0.3945
vn -0.4115 -0.8330 -0.3699
vn -0.9161 -0.1327 -0.3782
vn -0.4082 -0.3685 -0.8352
vn -0.4072 -0.8393 -0.3603
vn -0.4111 -0.3694 -0.8334
vn -0.0017 -0.3933 -0.9194
vn -0.0000 -0.9250 -0.3799
vn -0.4104 -0.3630 -0.8365
vn -0.3864 -0.0236 -0.9220
vn -0.4105 -0.3630 -0.8365
vn -0.9167 -0.1264 -0.3792
vn -0.3862 -0.0236 -0.9221
vn -0.3870 -0.0236 -0.9218
vn -0.9169 -0.1264 -0.3785
vn -0.9266 -0.0079 -0.3761
vn -0.9258 -0.0314 -0.3766
vn -0.9259 -0.0303 -0.3765
vn -0.3865 -0.0210 -0.9221
vn -0.9265 -0.0068 -0.3763
vn -0.9253 -0.0314 -0.3780
vn -0.9230 0.0079 0.3846
vn -0.9228 0.0236 0.3847
vn -0.3853 -0.0710 -0.9200
vn -0.0000 -0.0238 -0.9997
vn -0.3861 -0.0239 -0.9221
vn -0.9261 -0.0317 -0.3760
vn -0.3859 -0.0711 -0.9198
vn -0.3870 -0.0239 -0.9218
vn -0.3853 -0.0708 -0.9201
vn -0.0000 -0.0785 -0.9969
vn -0.3853 -0.0709 -0.9201
vn -0.0000 -0.1338 -0.9910
vn -0.0000 -0.0786 -0.9969
vn -0.3848 -0.1264 -0.9143
vn -0.3844 -0.0712 -0.9204
vn -0.9254 -0.0319 -0.3777
vn -0.3852 -0.0713 -0.9201
vn -0.3860 -0.1265 -0.9138
vn -0.0000 -0.1342 -0.9910
vn -0.9280 -0.0550 -0.3686
vn -0.9262 -0.0313 -0.3758
vn -0.9218 0.0236 0.3869
vn -0.3858 -0.1263 -0.9139
vn -0.9257 -0.0317 -0.3769
vn -0.9275 -0.0553 -0.3696
vn -0.9271 -0.0550 -0.3708
vn -0.9228 0.0237 0.3847
vn -0.9220 0.0473 0.3844
vn -0.0000 -0.1344 -0.9909
vn -0.3859 -0.1268 -0.9138
vn -0.3384 0.0938 -0.9363
vn -0.9279 -0.0522 -0.3691
vn -0.3392 0.0968 -0.9357
vn -0.3862 -0.1233 -0.9141
vn -0.0000 -0.1341 -0.9910
vn -0.3383 0.0941 -0.9363
vn -0.1895 0.0707 -0.9793
vn -0.9214 0.0473 0.3858
vn -0.9049 0.1417 -0.4013
vn -0.9276 -0.0588 -0.3689
vn -0.9277 -0.0559 -0.3692
vn -0.9052 0.1408 -0.4009
vn -0.3387 0.0937 -0.9362
vn -0.7278 0.4323 -0.5323
vn -0.1896 0.0732 -0.9791
vn -0.3385 0.0964 -0.9360
vn -0.7285 0.4312 -0.5323
vn -0.3398 0.0908 -0.9361
vn -0.9050 0.1421 -0.4010
vn -0.3706 0.2022 -0.9065
vn -0.1902 0.0683 -0.9794
vn -0.7292 0.4288 -0.5333
vn -0.9210 0.0472 0.3866
vn -0.9094 0.2689 0.3172
vn -0.9052 0.1417 -0.4006
vn -0.9071 0.2755 0.3183
vn -0.7278 0.4320 -0.5326
vn -0.9045 0.1430 -0.4018
vn -0.3626 0.4021 0.8407
vn -0.9099 0.2696 0.3152
vn -0.9219 0.0481 0.3844
vn -0.7414 0.5922 0.3156
vn -0.9096 0.2695 0.3163
vn -0.3615 0.4016 0.8414
vn -0.9096 0.2684 0.3171
vn -0.7418 0.5912 0.3166
vn -0.7291 0.4306 -0.5320
vn -0.3687 0.2141 -0.9045
vn -0.7265 0.4388 -0.5287
vn -0.5640 0.5881 -0.5796
vn -0.5685 0.5816 -0.5818
vn -0.7302 0.4298 -0.5310
vn -0.7427 0.5900 0.3167
vn -0.3697 0.2025 -0.9068
vn -0.5669 0.5807 -0.5843
vn -0.4179 0.6368 -0.6480
vn -0.3701 0.2029 -0.9065
vn -0.4182 0.6371 -0.6474
vn -0.2756 0.3208 -0.9062
vn -0.5675 0.5814 -0.5830
vn -0.7428 0.5909 0.3147
vn -0.5750 0.7619 0.2982
vn -0.4185 0.6380 -0.6464
vn -0.5676 0.5821 -0.5823
vn -0.5746 0.7619 0.2988
vn -0.7404 0.5945 0.3135
vn -0.3912 0.5297 0.7526
vn -0.5718 0.7646 0.2974
vn -0.4172 0.6389 -0.6464
vn -0.5732 0.7629 0.2989
vn -0.4246 0.8429 0.3306
vn -0.4269 0.8413 0.3315
vn -0.5753 0.7609 0.3001
vn -0.3942 0.5242 0.7549
vn -0.4170 0.8473 0.3291
vn -0.3904 0.5302 0.7527
vn -0.2722 0.6633 0.6970
vn -0.3869 -0.0236 -0.9218
vn -0.9266 -0.0079 -0.3760
vn -0.9259 -0.0316 -0.3765
vn -0.3862 -0.0284 -0.9220
vn -0.9263 -0.0081 -0.3768
vn -0.9219 0.0322 0.3860
vn -0.9219 0.0315 0.3861
vn -0.9276 -0.0550 -0.3696
vn -0.9258 -0.0315 -0.3768
vn -0.9220 0.0315 0.3859
vn -0.3806 0.0713 0.9220
vn -0.9228 0.0318 0.3840
vn -0.9233 0.0082 0.3839
vn -0.9276 -0.0550 -0.3694
vn -0.9210 0.0586 0.3852
vn -0.9201 0.0552 0.3877
vn -0.9211 0.0317 0.3879
vn -0.3769 0.0710 0.9235
vn -0.9278 -0.0557 -0.3690
vn -0.3855 -0.0793 -0.9193
vn -0.9259 -0.0321 -0.3764
vn -0.9264 -0.0306 -0.3752
vn -0.3868 -0.0779 -0.9189
vn -0.3878 -0.0229 -0.9215
vn -0.9273 -0.0543 -0.3704
vn -0.3847 -0.1406 -0.9123
vn -0.3841 -0.0777 -0.9200
vn -0.3861 -0.0237 -0.9221
vn -0.3851 -0.0786 -0.9195
vn -0.0000 -0.0863 -0.9963
vn -0.0000 -0.0864 -0.9963
vn -0.3851 -0.0787 -0.9195
vn -0.0000 -0.1572 -0.9876
vn -0.3853 -0.0778 -0.9195
vn -0.3851 -0.1408 -0.9121
vn -0.0000 -0.1548 -0.9879
vn -0.3856 -0.1386 -0.9122
vn -0.3379 0.0891 -0.9370
vn -0.9276 -0.0534 -0.3698
vn -0.3385 0.0880 -0.9369
vn -0.3848 -0.1399 -0.9124
vn 0.0001 -0.1640 -0.9865
vn -0.3391 0.0813 -0.9372
vn -0.1901 0.0498 -0.9805
vn -0.3864 -0.0237 -0.9220
vn -0.9167 -0.1264 -0.3791
vn -0.4099 -0.8374 -0.3617
vn -0.4106 -0.3646 -0.8358
vn -0.0000 -0.3882 -0.9216
vn -0.4094 -0.8382 -0.3603
vn -0.9169 -0.1303 -0.3772
vn -0.4101 -0.3666 -0.8351
vn -0.4100 -0.8382 -0.3597
vn -0.0000 -0.3894 -0.9211
vn -0.0000 -0.9239 -0.3827
vn -0.4100 -0.8368 0.3630
vn -0.9194 -0.3934 -0.0000
vn -0.4100 -0.8368 -0.3630
vn -0.4111 -0.8335 0.3690
vn -0.0000 -0.9195 0.3930
vn -0.0000 -0.3807 0.9247
vn -0.4090 -0.8390 0.3590
vn -0.0000 -0.3918 0.9201
vn -0.4112 -0.3676 0.8342
vn -0.9167 -0.1278 0.3787
vn -0.4099 -0.8371 0.3622
vn -0.4101 -0.3642 0.8361
vn -0.3802 0.0237 0.9246
vn -0.3792 0.0237 0.9250
vn -0.3794 0.0237 0.9249
vn -0.3794 0.0238 0.9249
vn -0.0000 0.0237 0.9997
vn -0.3792 0.0703 0.9226
vn -0.9226 0.0072 0.3857
vn -0.3802 0.0231 0.9246
vn -0.3795 0.0238 0.9249
vn -0.3785 0.0711 0.9229
vn -0.3784 0.0695 0.9230
vn -0.0000 0.0768 0.9970
vn -0.0079 0.1321 0.9912
vn -0.3789 0.0725 0.9226
vn -0.0079 0.1353 0.9908
vn -0.3791 0.1279 0.9165
vn -0.9221 0.0558 0.3829
vn -0.3817 0.0718 0.9215
vn -0.3824 0.1273 0.9152
vn -0.3792 0.4102 0.8294
vn -0.3792 0.1258 0.9167
vn -0.0079 0.1331 0.9911
vn -0.3791 0.4092 0.8300
vn -0.9209 0.0532 0.3862
vn -0.3796 0.1245 0.9167
vn -0.3795 0.4102 0.8293
vn -0.0084 0.1332 0.9910
vn -0.2754 0.3688 0.8878
vn -0.3790 0.4107 0.8293
vn -0.2749 0.3693 0.8877
vn -0.7417 0.5918 0.3156
vn -0.7418 0.5917 0.3155
vn -0.2751 0.3693 0.8877
vn -0.4026 0.5365 0.7417
vn -0.3789 0.4122 0.8286
vn -0.9073 0.2778 0.3155
vn -0.9211 0.0568 0.3851
vn -0.3789 0.4112 0.8291
vn -0.7414 0.5923 0.3155
vn -0.9076 0.2768 0.3156
vn -0.9213 0.0552 0.3848
vn -0.9080 0.2763 0.3149
vn -0.9046 0.1416 -0.4020
vn -0.9210 0.0551 0.3857
vn -0.9049 0.1416 -0.4013
vn -0.9276 -0.0562 -0.3693
vn -0.9276 -0.0580 -0.3690
vn -0.9058 0.1390 -0.4003
vn -0.3394 0.0840 -0.9369
vn -0.7318 0.4221 -0.5351
vn -0.9054 0.1393 -0.4011
vn -0.9070 0.2773 0.3171
vn -0.7308 0.4248 -0.5343
vn -0.3375 0.0905 -0.9370
vn -0.9049 0.1421 -0.4012
vn -0.7311 0.4239 -0.5346
vn -0.9080 0.2758 0.3155
vn -0.7421 0.5914 0.3155
vn -0.7302 0.4261 -0.5341
vn -0.1898 0.0577 -0.9801
vn -0.3388 0.0887 -0.9367
vn -0.3702 0.2088 -0.9052
vn -0.1891 0.0595 -0.9802
vn -0.7299 0.4275 -0.5334
vn -0.5669 0.5833 -0.5818
vn -0.7311 0.4251 -0.5337
vn -0.7413 0.5920 0.3163
vn -0.3712 0.1956 -0.9077
vn -0.7324 0.4166 -0.5386
vn -0.5691 0.5769 -0.5859
vn -0.3710 0.2074 -0.9052
vn -0.5668 0.5845 -0.5807
vn -0.4176 0.6403 -0.6447
vn -0.3697 0.2023 -0.9069
vn -0.4180 0.6368 -0.6479
vn -0.2679 0.3208 -0.9085
vn -0.5663 0.5834 -0.5822
vn -0.7410 0.5924 0.3162
vn -0.5758 0.7665 0.2846
vn -0.4161 0.6404 -0.6456
vn -0.5651 0.5841 -0.5827
vn -0.5745 0.7675 0.2846
vn -0.7420 0.5909 0.3167
vn -0.4027 0.5353 0.7425
vn -0.5770 0.7654 0.2851
vn -0.4196 0.6365 -0.6472
vn -0.5789 0.7649 0.2826
vn -0.4269 0.8481 0.3138
vn -0.4229 0.8506 0.3125
vn -0.5750 0.7681 0.2818
vn -0.4013 0.5396 0.7401
vn -0.4251 0.8484 0.3155
vn -0.4026 0.5353 0.7425
vn -0.2755 0.6825 0.6770
vn 0.7705 0.6215 -0.1417
vn 0.7719 0.6198 -0.1418
vn -0.6681 0.7253 -0.1660
vn -0.6365 0.7517 -0.1726
vn -0.6354 0.7526 -0.1728
vn -0.7052 0.6932 -0.1487
vn -0.7086 0.6896 -0.1494
vn 0.7062 0.6919 -0.1498
vn 0.7071 0.6912 -0.1492
vn 0.3067 0.9279 -0.2119
vn 0.3068 0.9278 -0.2123
vn -0.2126 0.9521 -0.2200
vn -0.2118 0.9522 -0.2199
vn 0.3547 0.9122 -0.2052
vn 0.3536 0.9129 -0.2040
vn -0.9666 0.2505 -0.0541
vn -0.9660 0.2524 -0.0555
vn 0.9662 0.2516 -0.0556
vn 0.9665 0.2509 -0.0542
vn -0.1661 0.9610 -0.2212
vn -0.1655 0.9612 -0.2207
vn -0.8411 0.1183 -0.5278
vn -0.8420 0.3232 0.4320
vn -0.8723 0.1027 0.4780
vn -0.7550 0.5248 0.3932
vn -0.8419 0.3210 0.4339
vn -0.8422 0.1164 -0.5264
vn -0.8713 -0.1016 -0.4800
vn -0.8722 0.1027 0.4783
vn -0.8424 -0.1176 0.5258
vn -0.8415 0.1185 -0.5270
vn -0.8717 0.1026 0.4791
vn -0.8720 -0.1016 -0.4789
vn -0.8718 -0.1017 -0.4791
vn -0.8417 -0.1175 0.5270
vn -0.8421 -0.3221 -0.4326
vn -0.8424 -0.1165 0.5262
vn -0.7548 -0.5248 -0.3935
vn -0.8417 -0.3209 -0.4342
vn -0.8717 -0.1025 -0.4793
vn -0.7541 0.5256 0.3938
vn -0.7546 0.3217 -0.5719
vn -0.8587 0.1325 -0.4950
vn -0.7543 0.3203 -0.5732
vn -0.8423 0.1167 -0.5262
vn -0.6155 0.7038 0.3548
vn -0.7540 0.5273 0.3917
vn -0.7529 0.3226 -0.5737
vn -0.7728 0.5256 0.3557
vn -0.7552 0.5241 0.3937
vn -0.6169 0.7009 0.3581
vn -0.8570 0.1361 -0.4970
vn -0.7688 0.3405 -0.5412
vn -0.7528 0.3245 -0.5727
vn -0.8669 0.3155 0.3861
vn -0.7695 0.3379 -0.5420
vn -0.8580 0.1341 -0.4959
vn -0.7686 0.3373 -0.5435
vn -0.6137 0.5040 -0.6078
vn -0.7528 0.3216 -0.5743
vn -0.6175 0.7012 0.3565
vn -0.7551 0.3201 -0.5722
vn -0.6168 0.5035 -0.6051
vn -0.7690 0.3395 -0.5416
vn -0.6304 0.5227 -0.5740
vn -0.6140 0.5062 -0.6056
vn -0.6300 0.5240 -0.5731
vn -0.4319 0.6414 -0.6341
vn -0.6133 0.5075 -0.6052
vn -0.8888 -0.0943 -0.4484
vn -0.8669 0.3152 0.3861
vn -0.8580 0.1338 -0.4960
vn -0.8720 -0.1020 -0.4787
vn -0.8892 -0.0943 -0.4478
vn -0.8583 0.1338 -0.4955
vn -0.8418 -0.3215 -0.4335
vn -0.8889 -0.0933 -0.4485
vn -0.8719 -0.1009 -0.4792
vn -0.8972 0.0865 0.4331
vn -0.8669 0.3151 0.3862
vn -0.4302 0.8404 0.3298
vn -0.6136 0.5058 -0.6064
vn -0.4314 0.6381 -0.6377
vn -0.4325 0.8393 0.3295
vn -0.6166 0.7023 0.3558
vn -0.6152 0.5036 -0.6066
vn -0.2845 0.9113 0.2976
vn -0.4329 0.8391 0.3295
vn -0.4339 0.6362 -0.6379
vn -0.8418 -0.3230 -0.4325
vn -0.8595 -0.3159 -0.4019
vn -0.8888 -0.0949 -0.4484
vn -0.8595 -0.3154 -0.4022
vn -0.8973 0.0865 0.4328
vn -0.8888 -0.0944 -0.4484
vn -0.7540 -0.5268 -0.3924
vn -0.8593 -0.3160 -0.4022
vn -0.8416 -0.3231 -0.4327
vn -0.8594 -0.3155 -0.4024
vn -0.8667 -0.1341 0.4805
vn -0.8974 0.0864 0.4327
vn -0.7547 -0.5250 -0.3934
vn -0.7724 -0.5265 -0.3552
vn -0.8602 -0.3139 -0.4019
vn -0.7719 -0.5277 -0.3546
vn -0.8667 -0.1340 0.4805
vn -0.8594 -0.3154 -0.4023
vn -0.6161 -0.7017 -0.3578
vn -0.7719 -0.5266 -0.3563
vn -0.7543 -0.5250 -0.3942
vn -0.7547 -0.5262 -0.3920
vn -0.6145 -0.5036 0.6073
vn -0.6166 -0.7029 -0.3546
vn -0.6135 -0.5056 0.6066
vn -0.4299 -0.8403 -0.3301
vn -0.6150 -0.7041 -0.3551
vn -0.4318 -0.8391 -0.3307
vn -0.6291 -0.7070 -0.3231
vn -0.6164 -0.7024 -0.3560
vn -0.7716 -0.5281 -0.3546
vn -0.4313 -0.8398 -0.3297
vn -0.4401 -0.8494 -0.2912
vn -0.6286 -0.7076 -0.3227
vn -0.4404 -0.8493 -0.2910
vn -0.6385 -0.5282 0.5597
vn -0.6289 -0.7075 -0.3224
vn -0.6290 -0.7075 -0.3220
vn -0.7802 -0.3467 0.5206
vn -0.7720 -0.5278 -0.3541
vn -0.7721 -0.5275 -0.3544
vn -0.7805 -0.3467 0.5203
vn -0.8666 -0.1337 0.4807
vn -0.6289 -0.7074 -0.3225
vn -0.6387 -0.5282 0.5595
vn -0.7805 -0.3469 0.5201
vn -0.7625 -0.3398 0.5506
vn -0.8660 -0.1352 0.4814
vn -0.7799 -0.3483 0.5201
vn -0.6383 -0.5266 0.5615
vn -0.7630 -0.3370 0.5516
vn -0.7801 -0.3454 0.5217
vn -0.4394 0.8506 0.2888
vn -0.2819 0.9126 0.2960
vn -0.2346 0.9357 0.2633
vn -0.4394 0.8513 0.2867
vn -0.4302 0.8416 0.3266
vn -0.2817 0.9134 0.2938
vn -0.4413 0.8490 0.2907
vn -0.2367 0.9344 0.2662
vn -0.2292 0.7479 -0.6229
vn -0.6281 0.7084 0.3220
vn -0.4309 0.8404 0.3287
vn -0.4397 0.8502 0.2897
vn -0.6294 0.7068 0.3229
vn -0.6167 0.7022 0.3559
vn -0.4322 0.8389 0.3307
vn -0.7710 0.5285 0.3552
vn -0.6152 0.7037 0.3554
vn -0.6281 0.7082 0.3224
vn -0.7714 0.5287 0.3541
vn -0.6281 0.7082 0.3225
vn -0.6272 0.5187 -0.5810
vn -0.6293 0.7071 0.3224
vn -0.4416 0.6613 -0.6063
vn -0.6283 0.5175 -0.5809
vn -0.6291 0.7074 0.3222
vn -0.4406 0.8493 0.2908
vn -0.4412 0.6614 -0.6065
vn -0.4399 0.8495 0.2914
vn -0.2281 0.7489 -0.6223
vn -0.4407 0.6622 -0.6061
vn -0.4404 0.6635 -0.6049
vn -0.2279 0.7510 -0.6198
vn -0.2754 0.7198 -0.6372
vn -0.2772 0.7146 -0.6423
vn -0.2289 0.7437 -0.6281
vn -0.1506 0.7055 -0.6925
vn -0.4417 0.6572 -0.6108
vn -0.2770 0.7135 -0.6436
vn -0.4340 0.6338 -0.6402
vn -0.2752 0.7200 -0.6371
vn -0.1491 0.7139 -0.6842
vn -0.2506 0.8037 -0.5397
vn -0.2762 0.7182 -0.6386
vn -0.4343 0.8372 0.3322
vn -0.4329 0.6377 -0.6371
vn -0.2523 0.9534 0.1655
vn -0.2763 0.7179 -0.6390
vn -0.2530 0.8013 -0.5421
vn -0.2748 0.7189 -0.6385
vn -0.2747 0.9157 0.2933
vn -0.4330 0.8379 0.3323
vn -0.2521 0.9535 0.1652
vn -0.2762 0.9157 0.2918
vn -0.2760 0.7178 -0.6392
vn -0.4403 0.8498 0.2899
vn -0.4343 0.8378 0.3310
vn -0.2761 0.9160 0.2909
vn -0.1401 0.9351 0.3256
vn -0.2751 0.9168 0.2895
vn -0.2511 0.9543 0.1622
vn -0.4412 0.8481 0.2934
vn -0.2769 0.9146 0.2947
vn -0.2283 0.9329 0.2785
vn -0.1412 0.9332 0.3306
vn -0.2277 0.9339 0.2758
vn -0.2765 0.9154 0.2926
vn -0.4399 0.8496 0.2910
vn -0.2270 0.9342 0.2751
vn -0.2594 0.9455 -0.1967
vn -0.1340 0.9695 -0.2054
vn -0.2277 0.9343 0.2743
vn -0.1412 0.9337 0.3290
vn -0.1343 0.9695 -0.2051
vn -0.2603 0.9452 -0.1972
vn -0.2279 0.9342 0.2745
vn -0.0005 0.9786 -0.2056
vn -0.2604 0.9451 -0.1973
vn -0.1345 0.9694 -0.2053
vn 0.0011 0.9791 -0.2033
vn -0.1329 0.9701 -0.2031
vn 0.0013 0.9791 -0.2033
vn 0.1329 0.9701 -0.2032
vn -0.0011 0.9791 -0.2034
vn -0.0012 0.9791 -0.2034
vn 0.1345 0.9694 -0.2055
vn 0.2605 0.9451 -0.1975
vn 0.0006 0.9786 -0.2058
vn 0.2277 0.9343 0.2743
vn 0.2600 0.9452 -0.1973
vn 0.1341 0.9695 -0.2053
vn 0.2278 0.9342 0.2747
vn 0.1342 0.9695 -0.2050
vn 0.1413 0.9336 0.3294
vn 0.2597 0.9454 -0.1969
vn 0.2274 0.9342 0.2748
vn 0.4401 0.8495 0.2909
vn 0.1413 0.9332 0.3304
vn 0.2764 0.9154 0.2926
vn 0.2277 0.9339 0.2756
vn 0.4406 0.8487 0.2925
vn 0.2279 0.9335 0.2769
vn 0.2764 0.9151 0.2936
vn 0.2603 0.9452 -0.1971
vn 0.4406 0.8493 0.2908
vn 0.4958 0.8493 -0.1811
vn 0.1401 0.9353 0.3249
vn 0.2512 0.9543 0.1618
vn 0.2752 0.9169 0.2890
vn 0.4953 0.8496 -0.1813
vn 0.4403 0.8495 0.2906
vn 0.6288 0.7078 0.3218
vn 0.4958 0.8495 -0.1807
vn 0.6289 0.7074 0.3226
vn 0.7079 0.6920 -0.1413
vn 0.8666 0.4884 -0.1025
vn 0.7078 0.6920 -0.1416
vn 0.6290 0.7075 0.3222
vn 0.2521 0.9536 0.1649
vn 0.2759 0.7177 -0.6393
vn 0.2762 0.9158 0.2916
vn 0.2535 0.9530 0.1656
vn 0.2517 0.8017 -0.5422
vn 0.2763 0.7179 -0.6390
vn 0.1492 0.7142 -0.6839
vn 0.2753 0.7202 -0.6368
vn 0.2507 0.8038 -0.5395
vn 0.4403 0.8497 0.2899
vn 0.2761 0.9160 0.2909
vn 0.4343 0.8378 0.3310
vn 0.6305 0.7054 0.3237
vn 0.4418 0.8474 0.2945
vn 0.4359 0.8355 0.3344
vn 0.4329 0.6379 -0.6370
vn 0.2762 0.9155 0.2926
vn 0.2763 0.7182 -0.6386
vn 0.4316 0.6385 -0.6373
vn 0.4331 0.8382 0.3315
vn 0.2746 0.9159 0.2927
vn 0.1505 0.7058 -0.6923
vn 0.2288 0.7439 -0.6279
vn 0.2770 0.7147 -0.6422
vn 0.2771 0.7126 -0.6446
vn 0.4418 0.6562 -0.6117
vn 0.4343 0.6330 -0.6408
vn 0.2715 0.7202 -0.6385
vn 0.2282 0.7500 -0.6208
vn 0.4408 0.6628 -0.6053
vn 0.2353 0.9344 0.2673
vn 0.2283 0.7488 -0.6222
vn 0.1499 0.7110 -0.6870
vn 0.2357 0.9345 0.2669
vn 0.1501 0.7107 -0.6873
vn 0.1492 0.9266 0.3453
vn 0.2277 0.7489 -0.6223
vn 0.4396 0.8496 0.2913
vn 0.4405 0.6623 -0.6060
vn 0.2292 0.7484 -0.6224
vn 0.2363 0.9343 0.2668
vn 0.4410 0.8490 0.2912
vn 0.2823 0.9122 0.2970
vn 0.2352 0.9353 0.2644
vn 0.1489 0.9275 0.3428
vn 0.4402 0.8496 0.2905
vn 0.2354 0.9347 0.2663
vn 0.2827 0.9117 0.2981
vn 0.2840 0.9101 0.3019
vn 0.1502 0.9245 0.3503
vn 0.2601 0.9493 0.1767
vn 0.4415 0.6611 -0.6066
vn 0.4411 0.8491 0.2906
vn 0.6294 0.7071 0.3222
vn 0.2823 0.7170 -0.6374
vn 0.2817 0.9119 0.2986
vn 0.2579 0.9505 0.1733
vn 0.2845 0.7150 -0.6386
vn 0.2606 0.9500 0.1718
vn 0.2528 0.8008 -0.5429
vn 0.1486 0.7107 -0.6876
vn 0.2827 0.7189 -0.6350
vn 0.2508 0.8040 -0.5391
vn 0.4395 0.8513 0.2867
vn 0.2818 0.9134 0.2938
vn 0.4302 0.8416 0.3266
vn 0.6274 0.7100 0.3198
vn 0.4391 0.8518 0.2858
vn 0.4303 0.8419 0.3258
vn 0.4339 0.6358 -0.6384
vn 0.2844 0.9113 0.2977
vn 0.2847 0.7155 -0.6379
vn 0.4338 0.6360 -0.6382
vn 0.4331 0.8391 0.3291
vn 0.2845 0.9114 0.2972
vn 0.1488 0.7107 -0.6875
vn 0.2356 0.7506 -0.6173
vn 0.2826 0.7187 -0.6354
vn 0.2823 0.7220 -0.6317
vn 0.4403 0.6672 -0.6008
vn 0.4313 0.6420 -0.6339
vn 0.2838 0.7144 -0.6396
vn 0.2364 0.7446 -0.6242
vn 0.4416 0.6595 -0.6083
vn 0.2440 0.9366 0.2514
vn 0.2361 0.7469 -0.6216
vn 0.1493 0.7067 -0.6915
vn 0.2438 0.9365 0.2519
vn 0.1492 0.7071 -0.6912
vn 0.1576 0.9303 0.3313
vn 0.2360 0.7471 -0.6214
vn 0.4497 0.8520 0.2681
vn 0.4411 0.6615 -0.6065
vn 0.2362 0.7470 -0.6214
vn 0.2443 0.9365 0.2516
vn 0.4500 0.8518 0.2682
vn 0.1578 0.9298 0.3326
vn 0.2902 0.9165 0.2752
vn 0.2441 0.9361 0.2533
vn 0.4492 0.8526 0.2672
vn 0.2435 0.9371 0.2502
vn 0.2895 0.9174 0.2731
vn 0.1584 0.9293 0.3337
vn 0.2599 0.9497 0.1748
vn 0.2907 0.9162 0.2759
vn 0.2592 0.9503 0.1726
vn 0.2844 0.7345 -0.6162
vn 0.2900 0.9169 0.2741
vn 0.4410 0.6542 -0.6145
vn 0.2897 0.9170 0.2743
vn 0.2841 0.7346 -0.6161
vn 0.2853 0.7301 -0.6209
vn 0.4499 0.6654 -0.5957
vn 0.4426 0.6502 -0.6176
vn 0.4397 0.6590 -0.6103
vn 0.4478 0.6763 -0.5849
vn 0.6342 0.5389 -0.5545
vn 0.4411 0.6543 -0.6142
vn 0.4410 0.8431 0.3076
vn 0.2896 0.9169 0.2748
vn 0.4491 0.8530 0.2657
vn 0.2894 0.9179 0.2715
vn 0.4405 0.8442 0.3056
vn 0.4411 0.6543 -0.6143
vn 0.6357 0.5341 -0.5573
vn 0.6226 0.5127 -0.5912
vn 0.6230 0.5116 -0.5917
vn 0.4420 0.8429 0.3069
vn 0.4417 0.6534 -0.6147
vn 0.6234 0.5108 -0.5920
vn 0.6364 0.5321 -0.5584
vn 0.7811 0.3454 -0.5202
vn 0.6375 0.7101 0.2989
vn 0.4490 0.8528 0.2668
vn 0.4406 0.8439 0.3063
vn 0.4413 0.6612 -0.6066
vn 0.4500 0.8519 0.2679
vn 0.6385 0.7090 0.2993
vn 0.6232 0.5118 -0.5914
vn 0.6231 0.7087 0.3310
vn 0.6381 0.7096 0.2989
vn 0.4411 0.8435 0.3066
vn 0.6222 0.7096 0.3305
vn 0.6229 0.5130 -0.5907
vn 0.7805 0.3474 -0.5197
vn 0.7631 0.3388 -0.5504
vn 0.7629 0.3390 -0.5505
vn 0.6220 0.7095 0.3311
vn 0.6224 0.5129 -0.5913
vn 0.8538 0.1254 -0.5054
vn 0.7634 0.3371 -0.5510
vn 0.7806 0.3456 -0.5207
vn 0.7625 0.3388 -0.5512
vn 0.8531 0.1272 -0.5059
vn 0.8497 0.3233 0.4166
vn 0.7628 0.3395 -0.5503
vn 0.7636 0.5288 0.3704
vn 0.6214 0.7098 0.3317
vn 0.7635 0.3388 -0.5498
vn 0.8492 0.3227 0.4181
vn 0.7638 0.5280 0.3713
vn 0.7794 0.5274 0.3382
vn 0.6384 0.7092 0.2991
vn 0.6226 0.7092 0.3307
vn 0.7798 0.5265 0.3388
vn 0.6230 0.7084 0.3318
vn 0.7648 0.5271 0.3706
vn 0.4411 0.6617 -0.6062
vn 0.6382 0.7092 0.2997
vn 0.6308 0.5206 -0.5754
vn 0.6311 0.5202 -0.5754
vn 0.6385 0.7090 0.2995
vn 0.7794 0.5271 0.3387
vn 0.4337 0.6346 -0.6397
vn 0.4418 0.6581 -0.6097
vn 0.6318 0.5177 -0.5769
vn 0.8666 0.3147 0.3873
vn 0.7640 0.5274 0.3717
vn 0.8495 0.3220 0.4178
vn 0.8671 0.3146 0.3862
vn 0.7795 0.5268 0.3390
vn 0.7645 0.5273 0.3707
vn 0.4329 0.6367 -0.6381
vn 0.6308 0.5197 -0.5762
vn 0.6147 0.5036 -0.6071
vn 0.6137 0.5059 -0.6062
vn 0.4301 0.8403 0.3300
vn 0.4315 0.6382 -0.6376
vn 0.6303 0.5207 -0.5758
vn 0.7790 0.5279 0.3383
vn 0.7694 0.3382 -0.5419
vn 0.6145 0.5052 -0.6059
vn 0.6308 0.5216 -0.5745
vn 0.7696 0.3387 -0.5413
vn 0.7696 0.3377 -0.5419
vn 0.7793 0.5274 0.3384
vn 0.8669 0.3153 0.3861
vn 0.6149 0.5033 -0.6071
vn 0.6168 0.7025 0.3551
vn 0.4326 0.8395 0.3288
vn 0.6148 0.5036 -0.6069
vn 0.7699 0.3372 -0.5418
vn 0.7539 0.3214 -0.5730
vn 0.7541 0.3194 -0.5739
vn 0.6178 0.7017 0.3549
vn 0.6159 0.5027 -0.6066
vn 0.6284 0.7077 0.3229
vn 0.4311 0.8399 0.3298
vn 0.6156 0.7032 0.3558
vn 0.7529 0.3240 -0.5729
vn 0.7689 0.3399 -0.5415
vn 0.8571 0.1356 -0.4970
vn 0.7697 0.3379 -0.5417
vn 0.8667 0.3155 0.3865
vn 0.8581 0.1341 -0.4956
vn 0.7533 0.3228 -0.5730
vn 0.7537 0.5271 0.3926
vn 0.6152 0.7035 0.3557
vn 0.7706 0.5302 0.3536
vn 0.6279 0.7097 0.3194
vn 0.6149 0.7050 0.3532
vn 0.7728 0.5256 0.3557
vn 0.6169 0.7009 0.3581
vn 0.7552 0.5241 0.3937
vn 0.8412 0.1172 -0.5278
vn 0.7547 0.5260 0.3921
vn 0.7535 0.3213 -0.5736
vn 0.7540 0.3196 -0.5739
vn 0.8584 0.1320 -0.4957
vn 0.8421 0.1161 -0.5266
vn 0.8571 0.3215 0.4025
vn 0.7715 0.5269 0.3567
vn 0.7539 0.5255 0.3944
vn 0.8415 0.1163 -0.5276
vn 0.8425 0.3212 0.4325
vn 0.7555 0.5251 0.3917
vn 0.8574 0.3238 0.4000
vn 0.7542 0.5276 0.3909
vn 0.8417 0.3240 0.4319
vn 0.8719 -0.1022 -0.4789
vn 0.8417 0.1178 -0.5269
vn 0.8581 0.1337 -0.4958
vn 0.8578 0.1341 -0.4962
vn 0.7718 0.5281 0.3542
vn 0.8574 0.3229 0.4007
vn 0.8412 0.1179 -0.5277
vn 0.8723 0.1021 0.4783
vn 0.8422 0.3226 0.4321
vn 0.8414 0.1185 -0.5273
vn 0.8718 -0.1016 -0.4792
vn 0.8719 0.1026 0.4789
vn 0.8886 0.0938 0.4490
vn 0.8570 0.3220 0.4024
vn 0.8416 0.3221 0.4336
vn 0.8879 0.0939 0.4504
vn 0.8409 0.3220 0.4350
vn 0.8711 0.1014 0.4805
vn 0.8885 -0.0944 -0.4490
vn 0.8576 0.3226 0.4006
vn 0.8892 0.0945 0.4477
vn 0.8887 -0.0945 -0.4487
vn 0.8579 0.1337 -0.4962
vn 0.8576 0.3224 0.4008
vn 0.0002 0.9754 -0.2204
vn 0.0003 0.9754 -0.2204
vn -0.0000 0.9773 -0.2119
vn -0.0000 0.9773 -0.2120
vn -0.0000 0.9769 -0.2138
vn -0.0000 0.9774 -0.2116
vn -0.0000 0.9771 -0.2130
vn -0.0002 0.9757 -0.2191
vn -0.0003 0.9757 -0.2191
vn -0.6834 -0.2739 -0.6767
vn -0.6236 -0.4803 -0.6169
vn -0.6907 -0.2107 -0.6918
vn -0.6847 -0.2739 -0.6754
vn -0.6398 -0.4717 -0.6068
vn -0.6249 -0.4803 -0.6155
vn -0.6835 -0.2750 -0.6762
vn -0.6908 -0.2120 -0.6913
vn -0.7069 -0.0000 -0.7073
vn -0.6842 -0.2751 -0.6755
vn -0.7075 -0.0000 -0.7067
vn 0.6240 -0.4806 -0.6162
vn 0.6839 -0.2741 -0.6761
vn 0.6911 -0.2111 -0.6912
vn 0.6231 -0.4819 -0.6160
vn 0.6381 -0.4733 -0.6073
vn 0.6833 -0.2754 -0.6762
vn 0.7069 -0.0000 -0.7073
vn 0.6908 -0.2120 -0.6913
vn 0.6835 -0.2750 -0.6762
vn 0.7075 -0.0000 -0.7067
vn 0.6842 -0.2751 -0.6754
vn 0.6239 -0.7065 -0.3340
vn 0.7808 -0.5243 -0.3398
vn 0.6395 -0.7064 -0.3033
vn 0.6380 -0.7094 -0.2995
vn 0.7791 -0.5277 -0.3384
vn 0.8664 -0.4888 0.1024
vn 0.6386 -0.7090 -0.2992
vn 0.8667 -0.4881 0.1026
vn 0.7081 -0.6918 0.1417
vn 0.6379 -0.7094 -0.2996
vn 0.7075 -0.6924 0.1414
vn 0.4953 -0.8497 0.1807
vn 0.8669 -0.3156 -0.3858
vn 0.8664 -0.4887 0.1027
vn 0.7792 -0.5277 -0.3382
vn 0.8671 -0.3146 -0.3862
vn 0.9665 -0.2507 0.0550
vn 0.8670 -0.4877 0.1024
vn 0.8670 -0.3153 -0.3858
vn 1.0000 -0.0001 0.0003
vn 0.9663 -0.2515 0.0553
vn 0.7645 -0.5273 -0.3708
vn 0.8672 -0.3145 -0.3861
vn 0.7795 -0.5267 -0.3389
vn 0.6219 -0.7111 -0.3281
vn 0.7635 -0.5299 -0.3691
vn 0.7788 -0.5292 -0.3368
vn 0.8670 -0.3151 -0.3861
vn 0.8973 -0.0865 -0.4330
vn 1.0000 0.0001 -0.0000
vn 0.4413 -0.8428 -0.3082
vn 0.6226 -0.7089 -0.3316
vn 0.6382 -0.7089 -0.3003
vn 0.7636 -0.5288 -0.3706
vn 0.8490 -0.3235 -0.4178
vn 0.8661 -0.3162 -0.3872
vn 0.8494 -0.3218 -0.4182
vn 0.8970 -0.0857 -0.4337
vn 0.8665 -0.3145 -0.3878
vn 0.7636 -0.5288 -0.3704
vn 0.6215 -0.7098 -0.3315
vn 0.6221 -0.5134 0.5911
vn 0.4408 -0.8433 -0.3076
vn 0.6225 -0.5129 0.5911
vn 0.6222 -0.7095 -0.3310
vn 0.8500 -0.3216 -0.4171
vn 0.7650 -0.5271 -0.3700
vn 0.7635 -0.3374 0.5507
vn 0.7639 -0.5284 -0.3705
vn 0.6225 -0.5130 0.5911
vn 0.7630 -0.3390 0.5504
vn 0.8667 0.1339 -0.4806
vn 0.8973 -0.0866 -0.4329
vn 0.8668 0.1339 -0.4804
vn 0.9663 0.2514 -0.0549
vn 1.0000 -0.0000 0.0001
vn 0.8494 -0.3232 -0.4172
vn 0.8837 -0.0953 -0.4583
vn 0.8969 -0.0872 -0.4336
vn 0.8839 -0.0945 -0.4580
vn 0.8666 0.1342 -0.4806
vn 0.8972 -0.0864 -0.4331
vn 0.8667 0.1342 -0.4805
vn 0.8665 0.4887 -0.1023
vn 0.9662 0.2517 -0.0549
vn 0.8841 -0.0950 -0.4576
vn 0.8497 -0.3228 -0.4169
vn 0.8533 -0.1266 0.5059
vn 0.8497 -0.3240 -0.4161
vn 0.7619 -0.3392 0.5518
vn 0.8529 -0.1278 0.5062
vn 0.8846 -0.0950 -0.4567
vn 0.8539 0.1260 -0.5050
vn 0.8672 0.1337 -0.4797
vn 0.8667 0.1336 -0.4806
vn 0.7806 0.3465 -0.5202
vn 0.8668 0.4881 -0.1024
vn 0.8525 0.1265 -0.5072
vn 0.7795 0.3470 -0.5216
vn 0.8655 0.1339 -0.4826
vn 0.6360 0.5336 -0.5575
vn 0.8666 0.4883 -0.1026
vn 0.7804 0.3466 -0.5204
vn 0.6357 0.5339 -0.5575
vn 0.7077 0.6922 -0.1417
vn 0.8665 0.4886 -0.1025
vn 0.8847 -0.0947 -0.4565
vn 0.8525 -0.1262 0.5072
vn 0.8833 0.0948 0.4591
vn 0.8537 0.1263 -0.5052
vn 0.8842 -0.0948 -0.4574
vn 0.8838 0.0946 0.4582
vn 0.8675 -0.1347 0.4789
vn 0.8847 0.0941 0.4565
vn 0.8541 -0.1269 0.5044
vn 0.8661 -0.1329 0.4820
vn 0.8530 -0.1254 0.5066
vn 0.7626 -0.3371 0.5521
vn 0.8535 0.1263 -0.5055
vn 0.8838 0.0946 0.4581
vn 0.8497 0.3224 0.4172
vn 0.4498 0.6696 -0.5911
vn 0.7082 0.6916 -0.1417
vn 0.6362 0.5332 -0.5576
vn 0.4491 0.6702 -0.5909
vn 0.4952 0.8498 -0.1807
vn 0.7075 0.6924 -0.1414
vn 0.2366 0.7580 -0.6079
vn 0.4953 0.8497 -0.1809
vn 0.4491 0.6701 -0.5910
vn 0.2373 0.7576 -0.6081
vn 0.2606 0.9451 -0.1972
vn 0.4961 0.8491 -0.1812
vn 0.2368 0.7580 -0.6078
vn 0.1339 0.9696 -0.2048
vn 0.2599 0.9454 -0.1968
vn 0.0001 0.9787 -0.2053
vn 0.2600 0.9453 -0.1970
vn 0.1341 0.9695 -0.2050
vn -0.0004 0.9788 -0.2048
vn 0.1336 0.9697 -0.2045
vn 0.0004 0.9789 -0.2043
vn 0.0003 0.9789 -0.2043
vn -0.1336 0.9698 -0.2040
vn 0.2368 0.7579 -0.6079
vn 0.1491 0.7223 -0.6753
vn 0.1340 0.9696 -0.2050
vn -0.0003 0.9786 -0.2059
vn -0.1343 0.9694 -0.2056
vn -0.2602 0.9451 -0.1976
vn 0.1498 0.7196 -0.6780
vn 0.2373 0.7555 -0.6106
vn 0.2852 0.7329 -0.6177
vn 0.2773 0.7398 -0.6130
vn 0.2356 0.7627 -0.6023
vn 0.4480 0.6738 -0.5876
vn 0.1484 0.7258 -0.6717
vn 0.2834 0.7369 -0.6137
vn 0.2507 0.8040 -0.5392
vn 0.2597 0.9501 0.1727
vn 0.2515 0.8016 -0.5423
vn 0.2844 0.7345 -0.6161
vn -0.1340 0.9695 -0.2051
vn -0.2368 0.7578 -0.6080
vn -0.2599 0.9453 -0.1971
vn -0.4960 0.8492 -0.1811
vn -0.2605 0.9451 -0.1972
vn -0.2373 0.7576 -0.6081
vn -0.1339 0.9696 -0.2047
vn -0.1490 0.7225 -0.6751
vn -0.2367 0.7581 -0.6077
vn -0.4953 0.8497 -0.1808
vn -0.2365 0.7580 -0.6078
vn -0.4490 0.6702 -0.5909
vn -0.2851 0.7314 -0.6195
vn -0.2369 0.7533 -0.6136
vn -0.1493 0.7174 -0.6805
vn -0.4488 0.6715 -0.5897
vn -0.2364 0.7598 -0.6056
vn -0.2839 0.7361 -0.6145
vn -0.7076 0.6923 -0.1416
vn -0.4953 0.8497 -0.1809
vn -0.4490 0.6700 -0.5911
vn -0.2841 0.7359 -0.6146
vn -0.1490 0.7243 -0.6732
vn -0.2513 0.8029 -0.5406
vn -0.2592 0.9502 0.1731
vn -0.2845 0.7348 -0.6157
vn -0.2516 0.8019 -0.5419
vn -0.2592 0.9503 0.1726
vn -0.2900 0.9169 0.2741
vn -0.2844 0.7344 -0.6162
vn -0.1584 0.9293 0.3336
vn -0.2907 0.9162 0.2759
vn -0.2598 0.9497 0.1748
vn -0.4499 0.6638 -0.5974
vn -0.2855 0.7286 -0.6227
vn -0.4428 0.6489 -0.6187
vn -0.2897 0.9169 0.2747
vn -0.4411 0.6544 -0.6142
vn -0.2842 0.7349 -0.6158
vn -0.7084 0.6915 -0.1416
vn -0.4499 0.6696 -0.5910
vn -0.6363 0.5332 -0.5575
vn -0.6345 0.5370 -0.5559
vn -0.4480 0.6741 -0.5873
vn -0.4399 0.6573 -0.6119
vn -0.8666 0.4885 -0.1024
vn -0.7078 0.6921 -0.1415
vn -0.6359 0.5338 -0.5573
vn -0.1577 0.9299 0.3323
vn -0.2440 0.9362 0.2531
vn -0.2900 0.9166 0.2750
vn -0.1492 0.7068 -0.6915
vn -0.2440 0.9366 0.2516
vn -0.1576 0.9304 0.3309
vn -0.2897 0.9170 0.2743
vn -0.4410 0.8433 0.3072
vn -0.4410 0.6541 -0.6146
vn -0.6358 0.5338 -0.5574
vn -0.4412 0.6540 -0.6146
vn -0.6227 0.5124 -0.5913
vn -0.4427 0.8423 0.3075
vn -0.6240 0.5111 -0.5912
vn -0.4428 0.6534 -0.6139
vn -0.8666 0.4885 -0.1021
vn -0.6360 0.5340 -0.5571
vn -0.7805 0.3470 -0.5200
vn -0.7808 0.3445 -0.5212
vn -0.6361 0.5311 -0.5597
vn -0.6231 0.5101 -0.5929
vn -0.8666 0.1336 -0.4807
vn -0.8668 0.4881 -0.1025
vn -0.7805 0.3466 -0.5203
vn -0.8666 0.1343 -0.4805
vn -0.9662 0.2517 -0.0549
vn -0.8665 0.4887 -0.1024
vn -1.0000 -0.0000 -0.0002
vn -0.9663 0.2514 -0.0552
vn -0.8665 0.1339 -0.4808
vn -0.4490 0.8528 0.2668
vn -0.4404 0.8439 0.3063
vn -0.2892 0.9177 0.2725
vn -0.4490 0.8527 0.2671
vn -0.2894 0.9175 0.2729
vn -0.2433 0.9372 0.2498
vn -0.4501 0.8518 0.2680
vn -0.2445 0.9365 0.2514
vn -0.2363 0.7469 -0.6216
vn -0.1493 0.7069 -0.6914
vn -0.2359 0.7471 -0.6214
vn -0.2439 0.9365 0.2517
vn -0.1488 0.7088 -0.6895
vn -0.2827 0.7175 -0.6366
vn -0.2355 0.7488 -0.6195
vn -0.1487 0.7110 -0.6873
vn -0.2509 0.8041 -0.5389
vn -0.2829 0.7191 -0.6348
vn -0.2606 0.9500 0.1718
vn -0.2845 0.7150 -0.6386
vn -0.2527 0.8008 -0.5429
vn -0.4415 0.6600 -0.6079
vn -0.2363 0.7452 -0.6236
vn -0.2838 0.7148 -0.6392
vn -0.4495 0.8520 0.2683
vn -0.2358 0.7472 -0.6213
vn -0.4409 0.6617 -0.6064
vn -0.2578 0.9504 0.1740
vn -0.2816 0.9117 0.2992
vn -0.2824 0.7174 -0.6369
vn -0.1502 0.9247 0.3497
vn -0.2840 0.9102 0.3014
vn -0.2602 0.9494 0.1762
vn -0.4400 0.6683 -0.5998
vn -0.2819 0.7232 -0.6305
vn -0.4308 0.6430 -0.6332
vn -0.2844 0.9113 0.2976
vn -0.4338 0.6357 -0.6385
vn -0.2846 0.7154 -0.6381
vn -0.6379 0.7096 0.2994
vn -0.4491 0.8522 0.2684
vn -0.4406 0.6619 -0.6064
vn -0.6382 0.7091 0.2997
vn -0.4412 0.8430 0.3076
vn -0.4496 0.8519 0.2686
vn -0.6327 0.5148 -0.5786
vn -0.4425 0.6543 -0.6132
vn -0.4345 0.6316 -0.6421
vn -0.6385 0.7089 0.2996
vn -0.4414 0.6615 -0.6063
vn -0.6310 0.5202 -0.5755
vn -0.1488 0.9275 0.3428
vn -0.2353 0.9353 0.2643
vn -0.2823 0.9122 0.2970
vn -0.1502 0.7105 -0.6874
vn -0.2359 0.9345 0.2667
vn -0.1494 0.9266 0.3451
vn -0.6385 0.7084 0.3008
vn -0.6229 0.7084 0.3320
vn -0.4416 0.8423 0.3090
vn -0.4406 0.8435 0.3071
vn -0.6221 0.7098 0.3305
vn -0.6222 0.5129 -0.5915
vn -0.7794 0.5272 0.3385
vn -0.6384 0.7091 0.2994
vn -0.6309 0.5202 -0.5756
vn -0.7786 0.5287 0.3380
vn -0.6219 0.7103 0.3298
vn -0.6377 0.7104 0.2979
vn -0.1497 0.7112 -0.6869
vn -0.2281 0.7490 -0.6221
vn -0.2352 0.9344 0.2674
vn -0.6219 0.7095 0.3313
vn -0.7631 0.3390 -0.5503
vn -0.6225 0.5130 -0.5911
vn -0.7804 0.3466 -0.5204
vn -0.6228 0.5121 -0.5915
vn -0.7632 0.3380 -0.5507
vn -0.7798 0.5247 0.3414
vn -0.7652 0.5250 0.3725
vn -0.6233 0.7065 0.3351
vn -0.6216 0.7101 0.3306
vn -0.7639 0.5290 0.3695
vn -0.7623 0.3393 -0.5511
vn -0.8534 0.1257 -0.5059
vn -0.7804 0.3459 -0.5209
vn -0.7631 0.3375 -0.5512
vn -0.8537 0.1253 -0.5055
vn -0.8670 0.1328 -0.4803
vn -0.7807 0.3455 -0.5208
vn -0.7626 0.3384 -0.5514
vn -0.7643 0.5284 0.3696
vn -0.8500 0.3231 0.4160
vn -0.7628 0.3389 -0.5506
vn -0.8494 0.3233 0.4171
vn -0.8534 0.1273 -0.5054
vn -0.8667 0.3157 0.3862
vn -0.7641 0.5282 0.3702
vn -0.7791 0.5278 0.3383
vn -0.8672 0.3147 0.3860
vn -0.8500 0.3220 0.4169
vn -0.7646 0.5274 0.3705
vn -0.8670 0.3152 0.3860
vn -0.7793 0.5274 0.3383
vn -0.7695 0.3376 -0.5420
vn -0.7791 0.5276 0.3387
vn -0.6306 0.5207 -0.5755
vn -0.7696 0.3381 -0.5417
vn -0.8972 0.0869 0.4331
vn -0.8496 0.3229 0.4170
vn -0.8668 0.3156 0.3861
vn -0.8527 0.1263 -0.5069
vn -0.8503 0.3228 0.4158
vn -0.8848 0.0948 0.4563
vn -0.8965 0.0851 0.4349
vn -0.8834 0.0930 0.4593
vn -0.8489 0.3211 0.4199
vn -0.8532 0.1264 -0.5060
vn -0.8841 0.0947 0.4575
vn -0.8839 -0.0947 -0.4580
vn -0.8840 -0.0947 -0.4579
vn -0.8666 0.1339 -0.4807
vn -0.8534 0.1265 -0.5057
vn -0.8657 -0.1332 0.4825
vn -0.8833 0.0954 0.4590
vn -0.8963 0.0873 0.4348
vn -0.8834 -0.0944 -0.4591
vn -0.8965 -0.0863 -0.4346
vn -0.8660 0.1344 -0.4817
vn -1.0000 -0.0000 0.0001
vn -0.8667 0.1339 -0.4804
vn -0.8973 -0.0866 -0.4328
vn -0.8830 -0.0946 -0.4597
vn -0.8849 0.0948 0.4560
vn -0.8547 -0.1266 0.5034
vn -0.8666 -0.1350 0.4803
vn -0.8533 -0.1275 0.5056
vn -0.8840 0.0938 0.4581
vn -0.8670 -0.3151 -0.3861
vn -1.0000 0.0001 0.0001
vn -0.8973 -0.0865 -0.4328
vn -0.8668 -0.3153 -0.3863
vn -0.9663 -0.2514 0.0548
vn -1.0000 -0.0002 -0.0001
vn -0.8492 -0.3235 -0.4174
vn -0.8967 -0.0876 -0.4339
vn -0.8835 -0.0956 -0.4585
vn -0.8844 -0.0946 -0.4571
vn -0.8531 -0.1262 0.5062
vn -0.8500 -0.3225 -0.4164
vn -0.8497 -0.3215 -0.4180
vn -0.8667 -0.3142 -0.3875
vn -0.8972 -0.0853 -0.4333
vn -0.8670 -0.4877 0.1024
vn -0.9665 -0.2507 0.0550
vn -0.8671 -0.3146 -0.3862
vn -0.8490 -0.3237 -0.4177
vn -0.8538 -0.1279 0.5047
vn -0.7630 -0.3396 0.5499
vn -0.7632 -0.3376 0.5510
vn -0.8535 -0.1258 0.5056
vn -0.8668 -0.1333 0.4806
vn -0.7642 -0.5278 -0.3708
vn -0.8667 -0.3152 -0.3865
vn -0.8496 -0.3224 -0.4173
vn -0.8504 -0.3218 -0.4162
vn -0.7631 -0.3372 0.5513
vn -0.7653 -0.5272 -0.3693
vn -0.8664 -0.4887 0.1023
vn -0.8668 -0.3155 -0.3861
vn -0.7791 -0.5276 -0.3386
vn -0.7641 -0.5282 -0.3704
vn -0.7791 -0.5277 -0.3386
vn -0.8667 -0.3155 -0.3865
vn -0.6378 -0.7094 -0.2998
vn -0.8663 -0.4889 0.1021
vn -0.7790 -0.5277 -0.3387
vn -0.6388 -0.7088 -0.2991
vn -0.7082 -0.6916 0.1418
vn -0.8669 -0.4879 0.1026
vn -0.6222 -0.7095 -0.3309
vn -0.7640 -0.5282 -0.3705
vn -0.6236 -0.7080 -0.3315
vn -0.6393 -0.7080 -0.3001
vn -0.7804 -0.5260 -0.3380
vn -0.4953 -0.8497 0.1808
vn -0.7076 -0.6923 0.1415
vn -0.6381 -0.7094 -0.2995
vn -0.7633 -0.5286 -0.3716
vn -0.6227 -0.5137 0.5903
vn -0.6213 -0.7096 -0.3324
vn -0.7644 -0.5288 -0.3689
vn -0.7622 -0.3385 0.5518
vn -0.6215 -0.5122 0.5928
vn -0.4958 -0.8494 0.1811
vn -0.6385 -0.7091 -0.2993
vn -0.4500 -0.8519 -0.2680
vn -0.2595 -0.9455 0.1968
vn -0.4951 -0.8498 0.1808
vn -0.4492 -0.8522 -0.2683
vn -0.4392 -0.8462 -0.3018
vn -0.6364 -0.7125 -0.2957
vn -0.6202 -0.7125 -0.3283
vn -0.4410 -0.8432 -0.3075
vn -0.4494 -0.8520 -0.2685
vn -0.6380 -0.7093 -0.2998
vn -0.6232 -0.7086 -0.3309
vn -0.6232 -0.5116 0.5915
vn -0.4419 -0.6534 0.6146
vn -0.6239 -0.7078 -0.3313
vn -0.4428 -0.6529 0.6145
vn -0.4431 -0.8424 -0.3068
vn -0.6381 -0.5301 0.5583
vn -0.6223 -0.5141 0.5903
vn -0.7625 -0.3399 0.5505
vn -0.4422 -0.6499 0.6181
vn -0.6240 -0.5090 0.5929
vn -0.6393 -0.5245 0.5624
vn 0.0002 -0.9696 -0.2448
vn 0.0002 -0.9788 0.2049
vn -0.2597 -0.9454 0.1967
vn -0.0000 -0.9697 -0.2443
vn -0.2600 -0.9453 0.1970
vn -0.2291 -0.9400 -0.2527
vn -0.2600 -0.9453 0.1969
vn -0.4497 -0.8520 -0.2682
vn -0.2291 -0.9400 -0.2528
vn 0.0002 -0.9596 -0.2813
vn 0.0003 -0.9703 -0.2419
vn -0.2288 -0.9406 -0.2508
vn -0.2293 -0.9306 -0.2854
vn -0.2296 -0.9394 -0.2546
vn -0.4502 -0.8513 -0.2693
vn -0.0003 -0.9583 -0.2859
vn -0.2292 -0.9392 -0.2558
vn -0.2293 -0.9303 -0.2863
vn -0.2296 -0.9300 -0.2869
vn -0.4502 -0.8509 -0.2708
vn -0.4420 -0.8420 -0.3092
vn -0.2288 -0.9311 -0.2841
vn -0.0001 -0.7676 0.6410
vn -0.0000 -0.9591 -0.2831
vn -0.4398 -0.8438 -0.3075
vn -0.2261 -0.7384 0.6353
vn -0.2271 -0.9312 -0.2850
vn -0.2283 -0.9311 -0.2846
vn -0.2272 -0.7383 0.6351
vn 0.0004 -0.7680 0.6404
vn 0.7056 0.6910 -0.1571
vn 0.7069 0.6895 -0.1577
vn -0.7069 0.6895 -0.1577
vn -0.7070 0.6896 -0.1567
vn 0.2588 0.9424 -0.2120
vn 0.2581 0.9428 -0.2111
vn -0.2587 0.9425 -0.2116
vn -0.2600 0.9419 -0.2128
vn -0.2600 0.9419 -0.2127
vn -0.0000 -0.0019 1.0000
vn -0.0000 0.2125 0.9772
vn -0.9715 -0.2369 -0.0000
vn -0.9495 -0.3138 -0.0000
vn -0.8021 -0.5972 -0.0000
vn -0.9495 -0.3136 -0.0000
vn -0.9716 -0.2367 -0.0000
vn -0.8018 -0.5976 -0.0000
vn -0.9494 -0.3141 -0.0000
vn 0.9715 -0.2369 -0.0000
vn 0.9495 -0.3138 -0.0000
vn 0.9714 -0.2373 -0.0000
vn 0.9494 -0.3142 -0.0000
vn 0.8017 -0.5977 -0.0000
vn 0.9716 -0.2368 -0.0000
vn 0.8021 -0.5973 -0.0000
vt 0.750238 0.957235
vt 0.751879 0.958019
vt 0.750238 0.959704
vt 0.751841 0.956473
vt 0.759115 0.005027
vt 0.759114 0.007379
vt 0.755416 0.007376
vt 0.755332 0.005025
vt 0.752418 0.005907
vt 0.752419 0.005025
vt 0.751833 0.006593
vt 0.749916 0.006594
vt 0.745336 0.007378
vt 0.749338 0.005908
vt 0.749338 0.005026
vt 0.743340 0.005027
vt 0.743335 0.011787
vt 0.745332 0.011787
vt 0.745329 0.016195
vt 0.743329 0.018547
vt 0.749328 0.018546
vt 0.749328 0.017762
vt 0.749909 0.017076
vt 0.755409 0.016193
vt 0.751825 0.017076
vt 0.752409 0.017762
vt 0.755321 0.018544
vt 0.752408 0.018545
vt 0.759105 0.018547
vt 0.759107 0.016196
vt 0.891813 0.958936
vt 0.891813 0.956473
vt 0.893458 0.958153
vt 0.893350 0.959625
vt 0.801933 0.535895
vt 0.806339 0.533898
vt 0.808693 0.535895
vt 0.801931 0.533898
vt 0.797522 0.533898
vt 0.795173 0.535895
vt 0.596784 0.509873
vt 0.584970 0.514224
vt 0.566316 0.509873
vt 0.566358 0.514224
vt 0.596826 0.514224
vt 0.440002 0.636719
vt 0.441766 0.610816
vt 0.441766 0.636721
vt 0.440002 0.610814
vt 0.438141 0.610812
vt 0.438141 0.636717
vt 0.566353 0.524274
vt 0.596821 0.524273
vt 0.578172 0.528615
vt 0.596784 0.528615
vt 0.566316 0.528615
vt 0.769879 0.184739
vt 0.782615 0.186403
vt 0.769454 0.186403
vt 0.785038 0.184739
vt 0.769876 0.198020
vt 0.782615 0.196452
vt 0.785034 0.198020
vt 0.769454 0.196452
vt 0.533333 0.322136
vt 0.533920 0.320751
vt 0.542124 0.322011
vt 0.550341 0.324726
vt 0.542391 0.320389
vt 0.550982 0.323225
vt 0.553192 0.318010
vt 0.533899 0.319052
vt 0.525867 0.319376
vt 0.544626 0.315114
vt 0.194160 0.504924
vt 0.188306 0.497998
vt 0.189641 0.497159
vt 0.536109 0.313836
vt 0.184177 0.490247
vt 0.195283 0.503738
vt 0.489673 0.347589
vt 0.496782 0.352535
vt 0.488936 0.348885
vt 0.497519 0.351239
vt 0.185669 0.489671
vt 0.490072 0.346104
vt 0.498278 0.349915
vt 0.500218 0.346504
vt 0.481669 0.345386
vt 0.480932 0.346682
vt 0.481795 0.343785
vt 0.492014 0.342689
vt 0.241909 0.503739
vt 0.240838 0.504869
vt 0.234932 0.497999
vt 0.473780 0.343175
vt 0.473988 0.344782
vt 0.483704 0.340430
vt 0.236267 0.497160
vt 0.230803 0.490248
vt 0.489675 0.324768
vt 0.496785 0.329714
vt 0.488939 0.326064
vt 0.497522 0.328419
vt 0.232294 0.489672
vt 0.490073 0.323288
vt 0.498278 0.327100
vt 0.500220 0.323685
vt 0.492017 0.319870
vt 0.481764 0.321025
vt 0.483706 0.317610
vt 0.475723 0.316942
vt 0.481672 0.322565
vt 0.480935 0.323860
vt 0.473781 0.320357
vt 0.326238 0.391450
vt 0.331240 0.391462
vt 0.331121 0.398598
vt 0.326119 0.398586
vt 0.326084 0.406914
vt 0.473991 0.321961
vt 0.467278 0.323009
vt 0.466793 0.321488
vt 0.330993 0.406945
vt 0.461242 0.324251
vt 0.326013 0.415890
vt 0.400504 0.232946
vt 0.400503 0.234845
vt 0.393631 0.234679
vt 0.461901 0.325664
vt 0.408522 0.234936
vt 0.457418 0.328526
vt 0.331021 0.415900
vt 0.330994 0.424898
vt 0.325992 0.424886
vt 0.325984 0.433297
vt 0.011502 0.564866
vt 0.008967 0.570200
vt 0.007506 0.569767
vt 0.458207 0.329714
vt 0.012761 0.565469
vt 0.417146 0.234970
vt 0.408523 0.233037
vt 0.425792 0.233062
vt 0.425791 0.234961
vt 0.006858 0.576329
vt 0.433873 0.234935
vt 0.213000 0.499876
vt 0.217505 0.504914
vt 0.211636 0.500432
vt 0.308442 0.421616
vt 0.308414 0.412622
vt 0.315718 0.412616
vt 0.422613 0.297573
vt 0.431242 0.299445
vt 0.422615 0.299473
vt 0.208976 0.494064
vt 0.431240 0.297546
vt 0.315745 0.421610
vt 0.531280 0.552732
vt 0.527139 0.547947
vt 0.528704 0.547435
vt 0.532633 0.552051
vt 0.791098 0.901994
vt 0.789753 0.896422
vt 0.791098 0.895655
vt 0.308501 0.430595
vt 0.315705 0.430569
vt 0.207478 0.494335
vt 0.206905 0.487038
vt 0.439270 0.297464
vt 0.308525 0.438934
vt 0.205332 0.487088
vt 0.315829 0.438928
vt 0.553123 0.347052
vt 0.547253 0.345247
vt 0.547960 0.343663
vt 0.541087 0.341770
vt 0.540736 0.343434
vt 0.308632 0.446088
vt 0.315935 0.446082
vt 0.206870 0.479309
vt 0.205385 0.479024
vt 0.533149 0.343116
vt 0.533745 0.344497
vt 0.208972 0.471416
vt 0.530921 0.336216
vt 0.538815 0.336510
vt 0.207480 0.470839
vt 0.533167 0.341416
vt 0.524962 0.344391
vt 0.522332 0.337547
vt 0.524604 0.342807
vt 0.516756 0.347123
vt 0.516114 0.345623
vt 0.513868 0.340423
vt 0.218588 0.457351
vt 0.211680 0.463023
vt 0.217465 0.456166
vt 0.212945 0.463930
vt 0.356506 0.276748
vt 0.348006 0.282172
vt 0.347560 0.276719
vt 0.338638 0.278215
vt 0.355961 0.282121
vt 0.340046 0.283428
vt 0.365066 0.278152
vt 0.330501 0.280989
vt 0.363533 0.283441
vt 0.332777 0.285967
vt 0.372463 0.281005
vt 0.323547 0.285021
vt 0.370118 0.285958
vt 0.326670 0.289526
vt 0.322092 0.293823
vt 0.318425 0.289907
vt 0.375306 0.289454
vt 0.378377 0.284985
vt 0.378793 0.293823
vt 0.236070 0.637124
vt 0.235949 0.628765
vt 0.239923 0.627739
vt 0.239858 0.619761
vt 0.235892 0.619786
vt 0.239923 0.611792
vt 0.235967 0.610813
vt 0.468723 0.394478
vt 0.460893 0.398151
vt 0.460145 0.396861
vt 0.525557 0.345768
vt 0.517377 0.348560
vt 0.465802 0.210641
vt 0.473739 0.213607
vt 0.473270 0.215275
vt 0.481659 0.216282
vt 0.634443 0.579951
vt 0.628470 0.585309
vt 0.626686 0.578456
vt 0.619795 0.585378
vt 0.464972 0.212133
vt 0.458496 0.205964
vt 0.617995 0.578462
vt 0.457418 0.207294
vt 0.609191 0.580014
vt 0.610975 0.586866
vt 0.467975 0.393188
vt 0.476705 0.392256
vt 0.467489 0.391751
vt 0.459385 0.395539
vt 0.457418 0.392143
vt 0.465520 0.388352
vt 0.265215 0.457296
vt 0.258307 0.462968
vt 0.264144 0.456166
vt 0.475828 0.389365
vt 0.259571 0.463874
vt 0.475958 0.390965
vt 0.468722 0.371669
vt 0.460892 0.375343
vt 0.460145 0.374054
vt 0.483616 0.390348
vt 0.484363 0.391638
vt 0.446159 0.297313
vt 0.446161 0.299212
vt 0.483736 0.388788
vt 0.439271 0.299364
vt 0.490304 0.391390
vt 0.473893 0.386025
vt 0.254107 0.470784
vt 0.496309 0.392628
vt 0.495657 0.394045
vt 0.499244 0.398151
vt 0.500112 0.396911
vt 0.490784 0.389867
vt 0.371955 0.430595
vt 0.376897 0.421610
vt 0.376863 0.430570
vt 0.376986 0.438929
vt 0.371889 0.421615
vt 0.372085 0.446088
vt 0.377087 0.446082
vt 0.481768 0.385392
vt 0.371979 0.438934
vt 0.255598 0.471360
vt 0.252011 0.478969
vt 0.253496 0.479254
vt 0.251958 0.487032
vt 0.253532 0.486983
vt 0.254104 0.494280
vt 0.476705 0.369446
vt 0.483616 0.367539
vt 0.484363 0.368829
vt 0.439274 0.270648
vt 0.446165 0.270496
vt 0.446165 0.272395
vt 0.475958 0.368157
vt 0.467975 0.370380
vt 0.475863 0.366616
vt 0.467491 0.368947
vt 0.459387 0.372736
vt 0.457418 0.369337
vt 0.465519 0.365545
vt 0.473893 0.363217
vt 0.481768 0.362584
vt 0.483737 0.365983
vt 0.356816 0.446093
vt 0.361713 0.438928
vt 0.361819 0.446082
vt 0.490784 0.367058
vt 0.356710 0.438939
vt 0.356686 0.430600
vt 0.490304 0.368581
vt 0.439275 0.272547
vt 0.361595 0.430570
vt 0.496311 0.369822
vt 0.356621 0.421620
vt 0.431245 0.272629
vt 0.495658 0.371236
vt 0.431244 0.270729
vt 0.255602 0.494009
vt 0.500114 0.374104
vt 0.361629 0.421610
vt 0.422616 0.272656
vt 0.499246 0.375343
vt 0.259626 0.499822
vt 0.422616 0.270757
vt 0.258265 0.500380
vt 0.264131 0.504860
vt 0.361602 0.412616
vt 0.356599 0.412627
vt 0.356586 0.404227
vt 0.491152 0.552809
vt 0.487171 0.547891
vt 0.488633 0.547458
vt 0.492475 0.552130
vt 0.361589 0.404216
vt 0.361670 0.396998
vt 0.413975 0.270749
vt 0.413975 0.272648
vt 0.265215 0.504153
vt 0.486538 0.541314
vt 0.484950 0.541512
vt 0.405904 0.272628
vt 0.484781 0.534045
vt 0.486350 0.534217
vt 0.488058 0.526545
vt 0.398972 0.270609
vt 0.398973 0.272509
vt 0.393631 0.272395
vt 0.393631 0.270496
vt 0.405905 0.270723
vt 0.542965 0.591315
vt 0.541336 0.597668
vt 0.539935 0.597016
vt 0.543931 0.576457
vt 0.545920 0.584410
vt 0.544353 0.584314
vt 0.545494 0.576326
vt 0.372085 0.391456
vt 0.376937 0.396998
vt 0.372030 0.397023
vt 0.544538 0.591751
vt 0.371955 0.404243
vt 0.371868 0.412622
vt 0.376857 0.404216
vt 0.525206 0.970206
vt 0.523934 0.971980
vt 0.523934 0.970058
vt 0.525206 0.972128
vt 0.238409 0.971980
vt 0.237134 0.970291
vt 0.238409 0.970058
vt 0.237134 0.972213
vt 0.860295 0.123840
vt 0.868266 0.121928
vt 0.868465 0.123840
vt 0.860089 0.121863
vt 0.868041 0.147508
vt 0.860519 0.145632
vt 0.868457 0.145632
vt 0.860089 0.147572
vt 0.972242 0.709896
vt 0.969815 0.709024
vt 0.972226 0.709024
vt 0.969825 0.709894
vt 0.868118 0.300137
vt 0.866253 0.298805
vt 0.868369 0.298655
vt 0.866148 0.453333
vt 0.868187 0.453362
vt 0.868230 0.455264
vt 0.866191 0.455234
vt 0.865297 0.455252
vt 0.860109 0.453374
vt 0.865991 0.300350
vt 0.865383 0.298655
vt 0.860089 0.299416
vt 0.414059 0.849058
vt 0.415708 0.847393
vt 0.415084 0.849452
vt 0.867768 0.452159
vt 0.414606 0.847296
vt 0.415652 0.841418
vt 0.414611 0.841418
vt 0.413292 0.847100
vt 0.413293 0.841418
vt 0.412935 0.848178
vt 0.866024 0.452159
vt 0.412620 0.849843
vt 0.412098 0.848569
vt 0.860090 0.452274
vt 0.407780 0.849843
vt 0.407490 0.848569
vt 0.863026 0.468406
vt 0.862171 0.466487
vt 0.868210 0.466517
vt 0.862132 0.468390
vt 0.860089 0.468419
vt 0.862291 0.465313
vt 0.868226 0.465416
vt 0.860128 0.466517
vt 0.862200 0.134038
vt 0.860347 0.135369
vt 0.860090 0.133889
vt 0.393831 0.842691
vt 0.389514 0.841419
vt 0.394353 0.841418
vt 0.389223 0.842692
vt 0.394668 0.843084
vt 0.860544 0.465313
vt 0.395792 0.842104
vt 0.862469 0.135583
vt 0.396817 0.841712
vt 0.397441 0.843769
vt 0.863069 0.133889
vt 0.868470 0.134630
vt 0.396338 0.843867
vt 0.397384 0.849844
vt 0.395025 0.844160
vt 0.396343 0.849844
vt 0.395025 0.849844
vt 0.007435 0.917494
vt 0.005024 0.912288
vt 0.007435 0.912291
vt 0.005024 0.917492
vt 0.972325 0.425224
vt 0.969815 0.426179
vt 0.969815 0.425226
vt 0.972226 0.426198
vt 0.747640 0.180450
vt 0.755084 0.180450
vt 0.759401 0.182818
vt 0.756359 0.180839
vt 0.759396 0.180839
vt 0.748127 0.179569
vt 0.754593 0.179569
vt 0.743334 0.182818
vt 0.746367 0.180839
vt 0.743330 0.180839
vt 0.648122 0.895655
vt 0.645706 0.902009
vt 0.645711 0.895670
vt 0.648122 0.901993
vt 0.263949 0.655953
vt 0.265648 0.656834
vt 0.265648 0.663301
vt 0.266376 0.656834
vt 0.266376 0.663300
vt 0.878577 0.771772
vt 0.885055 0.776748
vt 0.878588 0.776748
vt 0.885043 0.771772
vt 0.263949 0.664084
vt 0.257348 0.655955
vt 0.263250 0.653895
vt 0.258048 0.653896
vt 0.263250 0.653013
vt 0.258048 0.653014
vt 0.262082 0.647920
vt 0.256809 0.647921
vt 0.257348 0.664085
vt 0.255649 0.656835
vt 0.258048 0.666142
vt 0.255649 0.663302
vt 0.263250 0.666141
vt 0.254921 0.656836
vt 0.263250 0.667023
vt 0.254921 0.663302
vt 0.249576 0.656836
vt 0.249576 0.663303
vt 0.258048 0.667024
vt 0.262082 0.672216
vt 0.256809 0.672217
vt 0.927954 0.638433
vt 0.932103 0.640940
vt 0.928006 0.640940
vt 0.932051 0.638433
vt 0.927954 0.628384
vt 0.932110 0.625877
vt 0.932064 0.628384
vt 0.928000 0.625877
vt 0.330986 0.433309
vt 0.005271 0.576130
vt 0.331075 0.440545
vt 0.326067 0.440534
vt 0.326238 0.446105
vt 0.006656 0.583413
vt 0.005024 0.583509
vt 0.331240 0.446117
vt 0.182111 0.564882
vt 0.180867 0.573182
vt 0.178472 0.564866
vt 0.008353 0.591076
vt 0.006823 0.591470
vt 0.440823 0.232907
vt 0.440822 0.234806
vt 0.446186 0.234679
vt 0.433873 0.233030
vt 0.446187 0.232780
vt 0.572623 0.046520
vt 0.579413 0.043512
vt 0.579588 0.045129
vt 0.587412 0.045557
vt 0.566316 0.048160
vt 0.566961 0.049561
vt 0.572194 0.044946
vt 0.346283 0.433304
vt 0.341464 0.440514
vt 0.341381 0.433277
vt 0.341289 0.424886
vt 0.587546 0.043992
vt 0.236250 0.461137
vt 0.240825 0.456166
vt 0.241909 0.456874
vt 0.417147 0.233071
vt 0.230800 0.466748
vt 0.232298 0.467019
vt 0.230228 0.474046
vt 0.234960 0.460646
vt 0.341311 0.415890
vt 0.346291 0.424893
vt 0.346318 0.415896
vt 0.341382 0.406914
vt 0.549160 0.517099
vt 0.546625 0.522433
vt 0.545164 0.522000
vt 0.228655 0.473996
vt 0.544516 0.528562
vt 0.542928 0.528362
vt 0.230193 0.481777
vt 0.393631 0.232780
vt 0.473254 0.323256
vt 0.228637 0.481995
vt 0.475720 0.339763
vt 0.341536 0.391450
vt 0.346424 0.398592
vt 0.341417 0.398586
vt 0.346537 0.391457
vt 0.467276 0.345831
vt 0.466790 0.344310
vt 0.346290 0.406940
vt 0.461241 0.347069
vt 0.458206 0.352535
vt 0.457418 0.351345
vt 0.550418 0.517703
vt 0.461900 0.348485
vt 0.400505 0.245185
vt 0.400503 0.247084
vt 0.393631 0.246918
vt 0.408521 0.247175
vt 0.972325 0.415175
vt 0.969882 0.413954
vt 0.972293 0.413932
vt 0.969815 0.415175
vt 0.849386 0.863475
vt 0.846021 0.867591
vt 0.844778 0.860438
vt 0.849386 0.860437
vt 0.843584 0.861908
vt 0.843941 0.860831
vt 0.843584 0.867591
vt 0.023312 0.878251
vt 0.022070 0.885403
vt 0.020876 0.883934
vt 0.020876 0.878252
vt 0.021233 0.885012
vt 0.026678 0.882365
vt 0.026678 0.885402
vt 0.862800 0.867590
vt 0.864043 0.860437
vt 0.865237 0.861906
vt 0.865237 0.867590
vt 0.864880 0.860830
vt 0.859435 0.863476
vt 0.859435 0.860438
vt 0.005024 0.882366
vt 0.008390 0.878252
vt 0.009633 0.885403
vt 0.005024 0.885404
vt 0.010827 0.883933
vt 0.010470 0.885011
vt 0.010827 0.878251
vt 0.526673 0.277044
vt 0.534636 0.278933
vt 0.529184 0.280812
vt 0.526180 0.279514
vt 0.525709 0.277681
vt 0.535527 0.277260
vt 0.536826 0.277125
vt 0.539400 0.282013
vt 0.542722 0.281459
vt 0.534419 0.280756
vt 0.524260 0.282384
vt 0.518258 0.280588
vt 0.534108 0.283376
vt 0.519648 0.282993
vt 0.517860 0.281456
vt 0.528868 0.282634
vt 0.520754 0.285314
vt 0.513868 0.286792
vt 0.528081 0.286765
vt 0.533612 0.287551
vt 0.539377 0.283869
vt 0.543914 0.284695
vt 0.539174 0.288069
vt 0.533125 0.291636
vt 0.544726 0.280368
vt 0.545965 0.280738
vt 0.548255 0.286356
vt 0.522765 0.285828
vt 0.527508 0.290752
vt 0.522213 0.289626
vt 0.519353 0.288779
vt 0.516726 0.288471
vt 0.514151 0.287723
vt 0.519890 0.292558
vt 0.514690 0.293965
vt 0.518279 0.294476
vt 0.515590 0.294692
vt 0.521881 0.293242
vt 0.522611 0.296215
vt 0.271057 0.612884
vt 0.267700 0.613562
vt 0.271042 0.610812
vt 0.520463 0.300163
vt 0.527160 0.294486
vt 0.270811 0.618279
vt 0.523812 0.299373
vt 0.521701 0.300538
vt 0.527038 0.298805
vt 0.529699 0.303787
vt 0.266968 0.618108
vt 0.265280 0.618004
vt 0.273968 0.624289
vt 0.270308 0.623843
vt 0.531898 0.301898
vt 0.530998 0.303652
vt 0.532116 0.300068
vt 0.266481 0.623378
vt 0.264068 0.623086
vt 0.537254 0.300005
vt 0.264068 0.628218
vt 0.539862 0.303787
vt 0.540354 0.301317
vt 0.540815 0.303231
vt 0.265722 0.628615
vt 0.542265 0.298525
vt 0.265369 0.633213
vt 0.548276 0.300243
vt 0.269495 0.629371
vt 0.546886 0.297838
vt 0.548578 0.299364
vt 0.545771 0.295600
vt 0.552569 0.294023
vt 0.268484 0.634580
vt 0.267973 0.636690
vt 0.538698 0.292068
vt 0.538253 0.295790
vt 0.543579 0.295792
vt 0.544106 0.292199
vt 0.544463 0.288379
vt 0.546634 0.288357
vt 0.547181 0.292050
vt 0.549808 0.292360
vt 0.956574 0.089567
vt 0.959081 0.088970
vt 0.959747 0.089567
vt 0.551737 0.286936
vt 0.550934 0.286225
vt 0.867792 0.797006
vt 0.860126 0.799417
vt 0.860089 0.797006
vt 0.867829 0.799417
vt 0.370991 0.189716
vt 0.364228 0.196303
vt 0.347382 0.199349
vt 0.359195 0.198394
vt 0.491098 0.266828
vt 0.485411 0.268325
vt 0.479432 0.268794
vt 0.492176 0.269781
vt 0.495907 0.264551
vt 0.485998 0.271376
vt 0.497476 0.267312
vt 0.365846 0.195823
vt 0.362610 0.201594
vt 0.360299 0.198128
vt 0.353984 0.199243
vt 0.354991 0.202945
vt 0.369290 0.198795
vt 0.347024 0.202874
vt 0.370206 0.192602
vt 0.501504 0.264046
vt 0.374600 0.194924
vt 0.378234 0.190093
vt 0.499640 0.261559
vt 0.368263 0.193363
vt 0.068818 0.672289
vt 0.071144 0.667271
vt 0.071177 0.673371
vt 0.373156 0.188706
vt 0.068886 0.666686
vt 0.374486 0.184255
vt 0.379751 0.184773
vt 0.379327 0.179175
vt 0.068936 0.660656
vt 0.071177 0.660687
vt 0.374064 0.179631
vt 0.071177 0.654086
vt 0.376713 0.173816
vt 0.068857 0.654632
vt 0.371817 0.181462
vt 0.372189 0.185623
vt 0.371952 0.175156
vt 0.068838 0.648987
vt 0.369865 0.177354
vt 0.071144 0.647920
vt 0.372282 0.168899
vt 0.366491 0.173686
vt 0.356477 0.168490
vt 0.368317 0.171143
vt 0.361971 0.170655
vt 0.363326 0.167888
vt 0.366279 0.164934
vt 0.359076 0.162131
vt 0.357363 0.165483
vt 0.350883 0.164315
vt 0.350578 0.167417
vt 0.351258 0.160567
vt 0.343185 0.160567
vt 0.344298 0.164198
vt 0.344485 0.167310
vt 0.337975 0.165394
vt 0.335567 0.161913
vt 0.328896 0.164631
vt 0.338766 0.168372
vt 0.332436 0.167613
vt 0.335990 0.196111
vt 0.333732 0.170463
vt 0.328077 0.170839
vt 0.323577 0.168589
vt 0.325779 0.181057
vt 0.329697 0.173403
vt 0.325120 0.174816
vt 0.058769 0.667214
vt 0.058743 0.673372
vt 0.056441 0.672300
vt 0.320048 0.173343
vt 0.318425 0.178740
vt 0.056453 0.666662
vt 0.326969 0.177050
vt 0.056528 0.660641
vt 0.323788 0.179267
vt 0.058765 0.660616
vt 0.318956 0.184262
vt 0.058732 0.654028
vt 0.324212 0.183891
vt 0.056478 0.654608
vt 0.326143 0.185303
vt 0.326330 0.188286
vt 0.321464 0.189696
vt 0.056414 0.648997
vt 0.058769 0.647920
vt 0.328095 0.189412
vt 0.325904 0.194527
vt 0.462990 0.264551
vt 0.457418 0.264046
vt 0.459278 0.261559
vt 0.331469 0.193080
vt 0.329966 0.192293
vt 0.461422 0.267312
vt 0.331898 0.198573
vt 0.466703 0.269781
vt 0.334949 0.195635
vt 0.467781 0.266828
vt 0.340919 0.197958
vt 0.339100 0.201382
vt 0.473361 0.268325
vt 0.472870 0.271376
vt 0.347391 0.199207
vt 0.479432 0.271904
vt 0.972325 0.402608
vt 0.969884 0.403861
vt 0.969815 0.402608
vt 0.972295 0.403883
vt 0.956903 0.442983
vt 0.959261 0.444877
vt 0.956574 0.444877
vt 0.959589 0.442983
vt 0.959151 0.646650
vt 0.956877 0.648548
vt 0.956575 0.646650
vt 0.959454 0.648548
vt 0.372807 0.139545
vt 0.361303 0.145686
vt 0.367692 0.100541
vt 0.367643 0.143418
vt 0.361929 0.148441
vt 0.368823 0.146017
vt 0.369191 0.147621
vt 0.362066 0.150146
vt 0.374401 0.141708
vt 0.375063 0.143144
vt 0.379227 0.137051
vt 0.354277 0.148817
vt 0.354011 0.150518
vt 0.345727 0.148857
vt 0.354234 0.146017
vt 0.346289 0.147128
vt 0.338683 0.143613
vt 0.337701 0.145074
vt 0.330600 0.139604
vt 0.346987 0.144543
vt 0.339928 0.141305
vt 0.331818 0.138322
vt 0.324702 0.132727
vt 0.333603 0.136443
vt 0.326181 0.131739
vt 0.320582 0.124972
vt 0.328422 0.130376
vt 0.322209 0.124256
vt 0.320181 0.116431
vt 0.318425 0.116716
vt 0.318452 0.108718
vt 0.322909 0.116262
vt 0.324825 0.123492
vt 0.322945 0.109251
vt 0.320162 0.108767
vt 0.320606 0.101471
vt 0.324811 0.102734
vt 0.346990 0.090901
vt 0.322226 0.101756
vt 0.328484 0.097443
vt 0.326171 0.095895
vt 0.551557 0.436924
vt 0.546039 0.430167
vt 0.551581 0.430164
vt 0.777096 0.373306
vt 0.777095 0.371064
vt 0.783855 0.371064
vt 0.783856 0.373444
vt 0.784150 0.373907
vt 0.784738 0.374183
vt 0.769454 0.374183
vt 0.770042 0.373907
vt 0.770336 0.373444
vt 0.770336 0.371064
vt 0.551534 0.443683
vt 0.546015 0.436926
vt 0.545991 0.443686
vt 0.540213 0.436927
vt 0.540237 0.430167
vt 0.540189 0.443687
vt 0.513915 0.430164
vt 0.513868 0.443683
vt 0.513891 0.436924
vt 0.305187 0.135970
vt 0.298319 0.137617
vt 0.301462 0.132454
vt 0.301750 0.141783
vt 0.293413 0.141990
vt 0.296157 0.146738
vt 0.288999 0.150496
vt 0.287039 0.145430
vt 0.280570 0.152948
vt 0.279589 0.147520
vt 0.271653 0.153726
vt 0.271653 0.148229
vt 0.263621 0.147520
vt 0.262642 0.152948
vt 0.256178 0.145430
vt 0.254318 0.150496
vt 0.249817 0.141990
vt 0.247075 0.146738
vt 0.241596 0.141783
vt 0.244926 0.137617
vt 0.238178 0.135970
vt 0.241897 0.132454
vt 0.249972 0.628136
vt 0.254019 0.636143
vt 0.250056 0.637113
vt 0.253945 0.628170
vt 0.250026 0.619161
vt 0.254009 0.620196
vt 0.250150 0.610813
vt 0.254019 0.612802
vt 0.860100 0.503045
vt 0.868235 0.505456
vt 0.860089 0.505456
vt 0.868245 0.503045
vt 0.324773 0.095375
vt 0.330642 0.090901
vt 0.331820 0.091653
vt 0.333629 0.093447
vt 0.239547 0.182383
vt 0.245203 0.178383
vt 0.242094 0.183465
vt 0.339991 0.091299
vt 0.238178 0.181410
vt 0.242850 0.176896
vt 0.241577 0.175696
vt 0.247040 0.170763
vt 0.248116 0.172149
vt 0.249983 0.174026
vt 0.254957 0.168521
vt 0.254269 0.166949
vt 0.256333 0.170738
vt 0.262979 0.166246
vt 0.262585 0.164553
vt 0.354356 0.092390
vt 0.361366 0.095680
vt 0.263671 0.168620
vt 0.271602 0.167896
vt 0.271595 0.165504
vt 0.271594 0.163775
vt 0.280513 0.164553
vt 0.280220 0.166246
vt 0.288950 0.166949
vt 0.288168 0.168521
vt 0.296120 0.170763
vt 0.279540 0.168620
vt 0.286899 0.170738
vt 0.372872 0.106609
vt 0.376518 0.113442
vt 0.378314 0.120655
vt 0.295142 0.172149
vt 0.293186 0.174026
vt 0.378349 0.127734
vt 0.298106 0.178383
vt 0.300456 0.176896
vt 0.301730 0.175696
vt 0.305187 0.181410
vt 0.376460 0.134132
vt 0.303814 0.182383
vt 0.301168 0.183465
vt 0.378417 0.135914
vt 0.898533 0.844197
vt 0.895698 0.849036
vt 0.895698 0.844712
vt 0.829307 0.560621
vt 0.827183 0.554699
vt 0.829307 0.554708
vt 0.898533 0.848463
vt 0.827183 0.560612
vt 0.901380 0.849011
vt 0.824318 0.554727
vt 0.901380 0.844687
vt 0.824319 0.560641
vt 0.821500 0.570744
vt 0.819383 0.576673
vt 0.819383 0.570759
vt 0.821469 0.560641
vt 0.821500 0.576657
vt 0.821468 0.554727
vt 0.824361 0.570771
vt 0.819383 0.554638
vt 0.824361 0.576684
vt 0.819384 0.560552
vt 0.129441 0.912791
vt 0.132284 0.916948
vt 0.129441 0.917455
vt 0.132284 0.912288
vt 0.827214 0.576686
vt 0.827214 0.570773
vt 0.829307 0.570690
vt 0.829307 0.576603
vt 0.039974 0.916948
vt 0.042813 0.912804
vt 0.042813 0.917468
vt 0.039974 0.912288
vt 0.969821 0.575046
vt 0.972226 0.573148
vt 0.972232 0.575046
vt 0.969815 0.573148
vt 0.972232 0.563099
vt 0.969824 0.561195
vt 0.972235 0.561193
vt 0.969815 0.563099
vt 0.972236 0.676389
vt 0.969815 0.675110
vt 0.972232 0.675112
vt 0.969826 0.676389
vt 0.868234 0.425244
vt 0.860142 0.427654
vt 0.860089 0.425244
vt 0.868285 0.427660
vt 0.566350 0.073131
vt 0.591142 0.066370
vt 0.591159 0.073130
vt 0.566333 0.066372
vt 0.566316 0.059612
vt 0.591125 0.059610
vt 0.594659 0.066370
vt 0.594676 0.073130
vt 0.594642 0.059611
vt 0.598122 0.073131
vt 0.598088 0.059611
vt 0.598105 0.066371
vt 0.598597 0.066372
vt 0.598687 0.073131
vt 0.598652 0.059612
vt 0.231607 0.867504
vt 0.231236 0.867174
vt 0.231798 0.860437
vt 0.231798 0.868112
vt 0.254537 0.861373
vt 0.254908 0.861044
vt 0.255099 0.868109
vt 0.255099 0.860437
vt 0.972239 0.663811
vt 0.969815 0.665061
vt 0.969823 0.663812
vt 0.972226 0.665061
vt 0.743329 0.151224
vt 0.759363 0.151224
vt 0.747604 0.154240
vt 0.746374 0.153778
vt 0.743337 0.153732
vt 0.755099 0.154224
vt 0.754608 0.155324
vt 0.748125 0.155348
vt 0.756335 0.153686
vt 0.759371 0.153732
vt 0.743337 0.165396
vt 0.759371 0.165396
vt 0.747602 0.168397
vt 0.746366 0.167858
vt 0.743330 0.167904
vt 0.755097 0.168413
vt 0.748093 0.169496
vt 0.754575 0.169520
vt 0.756326 0.167950
vt 0.759363 0.167904
vt 0.141716 0.844160
vt 0.140461 0.845225
vt 0.140336 0.844352
vt 0.142651 0.850164
vt 0.141984 0.842041
vt 0.140601 0.842233
vt 0.142952 0.844085
vt 0.866128 0.529952
vt 0.868178 0.529888
vt 0.868194 0.531796
vt 0.866144 0.531861
vt 0.865250 0.531871
vt 0.860090 0.529906
vt 0.143804 0.850001
vt 0.143167 0.842270
vt 0.867773 0.528711
vt 0.144165 0.844205
vt 0.144971 0.849831
vt 0.144304 0.843096
vt 0.866018 0.528740
vt 0.144232 0.841418
vt 0.144971 0.842600
vt 0.860092 0.528711
vt 0.894337 0.917191
vt 0.893063 0.917060
vt 0.893063 0.912288
vt 0.894337 0.912583
vt 0.201184 0.846244
vt 0.202437 0.847321
vt 0.201059 0.847117
vt 0.203360 0.841418
vt 0.202706 0.849436
vt 0.201324 0.849232
vt 0.203673 0.847402
vt 0.204512 0.841585
vt 0.204873 0.847374
vt 0.205680 0.841750
vt 0.205012 0.848481
vt 0.203889 0.849211
vt 0.860090 0.518589
vt 0.860106 0.516681
vt 0.862160 0.516743
vt 0.860510 0.515505
vt 0.862143 0.518651
vt 0.863037 0.518662
vt 0.868198 0.516699
vt 0.862268 0.515532
vt 0.204941 0.850149
vt 0.205680 0.848969
vt 0.868194 0.515505
vt 0.904386 0.917191
vt 0.905659 0.912288
vt 0.905659 0.917060
vt 0.904386 0.912583
vt 0.860126 0.718906
vt 0.867856 0.721317
vt 0.860089 0.721317
vt 0.867891 0.718900
vt 0.155454 0.391758
vt 0.137563 0.393712
vt 0.137627 0.391450
vt 0.155389 0.394019
vt 0.137529 0.395674
vt 0.142037 0.395703
vt 0.137369 0.428025
vt 0.142736 0.395078
vt 0.141482 0.428096
vt 0.137537 0.435303
vt 0.141656 0.435062
vt 0.142320 0.441997
vt 0.138101 0.442546
vt 0.142670 0.444589
vt 0.138637 0.445451
vt 0.142751 0.445242
vt 0.138719 0.446040
vt 0.956575 0.017483
vt 0.956759 0.016893
vt 0.959766 0.016893
vt 0.959557 0.017483
vt 0.144792 0.395113
vt 0.151547 0.395230
vt 0.153604 0.395265
vt 0.150849 0.395856
vt 0.154280 0.395915
vt 0.145463 0.395763
vt 0.158589 0.396038
vt 0.150294 0.428249
vt 0.144907 0.428156
vt 0.145086 0.434859
vt 0.150484 0.434587
vt 0.145856 0.441527
vt 0.150962 0.440901
vt 0.151219 0.442967
vt 0.146206 0.443903
vt 0.151300 0.443612
vt 0.146388 0.444552
vt 0.942376 0.749746
vt 0.942644 0.749058
vt 0.946284 0.749156
vt 0.946018 0.749746
vt 0.153725 0.428308
vt 0.161460 0.428441
vt 0.162015 0.396097
vt 0.153914 0.434383
vt 0.161563 0.433981
vt 0.161863 0.439508
vt 0.154396 0.440431
vt 0.161935 0.440904
vt 0.154659 0.442277
vt 0.162015 0.441551
vt 0.154841 0.442932
vt 0.917442 0.587344
vt 0.912332 0.586656
vt 0.917655 0.586755
vt 0.912063 0.587344
vt 0.102869 0.443777
vt 0.120762 0.445736
vt 0.102936 0.446045
vt 0.120695 0.443468
vt 0.107343 0.441785
vt 0.102835 0.441814
vt 0.102676 0.409465
vt 0.108042 0.442411
vt 0.106788 0.409393
vt 0.102844 0.402187
vt 0.106962 0.402427
vt 0.107627 0.395493
vt 0.103408 0.394944
vt 0.107977 0.392901
vt 0.103944 0.392039
vt 0.108056 0.392247
vt 0.104025 0.391450
vt 0.940176 0.959670
vt 0.940176 0.956663
vt 0.940761 0.956473
vt 0.940761 0.959456
vt 0.110098 0.442375
vt 0.116853 0.442258
vt 0.118909 0.442222
vt 0.116154 0.441632
vt 0.119586 0.441573
vt 0.110768 0.441726
vt 0.123895 0.441449
vt 0.115600 0.409241
vt 0.110214 0.409334
vt 0.110392 0.402631
vt 0.115790 0.402903
vt 0.111163 0.395963
vt 0.116268 0.396588
vt 0.116526 0.394522
vt 0.111511 0.393586
vt 0.116605 0.393876
vt 0.111692 0.392936
vt 0.946290 0.739009
vt 0.942649 0.739009
vt 0.942376 0.738423
vt 0.946018 0.738423
vt 0.119031 0.409181
vt 0.126766 0.409047
vt 0.127320 0.441390
vt 0.119220 0.403106
vt 0.126869 0.403507
vt 0.127169 0.397981
vt 0.119702 0.397058
vt 0.127240 0.396585
vt 0.119964 0.395212
vt 0.127320 0.395936
vt 0.120145 0.394555
vt 0.917167 0.863052
vt 0.917385 0.863637
vt 0.912063 0.863637
vt 0.912063 0.597393
vt 0.917644 0.597393
vt 0.917408 0.597958
vt 0.972416 0.152848
vt 0.969891 0.150438
vt 0.972492 0.150438
vt 0.969815 0.152848
vt 0.969815 0.199878
vt 0.972447 0.197467
vt 0.972439 0.199878
vt 0.969824 0.197467
vt 0.495021 0.251396
vt 0.499372 0.244116
vt 0.500266 0.250988
vt 0.500189 0.244033
vt 0.494629 0.244334
vt 0.501417 0.250909
vt 0.489875 0.244456
vt 0.500788 0.243945
vt 0.489762 0.251510
vt 0.457530 0.243945
vt 0.457418 0.250999
vt 0.502081 0.250823
vt 0.029925 0.912505
vt 0.029826 0.917576
vt 0.029237 0.917379
vt 0.029237 0.912288
vt 0.460127 0.226502
vt 0.464479 0.233782
vt 0.459234 0.233374
vt 0.464871 0.226720
vt 0.459310 0.226419
vt 0.469624 0.226842
vt 0.458082 0.233297
vt 0.469737 0.233896
vt 0.501968 0.226331
vt 0.502081 0.233385
vt 0.458710 0.226331
vt 0.457418 0.233210
vt 0.917401 0.852416
vt 0.912063 0.853003
vt 0.912309 0.852416
vt 0.917142 0.853003
vt 0.457676 0.063303
vt 0.457424 0.065358
vt 0.457464 0.063104
vt 0.457483 0.062433
vt 0.457642 0.065162
vt 0.457418 0.066056
vt 0.489826 0.063010
vt 0.524962 0.504939
vt 0.551501 0.504294
vt 0.551520 0.505176
vt 0.524980 0.505821
vt 0.489803 0.063875
vt 0.489761 0.066632
vt 0.389729 0.589674
vt 0.388845 0.564868
vt 0.389727 0.564866
vt 0.388847 0.589677
vt 0.489769 0.065735
vt 0.388847 0.593797
vt 0.495128 0.063773
vt 0.495243 0.065641
vt 0.389729 0.593794
vt 0.495301 0.066534
vt 0.389728 0.597775
vt 0.388846 0.597777
vt 0.500704 0.065343
vt 0.500828 0.066238
vt 0.389727 0.598713
vt 0.502133 0.066165
vt 0.388845 0.598785
vt 0.500439 0.063377
vt 0.626353 0.958070
vt 0.627109 0.959741
vt 0.626262 0.959489
vt 0.502056 0.065170
vt 0.503007 0.065099
vt 0.627528 0.959444
vt 0.501687 0.063304
vt 0.502640 0.063131
vt 0.501424 0.062433
vt 0.515905 0.505163
vt 0.514497 0.504802
vt 0.515149 0.504294
vt 0.500331 0.062509
vt 0.515873 0.505948
vt 0.516764 0.506024
vt 0.516746 0.505142
vt 0.515396 0.506254
vt 0.520781 0.505924
vt 0.495085 0.062906
vt 0.520762 0.505042
vt 0.514095 0.505302
vt 0.503215 0.063053
vt 0.513868 0.505993
vt 0.515190 0.506946
vt 0.503583 0.065020
vt 0.628170 0.956473
vt 0.626944 0.957876
vt 0.627431 0.956505
vt 0.627683 0.957844
vt 0.628170 0.959395
vt 0.503325 0.077549
vt 0.503576 0.079605
vt 0.503359 0.079409
vt 0.503580 0.080304
vt 0.503536 0.077352
vt 0.503515 0.076681
vt 0.471238 0.080880
vt 0.400561 0.564866
vt 0.399780 0.589676
vt 0.399778 0.564868
vt 0.400563 0.589674
vt 0.400563 0.593794
vt 0.471172 0.077258
vt 0.090719 0.517099
vt 0.091502 0.517112
vt 0.091150 0.543657
vt 0.090367 0.543644
vt 0.471199 0.078122
vt 0.091095 0.547857
vt 0.090312 0.547844
vt 0.465874 0.078020
vt 0.465913 0.077154
vt 0.471233 0.079981
vt 0.091045 0.551875
vt 0.460668 0.076758
vt 0.090262 0.551862
vt 0.465759 0.079888
vt 0.460563 0.077624
vt 0.091034 0.552716
vt 0.459575 0.076681
vt 0.090250 0.552751
vt 0.465698 0.080782
vt 0.399780 0.593796
vt 0.460299 0.079590
vt 0.399778 0.597777
vt 0.460171 0.080486
vt 0.400562 0.597775
vt 0.399778 0.598715
vt 0.458866 0.080413
vt 0.400561 0.598783
vt 0.459315 0.077551
vt 0.458947 0.079417
vt 0.660135 0.958143
vt 0.660139 0.956691
vt 0.660893 0.956473
vt 0.457995 0.079345
vt 0.661310 0.956771
vt 0.458362 0.077377
vt 0.091502 0.554124
vt 0.089950 0.553230
vt 0.457785 0.077299
vt 0.091007 0.554529
vt 0.090320 0.554759
vt 0.089360 0.553440
vt 0.457418 0.079267
vt 0.661951 0.959741
vt 0.661213 0.959708
vt 0.660724 0.958338
vt 0.661462 0.958371
vt 0.661951 0.956821
vt 0.972226 0.629588
vt 0.969848 0.628621
vt 0.972259 0.628621
vt 0.969815 0.629588
vt 0.275264 0.489173
vt 0.276296 0.495461
vt 0.275402 0.495513
vt 0.397859 0.547543
vt 0.398742 0.542875
vt 0.398741 0.547541
vt 0.397857 0.552003
vt 0.397860 0.542878
vt 0.398739 0.552001
vt 0.276724 0.501714
vt 0.275829 0.501831
vt 0.398738 0.553324
vt 0.276072 0.503809
vt 0.397856 0.553396
vt 0.398741 0.518031
vt 0.397859 0.518032
vt 0.370421 0.970850
vt 0.368602 0.971074
vt 0.369094 0.970341
vt 0.368759 0.971562
vt 0.276965 0.503739
vt 0.370186 0.970058
vt 0.398738 0.517099
vt 0.397856 0.517101
vt 0.277054 0.457711
vt 0.276084 0.456788
vt 0.276788 0.456166
vt 0.277854 0.457089
vt 0.972278 0.585977
vt 0.970754 0.585094
vt 0.972277 0.585095
vt 0.278844 0.456218
vt 0.970755 0.585976
vt 0.278620 0.457751
vt 0.276257 0.489191
vt 0.969815 0.585095
vt 0.279515 0.456875
vt 0.969817 0.585977
vt 0.502528 0.517099
vt 0.503410 0.517100
vt 0.503406 0.543688
vt 0.277823 0.489231
vt 0.278695 0.489261
vt 0.502524 0.543685
vt 0.277865 0.495371
vt 0.502525 0.548500
vt 0.278834 0.495338
vt 0.503407 0.548503
vt 0.503410 0.553124
vt 0.279267 0.501389
vt 0.502528 0.553121
vt 0.278398 0.501491
vt 0.923740 0.982431
vt 0.923740 0.983840
vt 0.922858 0.983840
vt 0.279515 0.503169
vt 0.922957 0.982385
vt 0.278642 0.503425
vt 0.959426 0.100182
vt 0.959652 0.100935
vt 0.957986 0.100311
vt 0.958424 0.099616
vt 0.278808 0.504370
vt 0.959365 0.101361
vt 0.277131 0.504690
vt 0.957835 0.100895
vt 0.278984 0.504941
vt 0.957805 0.101640
vt 0.959354 0.102100
vt 0.277212 0.505263
vt 0.956609 0.101354
vt 0.370433 0.971474
vt 0.956574 0.102100
vt 0.370174 0.972136
vt 0.368543 0.972136
vt 0.426738 0.440926
vt 0.395229 0.440766
vt 0.394359 0.439871
vt 0.566316 0.369520
vt 0.592905 0.368640
vt 0.592902 0.369522
vt 0.566317 0.368638
vt 0.598235 0.368638
vt 0.970750 0.596026
vt 0.969817 0.596908
vt 0.969815 0.596026
vt 0.393698 0.440531
vt 0.970750 0.596908
vt 0.972273 0.596908
vt 0.598232 0.369520
vt 0.878577 0.279433
vt 0.878577 0.278551
vt 0.883705 0.278551
vt 0.972273 0.596026
vt 0.087026 0.565799
vt 0.087023 0.564868
vt 0.087905 0.564866
vt 0.393630 0.442587
vt 0.394561 0.441527
vt 0.087908 0.565798
vt 0.087027 0.590645
vt 0.395178 0.442331
vt 0.394247 0.443295
vt 0.087909 0.590642
vt 0.426626 0.444350
vt 0.087026 0.595796
vt 0.087908 0.595794
vt 0.426650 0.443357
vt 0.433594 0.444285
vt 0.087023 0.600601
vt 0.426702 0.441792
vt 0.433552 0.443289
vt 0.433473 0.441719
vt 0.433443 0.440852
vt 0.440218 0.441060
vt 0.440428 0.442825
vt 0.087905 0.600599
vt 0.440538 0.443727
vt 0.005024 0.982385
vt 0.005811 0.982784
vt 0.005024 0.984326
vt 0.443048 0.443319
vt 0.473641 0.984115
vt 0.472759 0.982519
vt 0.473641 0.982385
vt 0.440123 0.440184
vt 0.883705 0.279433
vt 0.885536 0.279433
vt 0.442430 0.439871
vt 0.885586 0.278650
vt 0.381045 0.970332
vt 0.382367 0.970851
vt 0.380482 0.971012
vt 0.380639 0.971504
vt 0.442679 0.440745
vt 0.959424 0.125630
vt 0.959645 0.126384
vt 0.957985 0.125758
vt 0.958422 0.125065
vt 0.442984 0.442424
vt 0.443624 0.440586
vt 0.382140 0.970058
vt 0.443934 0.442265
vt 0.959363 0.126809
vt 0.444195 0.440414
vt 0.957835 0.126342
vt 0.957805 0.127087
vt 0.959353 0.127548
vt 0.444506 0.442189
vt 0.956608 0.126802
vt 0.382374 0.971474
vt 0.956574 0.127548
vt 0.382108 0.972134
vt 0.380482 0.972124
vt 0.290597 0.465971
vt 0.289564 0.472255
vt 0.289702 0.465916
vt 0.408795 0.542877
vt 0.409577 0.547541
vt 0.408794 0.547543
vt 0.409575 0.552001
vt 0.409578 0.542875
vt 0.408792 0.552002
vt 0.408794 0.518033
vt 0.409577 0.518029
vt 0.291025 0.459718
vt 0.290128 0.459598
vt 0.408791 0.553326
vt 0.290371 0.457620
vt 0.409574 0.553393
vt 0.408791 0.517101
vt 0.409574 0.517099
vt 0.972277 0.607740
vt 0.970754 0.606957
vt 0.972277 0.606957
vt 0.649786 0.971263
vt 0.648459 0.971772
vt 0.648025 0.971117
vt 0.291356 0.503720
vt 0.291087 0.505262
vt 0.290384 0.504640
vt 0.648183 0.970631
vt 0.292155 0.504342
vt 0.970754 0.607740
vt 0.293143 0.505209
vt 0.292921 0.503680
vt 0.290558 0.472241
vt 0.969815 0.607740
vt 0.293814 0.504552
vt 0.969816 0.606957
vt 0.514246 0.517103
vt 0.513459 0.543686
vt 0.513462 0.517099
vt 0.292124 0.472201
vt 0.292994 0.472168
vt 0.514242 0.543689
vt 0.292166 0.466061
vt 0.514243 0.548504
vt 0.293134 0.466091
vt 0.513460 0.548501
vt 0.513462 0.553122
vt 0.293566 0.460040
vt 0.514246 0.553125
vt 0.292699 0.459941
vt 0.933789 0.982385
vt 0.934573 0.982385
vt 0.934573 0.983794
vt 0.293814 0.458260
vt 0.933789 0.983840
vt 0.292943 0.458008
vt 0.567695 0.971300
vt 0.569471 0.971177
vt 0.569040 0.971833
vt 0.567921 0.972085
vt 0.569314 0.970689
vt 0.291267 0.457694
vt 0.293109 0.457060
vt 0.649550 0.972053
vt 0.291432 0.456741
vt 0.567714 0.970702
vt 0.293283 0.456488
vt 0.567837 0.970058
vt 0.569454 0.970058
vt 0.291511 0.456166
vt 0.771618 0.982385
vt 0.772095 0.982775
vt 0.771618 0.983991
vt 0.649800 0.970642
vt 0.982644 0.164760
vt 0.983658 0.164175
vt 0.983958 0.164760
vt 0.649599 0.970058
vt 0.647969 0.970058
vt 0.008448 0.473933
vt 0.008611 0.505445
vt 0.007585 0.473973
vt 0.007657 0.467202
vt 0.006087 0.467123
vt 0.006019 0.474024
vt 0.008316 0.460457
vt 0.005090 0.467078
vt 0.006551 0.460248
vt 0.008523 0.467228
vt 0.009190 0.460549
vt 0.592906 0.379572
vt 0.598236 0.379571
vt 0.598234 0.380354
vt 0.883705 0.325494
vt 0.878577 0.325494
vt 0.878577 0.324711
vt 0.883705 0.324711
vt 0.592903 0.380355
vt 0.885536 0.324711
vt 0.009504 0.458242
vt 0.885586 0.325494
vt 0.566320 0.379571
vt 0.566316 0.380354
vt 0.009504 0.506311
vt 0.970750 0.618572
vt 0.969815 0.618572
vt 0.969817 0.617789
vt 0.008844 0.506972
vt 0.970750 0.617789
vt 0.007849 0.506113
vt 0.972273 0.618572
vt 0.006788 0.507040
vt 0.972273 0.617789
vt 0.097958 0.564868
vt 0.098741 0.564866
vt 0.098744 0.565796
vt 0.007045 0.505496
vt 0.097961 0.565800
vt 0.006080 0.506423
vt 0.098745 0.590642
vt 0.005024 0.474046
vt 0.097962 0.590644
vt 0.098744 0.595794
vt 0.097961 0.595796
vt 0.098741 0.600599
vt 0.097958 0.600601
vt 0.005648 0.460134
vt 0.169445 0.984286
vt 0.168732 0.982709
vt 0.169445 0.982385
vt 0.006056 0.457625
vt 0.566782 0.984092
vt 0.567298 0.982385
vt 0.567577 0.984092
vt 0.660352 0.971780
vt 0.659849 0.971179
vt 0.661674 0.971260
vt 0.660006 0.970689
vt 0.006952 0.457691
vt 0.661446 0.972052
vt 0.008631 0.457996
vt 0.008790 0.457050
vt 0.917546 0.958131
vt 0.917668 0.956691
vt 0.918232 0.957690
vt 0.007111 0.456740
vt 0.916913 0.956473
vt 0.916494 0.956759
vt 0.008960 0.456477
vt 0.916969 0.958286
vt 0.916317 0.958353
vt 0.915849 0.956807
vt 0.007186 0.456166
vt 0.916502 0.959511
vt 0.661681 0.970639
vt 0.915849 0.959582
vt 0.661475 0.970058
vt 0.659849 0.970069
vt 0.082489 0.902071
vt 0.080079 0.895708
vt 0.082489 0.895656
vt 0.079980 0.902103
vt 0.972226 0.698089
vt 0.969832 0.698975
vt 0.969815 0.698089
vt 0.972243 0.698975
vt 0.912116 0.695210
vt 0.917382 0.697620
vt 0.912063 0.697620
vt 0.917434 0.695204
vt 0.927991 0.437369
vt 0.932125 0.439870
vt 0.927954 0.439876
vt 0.932163 0.437369
vt 0.927987 0.452427
vt 0.932113 0.449925
vt 0.932145 0.452432
vt 0.927954 0.449925
vt 0.580796 0.970313
vt 0.579520 0.971844
vt 0.579520 0.970058
vt 0.580796 0.972102
vt 0.845477 0.971847
vt 0.844205 0.970230
vt 0.845477 0.970058
vt 0.844205 0.972015
vt 0.868090 0.073946
vt 0.860527 0.075677
vt 0.860089 0.073946
vt 0.868528 0.075677
vt 0.972429 0.054162
vt 0.969915 0.051754
vt 0.972529 0.051754
vt 0.969815 0.054162
vt 0.969827 0.187418
vt 0.972446 0.185007
vt 0.972458 0.187418
vt 0.969815 0.185007
vt 0.860298 0.110041
vt 0.868269 0.111814
vt 0.860089 0.111814
vt 0.868477 0.110041
vt 0.425790 0.245301
vt 0.425788 0.247200
vt 0.417144 0.247210
vt 0.433869 0.247175
vt 0.417146 0.245310
vt 0.408523 0.245276
vt 0.189624 0.461138
vt 0.194200 0.456166
vt 0.195283 0.456875
vt 0.433870 0.245270
vt 0.334062 0.564866
vt 0.335699 0.571171
vt 0.332659 0.565510
vt 0.440817 0.247046
vt 0.544314 0.535646
vt 0.337276 0.570744
vt 0.298119 0.424894
vt 0.290908 0.433277
vt 0.290816 0.424886
vt 0.337090 0.578135
vt 0.440819 0.245146
vt 0.338711 0.577962
vt 0.336662 0.585960
vt 0.290843 0.415889
vt 0.188332 0.460649
vt 0.185673 0.467019
vt 0.298146 0.415896
vt 0.446181 0.246918
vt 0.446183 0.245019
vt 0.333329 0.593305
vt 0.335479 0.585246
vt 0.184175 0.466747
vt 0.290909 0.406914
vt 0.183603 0.474046
vt 0.298112 0.406942
vt 0.182029 0.473996
vt 0.290943 0.398586
vt 0.183567 0.481776
vt 0.393633 0.245019
vt 0.473251 0.346078
vt 0.182011 0.481994
vt 0.528102 0.314101
vt 0.291062 0.391450
vt 0.298246 0.398594
vt 0.298365 0.391458
vt 0.519679 0.322856
vt 0.513868 0.324698
vt 0.519059 0.321312
vt 0.544481 0.543703
vt 0.549433 0.550929
vt 0.547977 0.551645
vt 0.546011 0.543309
vt 0.589423 0.040880
vt 0.597761 0.043136
vt 0.595914 0.046199
vt 0.542682 0.535742
vt 0.346372 0.440541
vt 0.341536 0.446105
vt 0.346537 0.446112
vt 0.595471 0.047708
vt 0.597132 0.046831
vt 0.597317 0.048436
vt 0.586700 0.046739
vt 0.596638 0.049561
vt 0.594758 0.048890
vt 0.011775 0.598696
vt 0.011137 0.600516
vt 0.012761 0.600429
vt 0.010386 0.599356
vt 0.184506 0.573198
vt 0.181604 0.574555
vt 0.184586 0.574568
vt 0.181646 0.582190
vt 0.182234 0.582193
vt 0.181604 0.589838
vt 0.180867 0.591110
vt 0.184506 0.591126
vt 0.184586 0.589852
vt 0.182111 0.599563
vt 0.490851 0.517099
vt 0.491488 0.518920
vt 0.490163 0.518185
vt 0.486528 0.526150
vt 0.178472 0.599547
vt 0.492475 0.517187
vt 0.356816 0.391461
vt 0.361819 0.391450
vt 0.356661 0.397007
vt 0.539935 0.567186
vt 0.541793 0.568372
vt 0.540603 0.569071
vt 0.541069 0.566521
vt 0.542673 0.566709
vt 0.542741 0.577156
vt 0.543252 0.567848
vt 0.546337 0.566037
vt 0.545814 0.564866
vt 0.548630 0.574486
vt 0.473746 0.518924
vt 0.472354 0.518133
vt 0.473104 0.517099
vt 0.468786 0.526154
vt 0.474732 0.517191
vt 0.377087 0.391450
vt 0.314328 0.569251
vt 0.313137 0.569950
vt 0.312470 0.568065
vt 0.313604 0.567400
vt 0.315209 0.567588
vt 0.470316 0.526549
vt 0.467038 0.534049
vt 0.316466 0.577336
vt 0.315274 0.578035
vt 0.315791 0.568725
vt 0.318033 0.577203
vt 0.320317 0.566068
vt 0.319848 0.564866
vt 0.322610 0.574518
vt 0.529865 0.517099
vt 0.530569 0.518904
vt 0.529083 0.518105
vt 0.525781 0.526239
vt 0.531490 0.517134
vt 0.531713 0.519806
vt 0.528534 0.527538
vt 0.469808 0.039288
vt 0.476981 0.034255
vt 0.477433 0.035855
vt 0.484887 0.032514
vt 0.527390 0.526636
vt 0.485037 0.034214
vt 0.398969 0.309623
vt 0.393631 0.311523
vt 0.393634 0.309522
vt 0.492355 0.032678
vt 0.524295 0.534188
vt 0.308632 0.391456
vt 0.315935 0.391450
vt 0.315786 0.396998
vt 0.398966 0.311625
vt 0.525993 0.534282
vt 0.492169 0.034437
vt 0.405893 0.309729
vt 0.498281 0.036486
vt 0.413955 0.309735
vt 0.413951 0.311737
vt 0.405910 0.311631
vt 0.524710 0.541645
vt 0.526480 0.541420
vt 0.308576 0.397023
vt 0.315705 0.404216
vt 0.318458 0.585287
vt 0.316888 0.585193
vt 0.398971 0.297426
vt 0.393632 0.299212
vt 0.393631 0.297313
vt 0.308501 0.404243
vt 0.317076 0.592628
vt 0.398973 0.299325
vt 0.315500 0.592194
vt 0.405904 0.297539
vt 0.468607 0.534221
vt 0.313873 0.598545
vt 0.405904 0.299444
vt 0.467208 0.541516
vt 0.468796 0.541318
vt 0.413973 0.297566
vt 0.312470 0.597894
vt 0.469429 0.547894
vt 0.413975 0.299465
vt 0.470890 0.547461
vt 0.218588 0.504206
vt 0.376869 0.412616
vt 0.473409 0.552813
vt 0.474732 0.552133
vt 0.756359 0.194699
vt 0.755084 0.195062
vt 0.759404 0.192867
vt 0.759396 0.194699
vt 0.743338 0.192867
vt 0.747639 0.195062
vt 0.754591 0.195935
vt 0.748124 0.195935
vt 0.746367 0.194699
vt 0.743330 0.194699
vt 0.956575 0.660264
vt 0.959426 0.658597
vt 0.959426 0.660920
vt 0.956611 0.658814
vt 0.972127 0.775863
vt 0.969815 0.775863
vt 0.969841 0.773900
vt 0.972153 0.773900
vt 0.956575 0.670969
vt 0.959425 0.672636
vt 0.956575 0.673290
vt 0.959325 0.671262
vt 0.972130 0.785912
vt 0.972149 0.787875
vt 0.969833 0.787875
vt 0.969815 0.785912
vt 0.481765 0.214597
vt 0.489660 0.215280
vt 0.271661 0.446094
vt 0.271555 0.438940
vt 0.280661 0.438928
vt 0.280767 0.446082
vt 0.636244 0.586866
vt 0.271531 0.430602
vt 0.280537 0.430569
vt 0.280477 0.421590
vt 0.489371 0.213614
vt 0.496564 0.212205
vt 0.271471 0.421623
vt 0.496063 0.210647
vt 0.502066 0.207286
vt 0.439225 0.309587
vt 0.446087 0.309522
vt 0.446104 0.311423
vt 0.541331 0.344811
vt 0.431204 0.309683
vt 0.439222 0.311588
vt 0.271444 0.412629
vt 0.280550 0.412616
vt 0.501371 0.205964
vt 0.503014 0.040241
vt 0.498716 0.034870
vt 0.503598 0.038798
vt 0.280537 0.404216
vt 0.422587 0.309728
vt 0.431220 0.311591
vt 0.271531 0.404249
vt 0.271606 0.397029
vt 0.280612 0.396996
vt 0.422583 0.311730
vt 0.431573 0.312685
vt 0.552280 0.348560
vt 0.271661 0.391462
vt 0.280767 0.391450
vt 0.468983 0.037853
vt 0.472743 0.029170
vt 0.464782 0.032813
vt 0.464698 0.034703
vt 0.457418 0.037914
vt 0.776986 0.748634
vt 0.784675 0.748771
vt 0.777126 0.750155
vt 0.769454 0.750155
vt 0.467958 0.038614
vt 0.555130 0.089269
vt 0.547506 0.086967
vt 0.547123 0.085056
vt 0.468046 0.040241
vt 0.532633 0.518034
vt 0.543519 0.090539
vt 0.538879 0.082479
vt 0.544710 0.091221
vt 0.535243 0.088010
vt 0.542960 0.092119
vt 0.376706 0.369821
vt 0.376877 0.375392
vt 0.367772 0.375377
vt 0.544822 0.092848
vt 0.042424 0.600402
vt 0.042641 0.597728
vt 0.043563 0.599497
vt 0.041501 0.598634
vt 0.040799 0.600439
vt 0.534992 0.089655
vt 0.039456 0.590006
vt 0.367700 0.369786
vt 0.527135 0.087215
vt 0.376623 0.362584
vt 0.039956 0.599359
vt 0.335390 0.595680
vt 0.340518 0.597174
vt 0.339995 0.598458
vt 0.038316 0.590913
vt 0.527193 0.088920
vt 0.446126 0.259260
vt 0.440765 0.257376
vt 0.446123 0.257259
vt 0.367617 0.362549
vt 0.519866 0.088369
vt 0.367525 0.354158
vt 0.376631 0.354173
vt 0.376559 0.345196
vt 0.036707 0.591312
vt 0.342774 0.588836
vt 0.336024 0.594464
vt 0.334511 0.594018
vt 0.333784 0.595864
vt 0.332659 0.595185
vt 0.338230 0.586095
vt 0.595764 0.818937
vt 0.595764 0.830258
vt 0.591870 0.822529
vt 0.548790 0.552753
vt 0.550418 0.552662
vt 0.298200 0.440541
vt 0.298365 0.446113
vt 0.291062 0.446105
vt 0.035156 0.583299
vt 0.290991 0.440514
vt 0.599013 0.043712
vt 0.036854 0.583203
vt 0.440768 0.259377
vt 0.298111 0.433305
vt 0.035631 0.575931
vt 0.433823 0.257491
vt 0.520182 0.090038
vt 0.037341 0.576077
vt 0.433806 0.259393
vt 0.514412 0.092848
vt 0.513868 0.091353
vt 0.425754 0.259503
vt 0.425751 0.257502
vt 0.038064 0.569641
vt 0.039567 0.570073
vt 0.042210 0.564866
vt 0.417119 0.259494
vt 0.043563 0.565543
vt 0.417117 0.257493
vt 0.166377 0.461164
vt 0.170846 0.456166
vt 0.171962 0.456840
vt 0.802500 0.895656
vt 0.802500 0.901993
vt 0.801147 0.901234
vt 0.164976 0.460646
vt 0.367553 0.345161
vt 0.408486 0.259352
vt 0.408129 0.260447
vt 0.367618 0.336186
vt 0.376624 0.336221
vt 0.162356 0.466971
vt 0.408502 0.257444
vt 0.160816 0.466743
vt 0.376758 0.327873
vt 0.400495 0.259339
vt 0.514627 0.326167
vt 0.160287 0.473993
vt 0.400492 0.257338
vt 0.367653 0.327858
vt 0.158667 0.473991
vt 0.367772 0.320722
vt 0.376877 0.320737
vt 0.160303 0.481665
vt 0.158646 0.481989
vt 0.617081 0.533185
vt 0.609191 0.534723
vt 0.610949 0.527797
vt 0.393631 0.259160
vt 0.393648 0.257259
vt 0.618824 0.526322
vt 0.625677 0.533222
vt 0.162400 0.489562
vt 0.160808 0.490243
vt 0.525637 0.322421
vt 0.526222 0.321040
vt 0.636342 0.527860
vt 0.634599 0.534723
vt 0.627436 0.526295
vt 0.171962 0.503682
vt 0.170784 0.504924
vt 0.164933 0.497996
vt 0.166374 0.497046
vt 0.541539 0.323393
vt 0.549730 0.326167
vt 0.972252 0.494001
vt 0.969815 0.492053
vt 0.972226 0.492053
vt 0.969842 0.494001
vt 0.969892 0.381841
vt 0.972226 0.379910
vt 0.972303 0.381841
vt 0.969815 0.379910
vt 0.095641 0.847602
vt 0.099185 0.845826
vt 0.099185 0.850234
vt 0.095641 0.845838
vt 0.095641 0.843977
vt 0.099185 0.841418
vt 0.956867 0.526998
vt 0.959260 0.525237
vt 0.959552 0.526998
vt 0.956574 0.525237
vt 0.959267 0.390042
vt 0.956919 0.388289
vt 0.959612 0.388289
vt 0.956575 0.390042
vt 0.130287 0.847598
vt 0.126975 0.845826
vt 0.130287 0.845834
vt 0.126975 0.850234
vt 0.130287 0.843973
vt 0.126975 0.841418
vt 0.225563 0.647920
vt 0.239527 0.652057
vt 0.236653 0.672235
vt 0.236653 0.647938
vt 0.239527 0.668124
vt 0.222684 0.652029
vt 0.222684 0.668096
vt 0.225563 0.672216
vt 0.454447 0.729629
vt 0.456410 0.714150
vt 0.456410 0.732762
vt 0.454447 0.714150
vt 0.453017 0.729611
vt 0.453017 0.714132
vt 0.467893 0.717265
vt 0.469856 0.732744
vt 0.467893 0.732745
vt 0.469856 0.714132
vt 0.466459 0.732759
vt 0.466459 0.717280
s 0
usemtl Magpart1Mtl.001
f 1/1/1 2/2/2 3/3/3
f 1/1/4 4/4/4 2/2/5
f 3/5/6 2/6/7 5/7/8
f 3/5/9 5/7/10 6/8/11
f 6/8/12 5/7/13 7/9/14
f 8/10/14 6/8/12 7/9/14
f 9/11/14 7/9/14 5/7/15
f 10/12/14 9/11/14 5/7/13
f 11/13/14 10/12/14 5/7/15
f 12/14/14 10/12/14 11/13/14
f 13/15/14 12/14/14 11/13/14
f 14/16/14 13/15/14 11/13/14
f 11/13/14 15/17/14 14/16/14
f 11/13/14 16/18/14 15/17/14
f 15/17/14 16/18/14 17/19/14
f 18/20/14 15/17/14 17/19/14
f 19/21/14 18/20/14 17/19/14
f 20/22/14 19/21/14 17/19/14
f 17/19/14 21/23/14 20/22/14
f 17/19/14 22/24/16 21/23/14
f 22/24/17 23/25/14 21/23/14
f 22/24/16 24/26/14 23/25/14
f 22/24/16 25/27/18 24/26/14
f 25/27/18 26/28/14 24/26/14
f 27/29/19 25/27/20 22/24/21
f 27/29/22 22/24/23 28/30/24
f 29/31/25 27/32/26 28/33/27
f 29/31/28 28/33/29 30/34/28
f 31/35/14 32/36/14 33/37/14
f 31/35/14 34/38/14 32/36/14
f 35/39/14 34/38/14 31/35/14
f 35/39/14 31/35/14 36/40/14
f 37/41/30 38/42/31 39/43/32
f 38/42/33 40/44/33 39/43/34
f 41/45/31 38/42/31 37/41/32
f 42/46/14 37/47/35 39/48/35
f 42/46/14 43/49/14 37/47/35
f 44/50/36 43/49/14 42/46/14
f 44/50/36 42/46/14 45/51/36
f 44/52/36 45/53/36 46/54/37
f 45/53/38 47/55/39 46/54/39
f 46/54/40 48/56/40 44/52/41
f 49/57/42 50/58/42 51/59/42
f 49/57/43 52/60/43 50/58/43
f 53/61/44 54/62/44 55/63/44
f 53/61/45 56/64/45 54/62/45
f 57/65/46 58/66/47 59/67/48
f 60/68/49 59/67/50 61/69/51
f 60/68/52 61/69/53 62/70/54
f 63/71/55 62/70/56 61/69/57
f 59/67/58 58/66/59 64/72/60
f 59/67/61 64/72/62 61/69/63
f 58/66/64 65/73/65 64/72/66
f 63/71/67 61/69/68 66/74/69
f 66/74/70 61/69/71 64/72/72
f 63/75/73 66/76/74 67/77/75
f 66/74/76 64/72/77 68/78/78
f 68/78/79 64/72/80 65/73/81
f 67/77/82 66/76/83 68/79/84
f 63/75/85 67/77/86 69/80/87
f 70/81/88 69/82/89 67/83/90
f 70/81/91 71/84/92 69/82/89
f 67/77/93 68/79/94 72/85/95
f 71/84/96 70/81/97 73/86/98
f 71/84/99 73/86/100 74/87/101
f 75/88/102 74/87/103 73/86/104
f 76/89/105 70/81/106 67/83/107
f 76/89/108 67/83/109 72/90/110
f 70/81/111 77/91/112 73/86/113
f 70/81/114 76/89/115 77/91/116
f 75/88/117 73/86/118 78/92/119
f 78/92/120 73/86/121 77/91/122
f 79/93/123 75/94/124 78/95/125
f 76/89/126 80/96/127 77/91/128
f 81/97/129 76/89/130 72/90/131
f 76/89/132 81/97/133 80/96/134
f 78/92/135 77/91/136 82/98/137
f 82/98/138 77/91/139 80/96/140
f 79/93/141 78/95/142 83/99/143
f 83/99/144 78/95/145 82/100/146
f 84/101/147 79/102/148 83/103/149
f 84/101/150 85/104/151 79/102/152
f 83/99/153 82/100/154 86/105/155
f 85/104/156 84/101/157 87/106/158
f 85/104/159 87/106/160 88/107/161
f 89/108/162 88/107/163 87/106/164
f 89/108/165 87/106/166 90/109/167
f 90/109/168 87/106/169 91/110/170
f 84/101/171 91/110/172 87/106/173
f 90/109/174 91/110/175 92/111/176
f 91/110/177 93/112/178 92/111/179
f 94/113/180 84/101/181 83/103/182
f 84/101/183 94/113/184 91/110/185
f 94/113/186 83/103/187 86/114/188
f 91/110/189 95/115/190 93/112/191
f 94/113/192 95/115/193 91/110/194
f 93/116/195 95/117/196 96/118/197
f 93/116/198 96/118/199 97/119/200
f 96/118/201 98/120/202 97/119/203
f 94/113/204 99/121/205 95/115/206
f 99/121/207 94/113/208 86/114/209
f 95/115/210 100/122/211 96/123/212
f 95/115/213 99/121/214 100/122/215
f 96/118/216 101/124/217 98/120/218
f 100/122/219 101/125/220 96/123/221
f 101/124/222 102/126/223 98/120/224
f 103/127/225 100/128/226 99/129/227
f 100/122/228 104/130/229 101/125/230
f 104/131/231 100/128/232 103/127/233
f 104/130/234 105/132/235 101/125/236
f 101/124/237 105/133/238 102/126/239
f 102/126/240 105/133/241 106/134/242
f 102/126/243 106/134/244 107/135/245
f 106/134/246 108/136/247 107/135/248
f 105/137/249 109/138/250 106/139/251
f 104/130/252 110/140/253 105/132/254
f 105/137/255 110/141/256 109/138/257
f 110/142/258 104/131/259 111/143/260
f 104/131/261 103/127/262 111/143/263
f 112/144/264 109/145/265 110/142/266
f 106/139/267 109/138/268 113/146/269
f 113/147/270 109/145/271 112/144/272
f 114/148/273 115/149/274 116/150/275
f 116/151/276 115/152/277 117/153/278
f 114/154/279 118/155/280 119/156/281
f 120/157/282 114/148/283 116/150/284
f 114/154/285 120/158/286 118/155/287
f 116/151/288 117/153/289 121/159/290
f 121/160/291 117/161/292 122/162/293
f 121/160/294 122/162/295 123/163/296
f 124/164/297 121/165/298 123/166/299
f 125/167/300 116/151/301 121/159/302
f 125/167/303 121/159/304 124/168/305
f 120/157/306 116/150/307 125/169/308
f 126/170/309 120/157/310 125/169/311
f 126/171/312 118/155/313 120/158/314
f 127/172/315 125/167/316 124/168/317
f 126/170/318 125/169/319 127/173/320
f 127/172/321 124/168/322 128/174/323
f 124/175/324 129/176/325 128/177/326
f 130/178/327 128/177/328 129/176/329
f 130/178/330 129/176/331 131/179/332
f 132/180/333 127/172/334 128/174/335
f 132/180/336 128/174/337 130/181/338
f 133/182/339 126/170/340 127/173/341
f 133/182/342 127/173/343 132/183/344
f 130/178/345 131/179/346 134/184/347
f 135/185/348 134/184/349 131/179/350
f 136/186/351 133/182/352 132/183/353
f 137/187/354 132/188/355 130/178/356
f 136/186/357 132/183/358 137/189/359
f 130/178/360 134/184/361 138/190/362
f 137/187/363 130/178/364 138/190/365
f 135/185/366 139/191/367 134/184/368
f 138/190/369 134/184/370 139/191/371
f 140/192/372 137/187/373 138/190/374
f 138/190/375 139/191/376 141/193/377
f 140/192/378 138/190/379 141/193/380
f 141/193/381 139/191/382 142/194/383
f 141/193/384 142/194/385 143/195/386
f 144/196/387 141/193/388 143/195/389
f 144/196/390 140/192/391 141/193/392
f 145/197/393 140/198/394 144/199/395
f 146/200/396 137/189/397 140/198/398
f 145/197/399 146/200/400 140/198/401
f 146/200/402 136/186/403 137/189/404
f 147/201/405 148/202/406 149/203/407
f 148/202/408 150/204/409 149/203/408
f 147/201/410 151/205/410 148/202/411
f 148/202/412 152/206/413 150/204/414
f 153/207/415 151/205/416 147/201/417
f 152/206/418 154/208/419 150/204/420
f 153/207/421 155/209/422 151/205/423
f 152/206/424 156/210/425 154/208/425
f 157/211/426 155/209/427 153/207/428
f 156/210/429 158/212/430 154/208/431
f 157/211/432 159/213/433 155/209/434
f 156/210/435 160/214/436 158/212/436
f 158/212/437 160/214/437 161/215/438
f 158/212/439 161/215/440 162/216/440
f 157/211/441 163/217/442 159/213/441
f 157/211/443 164/218/444 163/217/444
f 164/218/445 165/219/446 163/217/447
f 164/220/448 166/221/449 165/222/449
f 166/221/450 167/223/451 165/222/452
f 166/221/453 168/224/454 167/223/454
f 168/224/455 169/225/456 167/223/455
f 168/224/457 170/226/458 169/225/458
f 146/227/459 145/228/460 171/229/461
f 172/230/462 142/194/463 139/191/464
f 135/185/465 172/230/466 139/191/467
f 172/230/468 173/231/469 142/194/470
f 172/232/471 135/233/472 174/234/473
f 135/233/474 175/235/475 174/234/476
f 175/236/477 176/237/478 174/238/479
f 174/238/480 176/237/481 177/239/482
f 172/232/483 174/234/484 178/240/485
f 173/241/486 172/232/487 178/240/488
f 174/238/489 177/239/490 178/242/491
f 173/241/492 178/240/493 179/243/494
f 179/244/495 178/242/496 177/239/497
f 179/244/498 177/239/499 180/245/500
f 146/227/501 171/229/502 181/246/503
f 136/247/504 146/227/505 181/246/506
f 182/248/507 181/246/508 171/229/509
f 182/248/510 171/229/511 183/249/512
f 184/250/513 182/248/514 183/249/515
f 184/250/516 185/251/517 182/248/518
f 186/252/519 185/253/520 184/254/67
f 187/255/521 181/246/522 182/248/523
f 185/251/524 187/255/525 182/248/526
f 186/252/527 188/256/528 185/253/529
f 187/255/530 189/257/531 181/246/532
f 136/247/533 181/246/534 189/257/535
f 188/258/536 186/259/537 190/260/538
f 136/247/539 189/257/540 191/261/541
f 136/247/542 191/261/543 133/262/544
f 126/171/545 133/263/546 191/264/547
f 192/265/548 191/261/549 189/257/550
f 192/265/551 189/257/552 187/255/553
f 126/171/554 191/264/555 193/266/556
f 192/265/557 193/267/558 191/261/559
f 126/171/560 193/266/561 118/155/562
f 194/268/563 192/265/564 187/255/565
f 185/251/566 194/268/567 187/255/568
f 188/256/569 194/269/570 185/253/571
f 195/270/572 118/271/573 193/267/574
f 195/270/575 119/272/576 118/271/577
f 195/270/578 196/273/579 119/272/580
f 195/270/581 193/267/582 197/274/583
f 192/265/584 197/274/585 193/267/586
f 198/275/587 196/276/588 195/277/589
f 198/275/590 195/277/591 197/278/592
f 198/275/593 199/279/594 196/276/595
f 200/280/596 197/278/597 192/281/598
f 194/268/599 200/282/600 192/265/601
f 200/280/602 201/283/603 197/278/604
f 198/275/316 197/278/605 201/283/606
f 202/284/607 200/285/608 194/269/609
f 188/256/610 202/284/611 194/269/612
f 203/286/613 201/287/614 200/285/615
f 202/284/616 203/286/617 200/285/618
f 204/288/619 198/289/620 201/287/621
f 203/286/622 204/288/623 201/287/624
f 202/290/625 205/291/626 203/292/627
f 204/293/628 203/294/629 205/295/630
f 188/258/631 206/296/632 202/290/633
f 202/290/634 206/296/635 205/291/636
f 188/258/637 207/297/638 206/296/639
f 188/258/640 190/260/641 207/297/642
f 208/298/643 206/296/644 207/297/645
f 209/299/646 207/297/647 190/260/648
f 208/298/649 207/297/650 209/299/651
f 209/299/652 190/260/653 210/300/654
f 211/301/655 209/299/656 210/300/657
f 211/301/658 212/302/659 209/299/660
f 212/302/661 208/298/525 209/299/662
f 212/302/663 213/303/664 208/298/665
f 214/304/666 208/298/667 213/303/668
f 215/305/669 206/296/670 208/298/671
f 214/304/672 215/305/673 208/298/565
f 215/305/674 205/291/675 206/296/676
f 214/306/677 216/307/678 215/308/679
f 216/309/680 205/291/681 215/305/682
f 214/306/683 217/310/684 216/307/685
f 218/311/686 216/307/687 217/310/688
f 216/309/689 219/312/690 205/291/691
f 204/293/692 205/295/693 219/313/694
f 218/311/695 220/314/696 216/307/697
f 220/315/698 219/312/699 216/309/700
f 221/316/701 220/314/702 218/311/703
f 204/293/704 219/313/705 222/317/706
f 220/315/707 222/318/708 219/312/709
f 204/293/710 222/317/711 223/319/712
f 204/288/713 223/320/714 198/289/715
f 224/321/716 222/318/717 220/315/718
f 221/316/719 224/322/720 220/314/721
f 223/319/722 222/317/723 225/323/724
f 224/321/725 225/324/726 222/318/727
f 226/325/728 198/289/729 223/320/730
f 223/319/731 225/323/732 226/326/733
f 226/325/734 199/327/735 198/289/736
f 226/325/737 227/328/738 199/327/739
f 221/316/740 228/329/741 224/322/742
f 221/316/743 229/330/744 228/329/745
f 230/331/746 228/329/747 229/330/748
f 224/332/749 228/333/750 231/334/751
f 224/332/752 231/334/753 225/335/754
f 230/331/755 232/336/756 228/329/757
f 230/331/758 233/337/759 232/336/760
f 234/338/761 226/326/762 225/323/763
f 234/338/764 225/323/765 231/339/766
f 226/325/767 234/340/768 227/328/769
f 228/333/770 235/341/771 231/334/772
f 228/333/773 232/342/774 235/341/775
f 234/338/776 231/339/777 235/343/778
f 232/342/779 233/344/780 236/345/781
f 232/342/782 236/345/783 235/341/784
f 233/344/785 237/346/786 236/345/787
f 238/347/788 236/348/789 237/349/790
f 238/347/791 235/343/792 236/348/793
f 238/347/794 237/349/795 239/350/796
f 234/338/797 235/343/798 240/351/799
f 238/347/800 240/351/801 235/343/802
f 240/352/803 227/353/804 234/354/805
f 239/355/806 241/356/807 238/357/808
f 240/352/809 238/357/810 241/356/811
f 239/355/812 242/358/813 241/356/814
f 242/359/815 243/360/816 241/361/817
f 240/352/818 241/356/819 244/362/820
f 240/352/821 244/362/822 227/353/823
f 244/363/824 241/361/825 243/360/826
f 227/364/827 244/363/828 245/365/829
f 244/363/830 243/360/831 245/365/832
f 246/366/833 247/367/833 248/368/833
f 246/366/834 249/369/834 247/367/835
f 250/370/836 251/371/836 252/372/836
f 250/370/837 253/373/837 251/371/837
f 254/374/838 255/375/838 256/376/838
f 254/374/839 257/377/839 255/375/839
f 258/378/840 259/379/840 260/380/840
f 258/378/841 261/381/841 259/379/841
f 262/382/842 263/383/843 264/384/843
f 262/382/844 265/385/845 263/383/844
f 266/386/846 267/387/847 268/388/848
f 269/389/849 266/390/850 268/391/851
f 269/389/852 268/391/853 270/392/854
f 269/389/855 270/392/856 271/393/857
f 269/389/855 271/393/857 272/394/858
f 266/386/859 273/395/860 267/387/861
f 273/395/862 274/396/863 267/387/864
f 273/395/865 275/397/866 274/396/867
f 276/398/868 273/399/869 266/400/870
f 276/401/871 266/390/872 269/389/873
f 277/402/874 275/403/875 273/399/876
f 276/398/877 277/402/878 273/399/879
f 277/402/880 278/404/881 275/403/882
f 279/405/883 278/404/884 277/402/885
f 279/405/886 280/406/887 278/404/888
f 281/407/889 279/405/890 277/402/891
f 281/407/892 277/402/893 276/398/894
f 276/401/895 269/389/896 282/408/897
f 281/407/898 276/398/899 282/409/900
f 282/408/901 269/389/902 272/394/903
f 281/407/904 282/409/905 283/410/906
f 282/408/907 272/394/908 284/411/909
f 283/410/910 282/409/911 284/412/912
f 283/410/913 284/412/914 285/413/915
f 286/414/916 287/415/917 288/416/918
f 286/414/919 289/417/920 287/415/921
f 290/418/922 287/415/923 289/417/924
f 291/419/925 288/416/926 287/415/927
f 291/419/928 292/420/929 288/416/930
f 290/418/931 293/421/932 287/415/933
f 294/422/934 293/423/935 290/424/936
f 295/425/937 292/426/938 291/427/939
f 295/425/940 296/428/941 292/426/942
f 297/429/943 295/425/944 291/427/945
f 298/430/946 291/419/947 287/415/948
f 297/429/949 291/427/950 298/431/951
f 298/430/952 287/415/953 293/421/954
f 294/422/955 299/432/956 293/423/957
f 298/431/958 293/433/959 299/434/960
f 300/435/863 299/432/961 294/422/962
f 300/435/963 301/436/964 299/432/965
f 298/431/966 299/434/967 302/437/968
f 297/429/969 298/431/970 302/437/971
f 301/438/972 302/437/973 299/434/974
f 297/429/975 302/437/976 303/439/977
f 301/438/978 304/440/979 302/437/980
f 304/440/981 303/439/982 302/437/983
f 304/440/979 305/441/984 303/439/985
f 306/442/986 307/443/986 308/444/986
f 306/442/987 309/445/987 307/443/987
f 310/446/988 311/447/988 312/448/988
f 310/446/989 313/449/989 311/447/989
f 314/450/990 315/451/990 316/452/990
f 315/451/991 317/453/991 316/452/991
f 317/453/992 318/454/992 316/452/992
f 314/450/993 319/455/994 315/451/994
f 319/455/995 320/456/995 315/451/995
f 316/452/996 321/457/996 314/450/996
f 321/457/997 322/458/997 314/450/997
f 321/457/992 323/459/992 322/458/992
f 324/460/998 325/461/998 326/462/998
f 324/460/999 327/463/999 325/461/999
f 328/464/1000 329/465/1001 330/466/1001
f 329/465/1002 331/467/1003 330/466/1004
f 331/467/1005 332/468/1006 330/466/1007
f 333/469/1008 332/470/1009 331/471/1010
f 333/469/1011 334/472/1011 332/470/1006
f 330/466/1012 335/473/1012 328/464/1012
f 335/473/1013 336/474/1013 328/464/1013
f 336/474/1014 337/475/1014 328/464/1014
f 336/474/1015 338/476/1015 337/475/1015
f 337/475/1016 338/476/1016 339/477/1017
f 338/476/1018 340/478/1019 339/477/1020
f 341/479/1021 339/477/1022 340/478/1023
f 341/479/1024 340/478/1025 342/480/1024
f 343/481/1026 336/474/1026 335/473/1026
f 343/481/1027 344/482/1027 336/474/1027
f 345/483/1026 343/481/1026 335/473/1026
f 343/481/1018 346/484/1018 344/482/1018
f 335/473/1028 347/485/1029 345/483/1029
f 346/484/1007 348/486/1030 344/482/1007
f 347/485/1016 349/487/1031 345/483/1016
f 346/484/1007 350/488/1032 348/486/1033
f 350/488/1034 351/489/1035 348/486/1036
f 350/488/1037 352/490/984 351/489/984
f 349/487/1038 353/491/1039 345/483/1040
f 353/491/1041 349/487/1042 354/492/1043
f 353/491/1044 354/492/1045 355/493/1045
f 356/494/1046 357/495/1046 358/496/1046
f 356/494/1047 359/497/1047 357/495/1047
f 360/498/1048 361/499/1048 362/500/1048
f 360/498/1049 363/501/1049 361/499/1049
f 106/134/1050 364/502/1051 108/136/247
f 106/139/1052 113/146/1053 364/503/1054
f 108/136/1055 364/502/1056 365/504/1057
f 108/136/1058 365/504/1059 366/505/1060
f 365/504/1061 367/506/1062 366/505/1063
f 364/503/1064 368/507/1065 365/508/1066
f 364/503/1067 113/146/1068 368/507/1069
f 365/504/1070 369/509/1071 367/506/1072
f 369/510/1073 370/511/1074 367/512/1075
f 365/508/1076 368/507/1077 371/513/1078
f 365/508/1079 371/513/1080 369/514/1081
f 372/515/1082 368/516/1083 113/147/1084
f 371/517/1085 368/516/1086 372/515/1087
f 372/515/1088 113/147/1089 373/518/1090
f 113/147/1091 112/144/1092 373/518/1093
f 371/517/1094 372/515/1095 374/519/1096
f 373/520/1097 375/521/1098 372/522/1099
f 375/521/1100 374/523/1101 372/522/1102
f 376/524/1103 373/520/1104 112/525/1105
f 373/520/1106 377/526/1107 375/521/1108
f 376/524/1109 377/526/1110 373/520/1111
f 378/527/1112 375/528/1113 377/529/1114
f 376/530/1115 378/527/1116 377/529/1117
f 375/521/1118 379/531/1119 374/523/1120
f 380/532/1121 376/533/1122 112/534/1123
f 112/144/1124 110/142/1125 380/535/1126
f 110/142/1127 111/143/1128 380/535/1129
f 381/536/1130 380/532/1131 111/537/1132
f 103/538/1133 381/536/1134 111/537/1135
f 380/532/1136 382/539/1137 376/533/1138
f 381/536/1139 382/539/1140 380/532/1141
f 382/540/1142 383/541/1143 376/530/1144
f 376/530/1145 383/541/1146 378/527/1147
f 382/540/1148 384/542/1149 383/541/1150
f 381/543/1151 384/542/1152 382/540/1153
f 384/544/1154 385/545/1155 383/546/1156
f 103/538/1157 386/547/1158 381/536/1159
f 383/546/1160 385/545/1161 387/548/1162
f 383/546/1163 387/548/1164 378/549/1165
f 388/550/1166 386/547/1167 103/538/1168
f 103/127/1169 99/129/1170 388/551/1171
f 99/121/1172 86/114/1173 388/552/1174
f 86/105/1175 389/553/1176 388/550/1177
f 388/550/1178 389/553/1179 386/547/1180
f 86/105/1181 82/100/1182 389/553/1183
f 82/98/1184 80/96/1185 389/554/1186
f 389/555/1187 390/556/1188 386/557/1189
f 389/555/1190 80/558/1191 390/556/1192
f 390/556/197 381/543/1193 386/557/1189
f 80/96/1194 391/559/1195 390/560/1196
f 390/556/1197 392/561/1198 381/543/1199
f 391/559/1200 392/562/1201 390/560/1202
f 381/543/1203 392/561/1204 384/542/1205
f 80/96/1206 81/97/1207 391/559/1208
f 392/562/1209 393/563/1210 384/564/1211
f 384/544/1212 393/565/1213 385/545/1214
f 391/559/1215 394/566/1216 392/562/1217
f 392/562/1218 394/566/1219 393/563/1210
f 395/567/1220 391/568/1221 81/569/1222
f 394/570/1223 391/568/1224 395/567/1225
f 396/571/1226 397/572/1226 398/573/1226
f 396/571/1227 399/574/1227 397/572/1227
f 400/575/1228 401/576/1228 402/577/1228
f 402/577/1228 403/578/1228 400/575/1228
f 401/576/1229 404/579/1230 402/577/1229
f 404/579/1231 405/580/1232 402/577/1233
f 406/581/1234 404/579/1234 401/576/1234
f 407/582/1229 408/583/1229 409/584/1229
f 409/584/1235 410/585/1235 407/582/1015
f 408/583/1236 411/586/1237 409/584/1238
f 412/587/1007 408/583/1007 407/582/1007
f 413/588/1239 408/583/1239 412/587/1239
f 414/589/1240 415/590/1240 416/591/1240
f 416/591/1234 417/592/1234 414/589/1234
f 415/590/1241 418/593/1242 416/591/1242
f 419/594/1228 415/590/1228 414/589/1228
f 420/595/1228 415/590/1228 419/594/1228
f 421/596/1243 422/597/1243 423/598/1243
f 423/598/1239 424/599/1239 421/596/1239
f 422/597/1244 425/600/1244 423/598/1244
f 425/600/1245 426/601/1245 423/598/1246
f 427/602/1234 425/600/1234 422/597/1234
f 428/603/1247 429/604/1248 430/605/1249
f 431/606/1250 432/607/1251 428/603/1252
f 431/606/1253 428/603/1254 430/605/1255
f 429/604/1256 433/608/1257 434/609/1257
f 429/604/1258 434/609/1259 435/610/1260
f 434/609/1261 436/611/1262 435/610/1263
f 429/604/1264 437/612/1265 430/605/1266
f 435/610/1267 437/612/1268 429/604/1269
f 430/605/1270 438/613/1271 431/606/1272
f 439/614/1273 431/606/1274 438/613/1275
f 440/615/1276 430/605/1277 437/612/1278
f 440/615/1279 437/612/1280 435/610/1281
f 441/616/1282 442/617/1283 439/614/1284
f 441/616/1285 439/614/1286 438/613/1287
f 440/615/1288 443/618/1289 430/605/1290
f 443/618/1291 438/613/1292 430/605/1293
f 438/613/1294 444/619/1295 441/616/1296
f 445/620/1297 441/616/1298 444/619/1299
f 446/621/1300 438/613/1301 443/618/1302
f 443/618/1303 440/615/1304 447/622/1305
f 443/618/1289 447/622/1306 446/621/1307
f 448/623/1308 447/622/1305 440/615/1304
f 440/615/1304 435/610/1309 448/623/1308
f 449/624/1310 448/623/1311 435/610/1312
f 449/624/1313 435/610/1314 436/611/1315
f 448/623/1316 450/625/1317 447/622/1306
f 450/625/1318 448/623/1319 449/624/1320
f 446/621/1321 447/622/1322 451/626/1323
f 450/625/1324 451/626/1323 447/622/1322
f 436/611/1325 452/627/1326 453/628/1327
f 436/611/1328 453/628/1329 449/624/1330
f 453/628/1297 454/629/1331 449/624/1332
f 446/621/1333 455/630/1334 438/613/1335
f 455/630/1336 444/619/1337 438/613/1338
f 455/630/1339 446/621/1340 456/631/1341
f 446/621/1342 451/626/1343 456/631/1344
f 444/619/1345 455/630/1339 457/632/1346
f 455/630/1347 456/631/1348 457/632/1349
f 444/619/1350 457/632/1351 458/633/1352
f 444/619/1353 458/633/1354 459/634/1355
f 459/634/1356 445/620/1356 444/619/1357
f 459/634/1356 460/635/1356 445/620/1358
f 458/633/1359 461/636/1360 459/634/1361
f 457/632/1362 461/636/1363 458/633/1364
f 462/637/1365 459/634/1365 461/636/1366
f 463/638/1367 462/637/1367 461/636/1368
f 463/638/1356 464/639/1356 462/637/1356
f 457/632/1369 465/640/1370 461/636/1371
f 456/631/1372 465/640/1373 457/632/1374
f 466/641/1375 463/638/1376 461/636/1377
f 465/642/1378 466/643/1379 461/644/1380
f 467/645/1254 463/638/1254 466/641/1381
f 456/631/1382 468/646/1383 465/640/1384
f 468/647/1385 466/643/1386 465/642/1387
f 469/648/1388 467/645/1388 466/641/1389
f 469/648/1390 470/649/1391 467/645/1392
f 451/626/1393 468/646/1394 456/631/1395
f 471/650/1396 469/648/1397 466/641/1398
f 472/651/1399 469/648/1399 471/650/1400
f 468/647/1401 473/652/1402 466/643/1403
f 473/652/1404 471/653/1405 466/643/1406
f 451/654/1261 474/655/1407 468/647/1408
f 474/655/1409 473/652/1410 468/647/1411
f 475/656/1412 472/651/1412 471/650/1413
f 475/656/1414 476/657/1414 472/651/1414
f 477/658/1415 475/656/1416 471/650/1417
f 478/659/1418 471/653/1419 473/652/1420
f 478/659/1421 477/660/1422 471/653/1419
f 474/655/1423 478/659/1424 473/652/1425
f 477/658/1426 479/661/1427 475/656/1428
f 478/659/1429 479/662/1430 477/660/1431
f 480/663/1432 475/656/1432 479/661/1433
f 481/664/1434 480/663/1435 479/661/1436
f 481/664/1437 482/665/1437 480/663/1437
f 478/659/1438 483/666/1439 479/662/1440
f 474/655/1441 483/666/1442 478/659/1443
f 479/661/1444 484/667/1445 481/664/1329
f 483/666/1446 484/668/1447 479/662/1448
f 485/669/1367 481/664/1367 484/667/1449
f 474/655/1409 486/670/1450 483/666/1451
f 484/668/1452 483/666/1453 486/670/1454
f 451/654/1393 486/670/1455 474/655/1456
f 487/671/1397 485/669/1397 484/667/1457
f 487/671/1458 488/672/1459 485/669/1460
f 484/667/1461 489/673/1462 487/671/1376
f 490/674/1432 487/671/1428 489/673/1463
f 484/668/1464 486/670/1465 491/675/1466
f 491/675/1467 489/676/1468 484/668/1469
f 451/626/1470 492/677/1471 486/678/1472
f 492/677/1473 491/679/1474 486/678/1475
f 450/625/1318 492/677/1476 451/626/1477
f 493/680/1478 489/673/1479 491/679/1480
f 492/677/1481 493/680/1482 491/679/1483
f 494/681/1484 492/677/1481 450/625/1485
f 494/681/1486 493/680/1487 492/677/1488
f 450/625/1489 449/624/1490 494/681/1484
f 449/624/1491 495/682/1492 494/681/1493
f 493/680/1494 494/681/1495 495/682/1496
f 495/682/1497 449/624/1498 454/629/1499
f 493/680/1500 496/683/1501 489/673/1502
f 493/680/1503 495/682/1504 496/683/1505
f 489/673/1506 496/683/1507 497/684/1434
f 497/684/1257 496/683/1508 495/682/1509
f 497/684/1510 490/674/1510 489/673/1511
f 497/685/1512 498/686/1512 490/687/1513
f 497/684/1514 495/682/1515 499/688/1514
f 454/629/1516 499/688/1323 495/682/1517
f 500/689/1518 499/688/1519 454/629/1520
f 501/690/1521 502/691/1521 503/692/1521
f 501/690/1522 504/693/1523 502/691/1522
f 505/694/1524 506/695/1525 507/696/1526
f 506/695/1527 508/697/1528 507/696/1529
f 508/698/1530 509/699/1531 507/700/1532
f 509/699/1533 508/698/1534 510/701/1535
f 506/702/1536 510/701/1537 508/698/1538
f 509/699/1539 510/701/1540 511/703/1541
f 506/702/1542 512/704/1543 510/701/1544
f 512/705/1545 513/706/1546 510/707/1547
f 511/708/1548 510/707/1549 513/706/1550
f 511/708/1551 513/706/1512 514/709/1512
f 512/705/1552 515/710/1553 513/706/1553
f 511/708/1554 514/709/1555 516/711/1555
f 517/712/1556 515/710/1557 512/705/1558
f 506/702/1559 517/713/1560 512/704/1561
f 517/712/1562 518/714/1326 515/710/1326
f 517/712/1563 519/715/1564 518/714/1564
f 506/702/1565 520/716/1566 517/713/1567
f 505/694/1568 520/717/1569 506/695/1570
f 520/718/1571 521/719/1572 517/720/1573
f 517/712/1574 521/721/1575 519/715/1576
f 520/718/1577 505/722/1578 521/719/1579
f 522/723/1580 519/715/1581 521/721/1582
f 522/723/1583 523/724/1584 519/715/1584
f 522/723/1585 524/725/1586 523/724/1586
f 525/726/1587 522/727/1588 521/719/1589
f 525/726/1590 521/719/1591 505/722/1592
f 522/723/1593 526/728/1594 524/725/1595
f 525/726/1596 526/729/1597 522/727/1598
f 526/728/1599 527/730/1600 524/725/1600
f 525/726/1601 528/731/1602 526/729/1603
f 528/732/1604 525/733/1605 505/694/1606
f 526/728/1607 529/734/1608 527/730/1609
f 530/735/1610 526/729/1611 528/731/1612
f 530/736/1613 528/732/1614 505/694/1615
f 530/735/1616 529/737/1617 526/729/1618
f 529/734/1619 531/738/1584 527/730/1584
f 532/739/1620 530/736/1621 505/694/1622
f 532/739/1623 529/734/1624 530/736/1625
f 533/740/1626 532/739/1620 505/694/1622
f 529/734/1627 534/741/1628 531/738/1629
f 532/739/1630 534/741/1631 529/734/1632
f 535/742/1633 534/741/1634 532/739/1635
f 533/740/1636 535/742/1637 532/739/1638
f 536/743/1639 531/738/1640 534/741/1641
f 535/742/1642 536/743/1643 534/741/1644
f 533/740/1645 536/743/1646 535/742/1647
f 536/743/1648 537/744/1649 531/738/1649
f 536/743/1650 538/745/1576 537/744/1576
f 507/696/1651 533/740/1652 505/694/1653
f 536/743/1654 539/746/1655 538/745/1656
f 533/740/1657 539/746/1658 536/743/1659
f 540/747/1660 538/745/1661 539/746/1662
f 541/748/1663 539/746/1664 533/740/1665
f 541/748/1666 540/747/1667 539/746/1668
f 540/747/1669 542/749/1670 538/745/1670
f 507/696/1671 541/748/1672 533/740/1673
f 543/750/1595 542/749/1595 540/747/1674
f 544/751/1675 540/747/1676 541/748/1677
f 543/750/1584 540/747/1678 544/751/1679
f 544/751/1680 541/748/1681 545/752/1682
f 546/753/1683 543/750/1684 544/751/1685
f 546/753/1686 547/754/1670 543/750/1670
f 548/755/1629 547/754/1629 546/753/1687
f 549/756/1688 546/753/1689 544/751/1690
f 549/756/1691 544/751/1692 545/752/1693
f 548/755/1640 546/753/1694 550/757/1695
f 550/757/1696 546/753/1697 549/756/1698
f 545/752/1699 541/748/1700 551/758/1701
f 549/756/1702 545/752/1703 551/758/1704
f 541/748/1705 507/696/1671 551/758/1706
f 550/757/1707 549/756/1708 552/759/1709
f 553/760/1710 548/755/1711 550/757/1712
f 553/760/1713 550/757/1714 552/759/1715
f 553/760/1716 554/761/1600 548/755/1600
f 552/759/1717 549/756/1718 555/762/1719
f 551/758/1720 555/762/1721 549/756/1722
f 553/760/1723 552/759/1724 556/763/1725
f 556/763/1726 552/759/1727 555/762/1728
f 557/764/1729 554/761/1584 553/760/1730
f 557/765/1731 553/766/1732 556/767/1733
f 557/764/1734 558/768/1735 554/761/1735
f 559/769/1640 558/768/1640 557/764/1736
f 557/765/1737 556/767/1738 560/770/1739
f 555/762/1740 560/771/1741 556/763/1742
f 555/772/1743 557/765/1744 560/770/1745
f 559/769/1649 557/764/1746 561/773/1747
f 555/772/1748 561/774/1749 557/765/1750
f 562/775/1751 559/769/1751 561/773/1752
f 563/776/1753 561/774/1754 555/772/1755
f 562/775/1581 561/773/1756 563/777/1757
f 563/776/1758 555/772/1759 564/778/1760
f 564/779/1761 555/762/1762 551/758/1763
f 565/780/1764 562/775/1735 563/777/1765
f 565/780/1766 566/781/1751 562/775/1751
f 567/782/1767 563/776/1768 564/778/1769
f 567/782/1770 565/783/1771 563/776/1772
f 567/784/1773 564/779/1774 551/758/1775
f 568/785/1550 566/781/1550 565/780/1776
f 569/786/1777 565/787/1778 567/788/1779
f 551/758/1701 569/789/1780 567/784/1781
f 568/785/1782 565/780/1783 570/790/1784
f 569/786/1785 570/791/1786 565/787/1787
f 571/792/1788 568/785/1788 570/790/1789
f 572/793/1790 570/791/1791 569/786/1792
f 571/792/1629 570/790/1793 572/794/1794
f 572/793/1795 569/786/1796 551/795/1797
f 573/796/1798 571/792/1799 572/794/1800
f 573/796/1801 574/797/1751 571/792/1751
f 516/711/1629 574/797/1629 573/796/1802
f 575/798/1803 572/793/1804 551/795/1805
f 575/798/1806 573/799/1807 572/793/1808
f 507/700/1809 575/798/1810 551/795/1811
f 516/711/1812 573/796/1813 576/800/1814
f 576/801/1815 573/799/1816 575/798/1817
f 576/801/1818 575/798/1819 507/700/1820
f 511/708/1821 516/711/1812 576/800/1814
f 509/699/1822 576/801/1823 507/700/1824
f 509/699/1825 511/703/1826 576/801/1827
f 577/802/1828 578/803/1828 579/804/1828
f 577/802/1829 580/805/1829 578/803/1829
f 581/806/1830 582/807/1830 583/808/1830
f 581/806/1831 584/809/1831 582/807/1831
f 585/810/1832 586/811/1832 587/812/1832
f 585/810/1833 588/813/1833 586/811/1833
f 589/814/1834 590/815/1835 591/816/1836
f 589/814/1837 592/817/1838 590/815/1839
f 592/817/1840 593/818/1841 590/815/1842
f 589/814/1843 594/819/1844 592/817/1845
f 592/817/1846 594/819/1847 593/818/1848
f 593/818/1849 594/819/1850 595/820/1851
f 593/818/1852 595/820/1853 596/821/1854
f 597/822/1855 595/820/1856 594/819/1857
f 589/814/1858 597/822/1859 594/819/1860
f 597/822/1861 598/823/1862 595/820/1863
f 597/822/1864 599/824/1865 598/823/1866
f 600/825/1867 593/818/1868 596/821/1869
f 590/815/1870 593/818/1871 600/825/1872
f 600/825/1873 596/821/1874 601/826/1875
f 600/825/1876 601/826/1877 602/827/1878
f 590/815/1879 600/825/1880 603/828/1881
f 590/815/1882 603/828/1883 591/816/1884
f 600/825/1885 602/827/1886 604/829/1887
f 603/828/1888 600/825/1889 604/829/1890
f 605/830/1891 604/829/1892 602/827/1893
f 605/830/1894 602/827/1895 606/831/1896
f 605/830/1897 606/831/1898 607/832/1899
f 603/828/1900 604/829/1887 608/833/1901
f 603/828/1902 608/833/1903 591/816/1904
f 609/834/1905 604/829/1906 605/830/1907
f 609/834/1908 608/833/1909 604/829/1910
f 605/830/1911 607/832/1912 610/835/1913
f 609/834/1914 605/830/1915 610/835/1916
f 610/835/1917 607/832/1918 611/836/1919
f 609/834/1920 612/837/1921 608/833/1922
f 609/834/1923 610/835/1924 612/837/1925
f 612/837/1926 591/816/1927 608/833/1928
f 610/835/1929 611/836/1930 613/838/1931
f 613/838/1932 611/836/1933 614/839/1934
f 610/835/1929 615/840/1935 612/837/1921
f 610/835/1936 613/838/1937 615/840/1938
f 613/838/1939 614/839/1940 616/841/1941
f 615/840/1942 613/838/1943 616/841/1944
f 614/839/1945 617/842/1946 616/841/1947
f 614/839/1948 618/843/1949 617/842/1950
f 617/842/1951 618/843/1952 619/844/1953
f 616/841/1954 617/842/1955 620/845/1956
f 615/840/1957 616/841/1958 621/846/1959
f 616/841/1960 620/845/1961 621/846/1962
f 615/840/1963 621/846/1964 620/845/1965
f 617/842/1966 622/847/1967 620/845/1968
f 617/842/1969 619/844/1970 623/848/1971
f 617/842/1972 623/848/1973 622/847/1974
f 623/848/1975 619/844/1976 624/849/1977
f 620/845/1978 622/847/1979 625/850/1980
f 623/848/1981 625/850/1982 622/847/1983
f 615/840/1984 620/845/1985 626/851/1986
f 620/845/1987 625/850/1988 626/851/1986
f 623/848/1989 627/852/1990 625/850/1991
f 623/848/1971 624/849/1992 627/852/1993
f 627/852/1994 628/853/1995 625/850/1996
f 625/850/1997 628/853/1998 626/851/1999
f 624/849/2000 629/854/2001 627/852/2002
f 627/852/2003 629/854/2004 628/853/2005
f 630/855/2006 631/856/2007 632/857/2006
f 633/858/2008 630/859/2009 632/860/2009
f 632/860/2010 634/861/2011 633/858/2012
f 635/862/2013 633/858/2014 634/861/2015
f 636/863/2016 633/858/2017 635/862/2018
f 633/858/2019 637/864/2020 638/865/2021
f 633/858/2022 638/865/2023 639/866/2024
f 639/866/2011 640/867/2010 633/858/2012
f 630/859/2025 633/858/2008 640/867/2025
f 640/868/2026 641/869/2007 630/855/2026
f 630/855/2027 641/869/2028 631/856/2028
f 640/868/2029 642/870/2030 641/869/2030
f 631/856/2031 641/869/2031 643/871/2032
f 643/871/2032 641/869/2031 642/870/2031
f 631/856/2033 643/871/2034 644/872/2034
f 643/871/2034 642/870/2033 645/873/2034
f 643/871/2035 646/874/2036 644/872/2035
f 647/875/2036 643/871/2035 645/873/2035
f 643/871/2037 648/876/2038 646/874/2038
f 647/875/2038 648/876/2038 643/871/2037
f 170/877/2039 649/878/2040 169/879/2039
f 170/877/2041 650/880/2042 649/878/2042
f 650/880/2043 651/881/2044 649/878/2045
f 650/880/2046 652/882/2047 651/881/2048
f 653/883/2049 651/881/2050 652/882/2050
f 653/883/2051 654/884/2052 651/881/2053
f 655/885/2054 654/884/2055 653/883/2056
f 655/885/2057 656/886/2058 654/884/2059
f 657/887/2060 656/886/2061 655/885/2062
f 657/887/2063 658/888/2063 656/886/2064
f 659/889/2065 658/888/2066 657/887/2067
f 659/889/2068 657/887/2069 660/890/2070
f 661/891/2071 659/889/2072 660/890/2073
f 661/891/2074 660/890/2075 662/892/2076
f 663/893/2077 661/891/2078 662/892/2078
f 663/893/2079 662/892/2080 664/894/2081
f 665/895/2082 663/893/2083 664/894/2083
f 665/895/2084 666/896/2084 663/893/2085
f 667/897/2086 666/896/2087 665/895/2087
f 667/897/2088 668/898/2088 666/896/2089
f 669/899/2090 668/900/2091 667/901/2091
f 669/899/2092 670/902/2093 668/900/2094
f 671/903/2095 670/902/2096 669/899/2097
f 671/903/2098 672/904/2099 670/902/2100
f 673/905/2101 672/904/2102 671/903/2102
f 673/905/2103 674/906/2104 672/904/2105
f 675/907/2106 676/908/2106 677/909/2106
f 675/907/2107 678/910/2107 676/908/2107
f 624/849/2108 679/911/2109 629/854/2110
f 629/854/2111 679/911/2112 680/912/2113
f 628/853/2114 629/854/2115 681/913/2116
f 629/854/2117 680/912/2118 681/913/2119
f 628/853/2120 681/913/2121 682/914/2122
f 628/853/2123 682/914/2124 626/851/2125
f 681/915/2126 683/916/2127 682/917/2128
f 682/914/2129 683/918/2130 626/851/2131
f 680/919/2132 684/920/2133 681/915/2134
f 681/915/2135 684/920/2136 683/916/2137
f 680/919/2138 685/921/2139 684/920/2140
f 684/920/2141 685/921/2142 686/922/2143
f 683/916/2144 684/920/2145 687/923/2146
f 684/920/2147 686/922/2148 687/923/2149
f 683/916/2150 687/923/2151 626/924/2152
f 686/922/2153 688/925/2154 687/923/2155
f 686/922/2156 689/926/2157 688/925/2158
f 687/923/2159 690/927/2160 626/924/2161
f 687/923/2162 688/925/2163 690/927/2164
f 689/926/2165 691/928/2166 688/925/2167
f 690/927/2168 688/925/2169 691/928/2170
f 689/926/2171 692/929/2172 691/928/2173
f 626/851/2174 690/930/2175 693/931/2176
f 690/927/2177 691/928/2178 693/932/2179
f 626/851/2180 693/931/2181 615/840/2182
f 612/837/2183 615/840/1984 693/931/2184
f 591/816/1836 612/837/2185 693/931/2186
f 691/928/2187 591/933/2188 693/932/2189
f 692/929/2190 694/934/2191 691/928/2192
f 691/928/2193 694/934/2194 591/933/2195
f 692/929/2196 695/935/2197 694/934/2198
f 694/934/2199 695/935/2200 696/936/2201
f 694/934/2202 696/936/2203 697/937/2204
f 591/933/2195 694/934/2205 697/937/2206
f 697/937/2207 696/936/2208 698/938/2209
f 697/937/2210 698/938/2211 699/939/2212
f 699/939/2213 698/938/2214 700/940/2215
f 591/933/2188 697/937/2216 701/941/2217
f 702/942/2218 701/941/2219 697/937/2220
f 702/942/2221 697/937/2222 699/939/2223
f 591/816/2224 701/943/2225 702/944/2226
f 702/944/2227 703/945/2228 591/816/2229
f 702/942/2230 699/939/2231 704/946/2232
f 702/942/2233 704/946/2234 703/947/2235
f 699/939/2236 700/940/2237 704/946/2238
f 703/945/2239 705/948/2240 591/816/2241
f 705/949/2242 703/947/2243 704/946/2244
f 705/948/2245 589/814/2246 591/816/2247
f 706/950/2248 704/946/2249 700/940/2250
f 705/949/2251 704/946/2252 706/950/2253
f 706/950/2254 700/940/2255 707/951/2256
f 706/950/2257 707/951/2258 599/952/2259
f 705/948/2260 708/953/2261 589/814/2262
f 706/950/2263 599/952/2264 709/954/2265
f 705/949/2266 706/950/2267 709/954/2268
f 705/949/2269 709/954/2270 708/955/2271
f 589/814/2272 708/953/2273 709/956/2274
f 597/822/2275 709/956/2276 599/824/2277
f 589/814/2278 709/956/2279 597/822/2280
f 710/957/2281 711/958/2282 712/959/2283
f 711/960/2284 713/961/2285 712/962/2286
f 710/957/2287 714/963/2288 711/958/2289
f 711/960/2290 715/964/2291 713/961/2292
f 716/965/2293 714/963/2294 710/957/2294
f 715/964/2295 717/966/2296 713/961/2297
f 716/965/2298 710/957/2299 718/967/2298
f 715/964/2300 719/968/2301 717/966/2301
f 720/969/2302 716/970/2303 718/971/2303
f 717/966/2304 719/968/2305 721/972/2306
f 720/969/2307 722/973/2308 716/970/2309
f 717/966/2310 721/972/2311 723/974/2312
f 724/975/740 722/973/2313 720/969/2314
f 721/972/2315 725/976/2316 723/974/2315
f 724/975/2317 726/977/2318 722/973/2319
f 721/972/2315 727/978/2320 725/976/2316
f 727/979/2321 728/980/2322 725/981/2323
f 727/979/2324 729/982/2325 728/980/2326
f 730/983/2327 726/977/2328 724/975/2329
f 730/983/2330 724/975/2331 731/984/2332
f 732/985/2333 730/983/2334 731/984/2335
f 732/985/2336 733/986/2337 730/983/2338
f 734/987/2339 733/988/2340 732/989/2341
f 734/987/2342 735/990/2343 733/988/2344
f 736/991/2345 737/992/2345 738/993/2345
f 736/991/2346 739/994/2347 737/992/2347
f 740/995/2348 741/996/2348 742/997/2348
f 740/995/2349 743/998/2349 741/996/2350
f 744/999/2351 745/1000/2351 746/1001/2352
f 744/999/2353 747/1002/2354 745/1000/2355
f 748/1003/2356 749/1004/2356 750/1005/2356
f 748/1003/2357 751/1006/2357 749/1004/2357
f 752/1007/2358 753/1008/2359 754/1009/2359
f 752/1007/2358 755/1010/2358 753/1008/2359
f 753/1008/2359 755/1010/2358 756/1011/2358
f 753/1008/2359 756/1011/2358 757/1012/2359
f 754/1009/2360 753/1008/2360 758/1013/2361
f 758/1013/2362 753/1008/2360 757/1012/2360
f 754/1009/2363 758/1013/2364 759/1014/2364
f 758/1013/2364 757/1012/2363 760/1015/2364
f 758/1013/2365 761/1016/2366 759/1014/2365
f 762/1017/2366 758/1013/2365 760/1015/2365
f 758/1013/2365 763/1018/2366 761/1016/2366
f 762/1017/2366 763/1018/2366 758/1013/2367
f 761/1016/2368 763/1018/2369 764/1019/2370
f 764/1019/2370 763/1018/2369 762/1017/2368
f 765/1020/2371 761/1016/2372 764/1019/2371
f 766/1021/2371 764/1019/2371 762/1017/2372
f 767/1022/2373 765/1023/2374 764/1024/2375
f 764/1024/2376 768/1025/2377 767/1022/2378
f 766/1026/2379 769/1027/2380 764/1028/2381
f 769/1027/2382 770/1029/2383 764/1028/2384
f 771/1030/2385 772/1031/2385 773/1032/2385
f 771/1030/2386 774/1033/2386 772/1031/2386
f 775/1034/916 776/1035/916 777/1036/916
f 777/1036/916 778/1037/916 775/1034/916
f 778/1037/2387 779/1038/2387 775/1034/2387
f 780/1039/2388 777/1036/2388 776/1035/2388
f 780/1039/916 781/1040/916 777/1036/916
f 781/1040/2389 782/1041/2389 777/1036/2389
f 783/1042/916 780/1039/916 776/1035/916
f 776/1035/916 784/1043/916 783/1042/916
f 785/1044/2390 786/1045/2390 787/1046/2390
f 787/1046/2391 788/1047/2391 785/1044/2391
f 788/1047/2305 789/1048/2305 785/1044/2305
f 790/1049/857 787/1046/857 786/1045/857
f 790/1049/2305 791/1050/2305 787/1046/2305
f 790/1049/2392 792/1051/2392 791/1050/2392
f 793/1052/2393 790/1049/2393 786/1045/2394
f 786/1045/857 794/1053/857 793/1052/857
f 795/1054/2395 796/1055/2396 797/1056/2397
f 795/1054/2398 798/1057/2399 796/1055/2400
f 799/1058/2401 795/1054/2402 797/1056/2403
f 799/1058/2404 797/1056/2405 800/1059/2406
f 798/1057/2407 795/1054/2408 801/1060/2409
f 802/1061/2410 799/1062/2411 800/1063/2412
f 802/1061/2413 800/1063/2414 803/1064/2415
f 802/1061/2416 803/1064/2417 804/1065/916
f 802/1061/2416 804/1065/916 805/1066/918
f 798/1057/2418 801/1060/2419 806/1067/2420
f 807/1068/2421 795/1054/2422 799/1058/2423
f 807/1069/2424 799/1062/2425 802/1061/2426
f 807/1068/2427 801/1060/2428 795/1054/2429
f 806/1067/2430 801/1060/2431 808/1070/2432
f 806/1067/2433 808/1070/2434 809/1071/2435
f 810/1072/2436 808/1070/2437 801/1060/2438
f 810/1072/2439 801/1060/2440 807/1068/2441
f 807/1069/2442 802/1061/2443 811/1073/2444
f 810/1072/2445 807/1068/2446 811/1074/2447
f 811/1073/2448 802/1061/2449 805/1066/2450
f 810/1072/2451 811/1074/2452 812/1075/2453
f 811/1073/2454 805/1066/2455 813/1076/2456
f 812/1077/2457 811/1078/2458 813/1079/2459
f 812/1077/2460 813/1079/2461 814/1080/2462
f 815/1081/2463 816/1082/2464 817/1083/2465
f 815/1081/2466 818/1084/2467 816/1082/2468
f 817/1083/2469 816/1082/2470 819/1085/2471
f 817/1083/2472 819/1085/2473 820/1086/2474
f 818/1084/2475 821/1087/2476 816/1082/2477
f 818/1084/2478 822/1088/2479 821/1087/2480
f 822/1088/2481 823/1089/2482 821/1087/2483
f 822/1088/2484 824/1090/2485 823/1089/2486
f 825/1091/2487 821/1087/2488 823/1089/2489
f 826/1092/2490 816/1082/2491 821/1087/2492
f 825/1091/2493 826/1092/2494 821/1087/2495
f 826/1092/2496 819/1085/2497 816/1082/2498
f 820/1093/2499 819/1094/2500 827/1095/2501
f 826/1096/2502 827/1095/2503 819/1094/2504
f 820/1093/2505 827/1095/2506 828/1097/2507
f 829/1098/2508 828/1097/2509 827/1095/2510
f 829/1098/2511 827/1095/2512 830/1099/2513
f 826/1096/2514 831/1100/2515 827/1095/2516
f 825/1091/2517 831/1101/2518 826/1092/2519
f 831/1100/2520 830/1099/2521 827/1095/2522
f 825/1091/2523 832/1102/2524 831/1101/2525
f 831/1100/2526 833/1103/2527 830/1099/2528
f 832/1104/2529 833/1105/2530 831/1106/2531
f 832/1104/2532 834/1107/2533 833/1105/2534
f 835/1108/2535 836/1109/2535 837/1110/2535
f 835/1108/2536 838/1111/2536 836/1109/2536
f 839/1112/2537 840/1113/2538 841/1114/2537
f 839/1112/2537 842/1115/2539 840/1113/2540
f 843/1116/916 840/1113/2541 844/1117/916
f 845/1118/2389 843/1116/2389 844/1117/2389
f 846/1119/916 844/1117/916 840/1113/2541
f 847/1120/916 845/1118/916 844/1117/916
f 847/1120/916 848/1121/916 845/1118/916
f 847/1120/2389 849/1122/2389 848/1121/2389
f 848/1121/916 849/1122/916 850/1123/916
f 848/1121/2542 850/1123/2542 851/1124/2542
f 851/1124/916 850/1123/916 852/1125/2543
f 851/1124/916 852/1125/2543 853/1126/2544
f 854/1127/2545 853/1126/2546 852/1125/2547
f 854/1127/2548 855/1128/2549 853/1126/2550
f 856/1129/2551 855/1130/2552 854/1131/2553
f 856/1129/2554 854/1131/2555 857/1132/2556
f 846/1119/916 840/1113/2541 858/1133/916
f 840/1113/2541 842/1115/2557 858/1133/916
f 858/1133/916 842/1115/2557 859/1134/916
f 842/1115/2557 860/1135/916 859/1134/916
f 858/1133/916 859/1134/916 861/1136/916
f 842/1115/2558 862/1137/2559 860/1135/2559
f 863/1138/916 858/1133/916 861/1136/916
f 862/1137/916 842/1115/2557 864/1139/916
f 861/1136/916 865/1140/916 863/1138/916
f 865/1140/916 866/1141/916 863/1138/916
f 865/1140/916 867/1142/916 866/1141/916
f 865/1140/916 868/1143/916 867/1142/916
f 868/1143/916 869/1144/2560 867/1142/916
f 868/1143/916 870/1145/916 869/1144/2561
f 869/1144/2560 870/1145/916 871/1146/2562
f 869/1144/2563 871/1146/2564 872/1147/2565
f 873/1148/2566 872/1147/2567 871/1146/2568
f 873/1148/2569 874/1149/2570 872/1147/2571
f 875/1150/2572 874/1151/2573 873/1152/2574
f 875/1150/2575 873/1152/2576 876/1153/2577
f 877/1154/2387 862/1137/2387 864/1139/2387
f 864/1139/916 878/1155/916 877/1154/916
f 864/1139/916 879/1156/916 878/1155/916
f 878/1155/916 880/1157/916 877/1154/916
f 878/1155/2578 881/1158/2578 880/1157/2578
f 880/1157/2579 881/1158/2579 882/1159/2579
f 880/1157/2578 882/1159/2578 883/1160/2580
f 883/1160/2581 882/1159/2387 884/1161/2582
f 883/1160/2583 884/1161/2584 885/1162/2585
f 886/1163/2586 885/1162/2587 884/1161/2588
f 886/1163/2589 887/1164/2590 885/1162/2591
f 888/1165/2592 887/1166/2593 886/1167/2594
f 888/1165/2595 889/1168/2596 887/1166/2597
f 890/1169/2598 891/1170/2599 892/1171/2599
f 890/1169/2598 893/1172/2600 891/1170/2599
f 894/1173/2601 890/1169/2602 895/1174/2601
f 895/1174/857 896/1175/857 894/1173/857
f 890/1169/2603 894/1173/2604 897/1176/2604
f 896/1175/857 898/1177/857 894/1173/857
f 899/1178/857 898/1177/857 896/1175/857
f 899/1178/857 900/1179/857 898/1177/857
f 899/1178/857 901/1180/857 900/1179/857
f 899/1178/2605 902/1181/2605 901/1180/2605
f 902/1181/857 903/1182/2606 901/1180/857
f 902/1181/2296 904/1183/2607 903/1182/2608
f 905/1184/2609 903/1182/2610 904/1183/2611
f 905/1184/2612 904/1183/2613 906/1185/2614
f 905/1186/2615 906/1187/2616 907/1188/2617
f 905/1186/2618 907/1188/2619 908/1189/2620
f 890/1169/2621 897/1176/857 909/1190/857
f 890/1169/2621 909/1190/857 893/1172/2622
f 909/1190/857 910/1191/857 893/1172/2622
f 910/1191/857 911/1192/857 893/1172/2622
f 909/1190/857 912/1193/857 910/1191/857
f 911/1192/2623 913/1194/2623 893/1172/2624
f 909/1190/857 914/1195/857 912/1193/857
f 893/1172/2625 913/1194/2626 915/1196/2626
f 914/1195/857 916/1197/857 912/1193/857
f 914/1195/857 917/1198/857 916/1197/857
f 918/1199/857 916/1197/857 917/1198/857
f 918/1199/2626 919/1200/2626 916/1197/2626
f 920/1201/2627 919/1200/2296 918/1199/2296
f 920/1201/2628 921/1202/857 919/1200/857
f 920/1201/2628 922/1203/2629 921/1202/857
f 920/1201/2628 923/1204/2630 922/1203/2629
f 924/1205/2631 922/1203/2632 923/1204/2633
f 924/1205/2634 923/1204/2635 925/1206/2636
f 924/1207/2637 925/1208/2638 926/1209/2639
f 924/1207/2640 926/1209/2641 927/1210/2642
f 913/1194/857 928/1211/857 915/1196/857
f 928/1211/857 929/1212/857 915/1196/857
f 929/1212/857 930/1213/857 915/1196/857
f 931/1214/857 929/1212/857 928/1211/857
f 931/1214/2626 932/1215/2626 929/1212/2626
f 931/1214/2296 933/1216/2296 932/1215/2296
f 931/1214/2305 934/1217/2643 933/1216/2305
f 934/1217/2644 935/1218/2606 933/1216/857
f 934/1217/2645 936/1219/2646 935/1218/2647
f 937/1220/2648 935/1218/2649 936/1219/2650
f 937/1220/2651 936/1219/2652 938/1221/2653
f 939/1222/2654 937/1223/2655 938/1224/2656
f 939/1225/2657 938/1226/2658 940/1227/2659
f 941/1228/2660 942/1229/2660 943/1230/2660
f 941/1228/2661 944/1231/2661 942/1229/2661
f 945/1232/2662 946/1233/2662 947/1234/2662
f 945/1232/2663 948/1235/2663 946/1233/2663
f 949/1236/916 950/1237/916 951/1238/2664
f 951/1238/2664 950/1237/916 952/1239/2665
f 949/1236/916 953/1240/916 950/1237/916
f 951/1238/2666 952/1239/2667 954/1241/2668
f 949/1236/916 955/1242/916 953/1240/916
f 954/1241/2669 952/1239/2670 956/1243/2671
f 949/1236/916 957/1244/916 955/1242/916
f 957/1244/916 958/1245/916 955/1242/916
f 957/1244/916 959/1246/916 958/1245/916
f 954/1241/2672 956/1243/2552 960/1247/2673
f 960/1248/2674 956/1249/2675 961/1250/2676
f 960/1248/2677 961/1250/2678 962/1251/2679
f 963/1252/857 964/1253/857 965/1254/2680
f 963/1252/857 966/1255/857 964/1253/857
f 965/1254/2680 967/1256/2681 963/1252/857
f 964/1253/857 966/1255/857 968/1257/857
f 965/1254/2680 969/1258/2682 967/1256/2681
f 964/1253/857 968/1257/857 970/1259/857
f 971/1260/857 970/1259/857 968/1257/857
f 971/1260/857 972/1261/857 970/1259/857
f 969/1258/2683 973/1262/2684 967/1256/2685
f 969/1258/2686 974/1263/2687 973/1262/2688
f 974/1264/2689 975/1265/2690 973/1266/2691
f 974/1264/2692 976/1267/2693 975/1265/2694
f 977/1268/2695 978/1269/2696 979/1270/2697
f 979/1270/2698 980/1271/2699 977/1268/2700
f 977/1268/2701 981/1272/2702 978/1269/2703
f 982/1273/2704 978/1269/2705 981/1272/2706
f 980/1271/2707 983/1274/2708 977/1268/2709
f 983/1275/2710 980/1276/2711 984/1277/2712
f 983/1275/2713 984/1277/2712 985/1278/2714
f 983/1274/2715 986/1279/2716 977/1268/2717
f 987/1280/2718 982/1273/2719 981/1272/2720
f 987/1281/2721 988/1282/2358 982/1283/2722
f 987/1281/2721 989/1284/2359 988/1282/2358
f 990/1285/2723 981/1272/2724 977/1268/2725
f 990/1285/2723 977/1268/2725 986/1279/2726
f 990/1285/2727 987/1280/2728 981/1272/2729
f 987/1281/2730 991/1286/2731 989/1284/2359
f 990/1285/2723 986/1279/2726 992/1287/2732
f 983/1274/2733 992/1287/2734 986/1279/2735
f 987/1280/2736 990/1285/2737 993/1288/2738
f 990/1285/2739 992/1287/2740 993/1288/2741
f 987/1281/2742 994/1289/2743 991/1286/2365
f 987/1280/2744 993/1288/2745 994/1290/2746
f 995/1291/2747 991/1286/2365 994/1289/2748
f 995/1291/2749 996/1292/2750 991/1286/2365
f 994/1290/2751 993/1288/2752 997/1293/2753
f 994/1290/2754 997/1293/2755 995/1294/2756
f 996/1292/2757 995/1291/2758 998/1295/2759
f 997/1293/2760 998/1296/2761 995/1294/2762
f 996/1292/2763 998/1295/2764 999/1297/2765
f 993/1288/2766 1000/1298/2767 997/1293/2768
f 993/1288/2769 992/1287/2732 1000/1298/2770
f 1001/1299/2771 999/1300/2772 998/1301/2773
f 997/1293/2774 1002/1302/2775 998/1296/2776
f 1001/1303/2777 998/1296/2778 1002/1302/2779
f 1003/1304/2780 999/1300/2781 1001/1299/2782
f 997/1293/2783 1004/1305/2784 1002/1302/2785
f 997/1293/2783 1000/1298/2770 1004/1305/2784
f 1002/1302/2786 1005/1306/2787 1001/1303/2788
f 1002/1302/2789 1004/1305/2790 1005/1306/2791
f 1000/1298/2792 1006/1307/2793 1004/1305/2794
f 1006/1308/2795 1005/1309/2796 1004/1310/2797
f 1000/1298/2798 1007/1311/2799 1006/1307/2800
f 1007/1311/2801 1000/1298/2802 992/1287/2803
f 1006/1308/2804 1008/1312/2805 1005/1309/2806
f 1006/1308/2807 1009/1313/2808 1008/1312/2809
f 1006/1308/2810 1007/1314/2811 1009/1313/2812
f 1010/1315/2813 1005/1309/2814 1008/1312/2815
f 1011/1316/2816 1009/1313/2817 1007/1314/2818
f 1007/1311/2819 992/1287/2820 1012/1317/2821
f 1011/1316/2822 1007/1314/2823 1012/1318/2824
f 983/1274/2825 1012/1317/2826 992/1287/2827
f 1012/1318/2828 985/1278/2829 1011/1316/2830
f 1012/1318/2831 983/1275/2832 985/1278/2833
f 1010/1315/2834 1013/1319/2835 1005/1309/2836
f 1013/1320/2837 1001/1303/2838 1005/1306/2839
f 1014/1321/2840 1013/1319/2841 1010/1315/2842
f 1014/1321/2843 1010/1315/2844 1015/1322/2845
f 1013/1320/2846 1016/1323/2847 1001/1303/2848
f 1014/1324/2849 1016/1325/2850 1013/1326/2851
f 1003/1304/2852 1001/1299/2853 1016/1325/2854
f 1014/1324/2855 1017/1327/2856 1016/1325/2857
f 1017/1327/2858 1003/1304/2859 1016/1325/2860
f 1017/1327/2861 1018/1328/2862 1003/1304/2863
f 1019/1329/2864 1020/1330/2865 1021/1331/2866
f 1021/1331/2867 1020/1330/2868 1022/1332/2869
f 1019/1329/2870 1023/1333/2871 1020/1330/2872
f 1024/1334/2873 1023/1333/2874 1019/1329/2875
f 1022/1332/2876 1025/1335/2877 1021/1331/2878
f 1026/1336/2358 1025/1337/2879 1022/1338/2880
f 1026/1336/2358 1027/1339/2359 1025/1337/2879
f 1028/1340/2881 1025/1337/2882 1027/1339/2883
f 1029/1341/2884 1024/1334/2885 1019/1329/2886
f 1030/1342/2712 1024/1343/2887 1029/1344/2888
f 1030/1342/2712 1029/1344/2889 1031/1345/2714
f 1019/1329/2890 1032/1346/2891 1029/1341/2892
f 1031/1345/2893 1029/1344/2894 1033/1347/2895
f 1031/1345/2896 1033/1347/2897 1034/1348/2830
f 1035/1349/2898 1029/1341/2899 1032/1346/2900
f 1035/1349/2901 1033/1350/2902 1029/1341/2903
f 1019/1329/2904 1036/1351/2905 1032/1346/2906
f 1019/1329/2907 1021/1331/2908 1036/1351/2905
f 1035/1349/2909 1032/1346/2910 1036/1351/2905
f 1025/1335/2911 1036/1351/2912 1021/1331/2913
f 1037/1352/2914 1034/1348/2915 1033/1347/2916
f 1035/1349/2917 1037/1353/2918 1033/1350/2919
f 1037/1352/2914 1038/1354/2920 1034/1348/2915
f 1035/1349/2921 1036/1351/2922 1039/1355/2923
f 1039/1355/2924 1036/1351/2925 1025/1335/2926
f 1035/1349/2927 1040/1356/2928 1037/1353/2929
f 1040/1356/2930 1035/1349/2931 1039/1355/2932
f 1038/1354/2933 1037/1352/2934 1041/1357/2935
f 1040/1356/2936 1041/1358/2937 1037/1353/2938
f 1038/1354/2933 1041/1357/2939 1042/1359/2940
f 1039/1355/2941 1025/1335/2942 1043/1360/2943
f 1028/1340/2944 1043/1361/2945 1025/1337/2946
f 1040/1356/2947 1039/1355/2948 1044/1362/2949
f 1043/1360/2950 1044/1362/2951 1039/1355/2952
f 1028/1340/2953 1045/1363/2954 1043/1361/2955
f 1043/1360/2956 1045/1364/2957 1044/1362/2958
f 1028/1340/2953 1046/1365/2959 1045/1363/2960
f 1047/1366/2961 1045/1363/2962 1046/1365/2963
f 1047/1367/2964 1044/1362/2965 1045/1364/2966
f 1047/1366/2967 1046/1365/2968 1048/1368/2969
f 1044/1362/2949 1049/1369/2970 1040/1356/2947
f 1040/1356/2971 1049/1369/2972 1041/1358/2973
f 1047/1367/2974 1050/1370/2975 1044/1362/2976
f 1044/1362/2949 1050/1370/2977 1049/1369/2970
f 1051/1371/2978 1047/1372/2979 1048/1373/2980
f 1051/1374/2981 1050/1370/2982 1047/1367/2983
f 1051/1371/2984 1048/1373/2985 1052/1375/2986
f 1050/1370/2987 1053/1376/2988 1049/1369/2989
f 1053/1376/2990 1041/1358/2991 1049/1369/2992
f 1050/1370/2993 1051/1374/2994 1053/1376/2995
f 1053/1377/2996 1042/1359/2997 1041/1357/2998
f 1054/1378/2999 1042/1359/3000 1053/1377/3001
f 1055/1379/3002 1053/1376/3003 1051/1374/3004
f 1054/1378/3005 1053/1377/3006 1055/1380/3007
f 1054/1378/3008 1055/1380/3009 1056/1381/3010
f 1054/1378/3011 1056/1381/3012 1057/1382/3013
f 1055/1379/3014 1051/1374/3015 1058/1383/3016
f 1056/1384/3017 1055/1385/3018 1058/1386/3019
f 1051/1371/3020 1052/1375/3021 1058/1386/3022
f 1056/1384/3023 1058/1386/3024 1059/1387/3025
f 1059/1387/3026 1058/1386/3027 1052/1375/3028
f 1059/1387/3029 1052/1375/3030 1060/1388/3031
f 1061/1389/3032 1062/1390/3032 1063/1391/3032
f 1061/1389/3033 1064/1392/3033 1062/1390/3033
f 1065/1393/3034 1066/1394/3035 1067/1395/3036
f 1068/1396/3037 1065/1397/3038 1067/1398/3039
f 1069/1399/3040 1068/1396/3041 1067/1398/3042
f 1068/1396/3037 1070/1400/3043 1065/1397/3038
f 1069/1399/3044 1067/1398/3045 1071/1401/3046
f 1072/1402/3047 1071/1403/3048 1067/1395/3049
f 1072/1402/3050 1067/1395/3051 1066/1394/3052
f 1069/1399/3053 1071/1401/3054 1073/1404/3055
f 1072/1402/3056 1073/1405/3057 1071/1403/3058
f 1069/1399/3059 1073/1404/3060 1074/1406/3061
f 1070/1400/2359 1075/1407/3062 1065/1397/2721
f 1070/1400/2359 1076/1408/3063 1075/1407/3062
f 1077/1409/3064 1074/1410/3065 1073/1411/3066
f 1078/1412/3067 1074/1410/3068 1077/1409/3069
f 1072/1402/3070 1079/1413/3071 1073/1405/3072
f 1077/1409/3073 1073/1411/3074 1079/1414/3075
f 1076/1408/3076 1080/1415/3077 1075/1407/3078
f 1076/1408/3079 1081/1416/3080 1080/1415/3081
f 1082/1417/3082 1075/1418/3083 1080/1419/3084
f 1065/1393/3085 1075/1418/3086 1082/1417/3087
f 1082/1417/3088 1080/1419/3089 1083/1420/3090
f 1081/1421/3091 1084/1422/3092 1080/1423/3093
f 1080/1419/3094 1084/1424/3095 1083/1420/3096
f 1081/1421/3091 1085/1425/3097 1084/1422/3092
f 1086/1426/3098 1082/1417/3099 1083/1420/3100
f 1084/1424/3101 1086/1426/3102 1083/1420/3103
f 1065/1393/3104 1082/1417/3105 1087/1427/3106
f 1087/1427/2723 1082/1417/3107 1086/1426/3108
f 1065/1393/3109 1087/1427/3110 1066/1394/2769
f 1085/1425/3111 1088/1428/3112 1084/1422/3113
f 1084/1424/3114 1088/1429/3115 1086/1426/3116
f 1085/1425/3117 1089/1430/3118 1088/1428/3119
f 1088/1431/3120 1089/1432/3121 1090/1433/3122
f 1087/1427/2723 1086/1426/3123 1091/1434/2726
f 1092/1435/3124 1086/1426/3125 1088/1429/3126
f 1088/1431/3120 1090/1433/3122 1092/1436/3127
f 1092/1435/3128 1091/1434/3129 1086/1426/3130
f 1093/1437/3131 1087/1427/2723 1091/1434/3132
f 1093/1437/3133 1091/1434/3134 1092/1435/3135
f 1093/1437/3136 1066/1394/3137 1087/1427/2723
f 1090/1433/3138 1094/1438/3139 1092/1436/3140
f 1093/1437/3141 1092/1435/3142 1094/1439/3143
f 1090/1433/3138 1095/1440/3144 1094/1438/3145
f 1096/1441/3146 1094/1438/3147 1095/1440/3148
f 1093/1437/3149 1094/1439/3150 1097/1442/3151
f 1096/1441/3152 1097/1443/3153 1094/1438/3154
f 1098/1444/3155 1066/1394/3156 1093/1437/3157
f 1093/1437/3158 1097/1442/3159 1098/1444/3160
f 1098/1444/3161 1072/1402/3162 1066/1394/3137
f 1099/1445/3163 1097/1446/3164 1096/1447/3165
f 1098/1444/3166 1097/1442/3167 1099/1448/3168
f 1099/1445/3169 1096/1447/3170 1100/1449/3171
f 1072/1402/3172 1098/1444/3173 1101/1450/3174
f 1098/1444/3175 1099/1448/3176 1101/1450/3177
f 1072/1402/3178 1101/1450/3179 1079/1413/3180
f 1099/1451/3181 1100/1452/3182 1102/1453/3183
f 1099/1451/3184 1102/1453/3185 1101/1454/3186
f 1079/1413/3187 1101/1450/3188 1102/1455/3189
f 1103/1456/3190 1102/1453/3191 1100/1452/3192
f 1079/1413/3193 1102/1455/3194 1077/1457/3195
f 1103/1456/3196 1104/1458/3197 1102/1453/3198
f 1104/1459/3199 1077/1457/3200 1102/1455/3201
f 1105/1460/3202 1104/1458/3203 1103/1456/3204
f 1105/1460/3205 1103/1456/3206 1106/1461/3207
f 1104/1459/3208 1107/1462/3209 1077/1457/3210
f 1105/1460/3211 1107/1463/3212 1104/1458/3213
f 1078/1412/3214 1077/1409/3215 1107/1464/3216
f 1105/1460/3217 1108/1465/3218 1107/1463/3219
f 1108/1466/3220 1078/1412/3221 1107/1464/3222
f 1108/1466/3223 1109/1467/3224 1078/1412/3225
f 1110/1468/3226 1111/1469/3125 1112/1470/3126
f 1112/1471/3120 1113/1472/3122 1110/1473/3127
f 1112/1471/3120 1114/1474/3121 1113/1472/3122
f 1110/1473/3227 1113/1472/3228 1115/1475/3229
f 1116/1476/3230 1114/1477/3231 1112/1478/3232
f 1111/1469/3233 1116/1479/3234 1112/1470/3235
f 1116/1476/3236 1117/1480/3237 1114/1477/3238
f 1116/1476/3092 1118/1481/3091 1117/1480/3097
f 1110/1473/3227 1115/1475/3229 1119/1482/3239
f 1119/1483/3240 1115/1484/3241 1120/1485/3242
f 1116/1476/3092 1121/1486/3093 1118/1481/3091
f 1122/1487/3079 1118/1488/3080 1121/1489/3081
f 1121/1490/3243 1116/1479/3244 1123/1491/3245
f 1111/1469/3102 1123/1491/3103 1116/1479/3101
f 1122/1487/3246 1121/1489/3247 1124/1492/3248
f 1125/1493/3249 1122/1487/3063 1124/1492/3062
f 1126/1494/3088 1121/1490/3089 1123/1491/3090
f 1111/1469/3098 1126/1494/3099 1123/1491/3100
f 1126/1494/3250 1124/1495/3251 1121/1490/3252
f 1125/1493/3249 1124/1492/3062 1127/1496/3253
f 1127/1497/3254 1124/1495/3086 1126/1494/3087
f 1128/1498/3255 1125/1493/3256 1127/1496/3257
f 1128/1498/3258 1127/1496/3259 1129/1499/3260
f 1127/1497/3261 1126/1494/3105 1130/1500/3106
f 1130/1500/2723 1126/1494/3107 1111/1469/3108
f 1129/1501/3262 1127/1497/3263 1130/1500/3264
f 1129/1499/3265 1131/1502/3266 1128/1498/3267
f 1130/1500/2723 1111/1469/3123 1132/1503/2726
f 1110/1468/3268 1132/1503/3269 1111/1469/3130
f 1129/1501/3270 1130/1500/3271 1133/1504/3272
f 1133/1504/3273 1130/1500/2723 1132/1503/3132
f 1134/1505/3274 1132/1503/3275 1110/1468/3276
f 1133/1504/3273 1132/1503/3132 1134/1505/3277
f 1134/1505/3278 1110/1468/3279 1119/1506/3280
f 1133/1504/3281 1134/1505/3131 1135/1507/3282
f 1135/1507/3283 1134/1505/3284 1119/1506/3285
f 1136/1508/3286 1129/1501/3270 1133/1504/3287
f 1133/1504/3288 1135/1507/3289 1136/1508/3290
f 1129/1499/3291 1137/1509/3292 1131/1502/3293
f 1136/1508/3294 1137/1510/3295 1129/1501/3296
f 1131/1511/3297 1137/1512/3298 1138/1513/3299
f 1136/1508/3300 1138/1514/3301 1137/1510/3302
f 1131/1515/3303 1138/1516/3304 1139/1517/3305
f 1135/1507/3306 1119/1506/3307 1140/1518/3308
f 1119/1483/3309 1120/1485/3310 1140/1519/3311
f 1120/1485/3312 1141/1520/3313 1140/1519/3314
f 1135/1507/3315 1140/1518/3316 1141/1521/3317
f 1120/1485/3318 1142/1522/3319 1141/1520/3320
f 1138/1523/3321 1143/1524/3322 1139/1525/3323
f 1144/1526/3324 1139/1525/3325 1143/1524/3326
f 1135/1507/3327 1141/1521/3328 1145/1527/3329
f 1136/1508/3330 1135/1507/3282 1145/1527/3331
f 1141/1528/3332 1142/1529/3333 1146/1530/3334
f 1141/1528/3335 1146/1530/3336 1145/1531/3337
f 1136/1508/3338 1145/1527/3339 1147/1532/3340
f 1136/1508/3341 1147/1532/3342 1138/1514/3343
f 1146/1533/3344 1147/1532/3345 1145/1527/3346
f 1138/1523/3347 1147/1534/3348 1143/1524/3349
f 1146/1533/3350 1143/1535/3351 1147/1532/3352
f 1148/1536/3353 1146/1530/3354 1142/1529/3355
f 1149/1537/3356 1143/1535/3357 1146/1533/3358
f 1148/1536/3359 1149/1538/3360 1146/1530/3361
f 1150/1539/3362 1149/1538/3363 1148/1536/3364
f 1150/1539/3365 1148/1536/3366 1151/1540/3367
f 1149/1537/3368 1152/1541/3369 1143/1535/3370
f 1150/1539/3371 1152/1542/3372 1149/1538/3373
f 1144/1526/3374 1143/1524/3375 1152/1543/3376
f 1150/1539/3377 1153/1544/3378 1152/1542/3379
f 1153/1545/3380 1144/1526/3381 1152/1543/3382
f 1153/1545/3383 1154/1546/3384 1144/1526/3385
f 1155/1547/3386 1156/1548/3387 1157/1549/3388
f 1156/1550/3389 1158/1551/3390 1157/1552/3391
f 1157/1552/3392 1158/1551/3393 1159/1553/3394
f 1156/1550/3395 1160/1554/3396 1158/1551/3390
f 1157/1552/3397 1159/1553/3398 1161/1555/3399
f 1162/1556/3400 1160/1554/2359 1156/1550/2879
f 1162/1556/3401 1163/1557/3063 1160/1554/2359
f 1164/1558/3402 1157/1549/3403 1161/1559/3404
f 1164/1558/3405 1155/1547/3406 1157/1549/3407
f 1165/1560/3408 1161/1555/3409 1159/1553/3410
f 1165/1561/3411 1164/1558/3412 1161/1559/3413
f 1165/1560/3414 1159/1553/3415 1166/1562/3416
f 1167/1563/3417 1163/1557/3418 1162/1556/3419
f 1167/1563/3420 1168/1564/3421 1163/1557/3422
f 1167/1565/3423 1169/1566/3097 1168/1567/3091
f 1170/1568/3424 1165/1569/3425 1166/1570/3426
f 1171/1571/3427 1167/1572/3428 1162/1573/3429
f 1171/1571/3430 1162/1573/3431 1156/1548/3432
f 1170/1568/3433 1166/1570/3434 1172/1574/3435
f 1171/1571/3436 1173/1575/3437 1167/1572/3438
f 1167/1565/3423 1174/1576/3439 1169/1566/3097
f 1167/1572/3440 1173/1575/3441 1174/1577/3442
f 1175/1578/3443 1173/1575/3444 1171/1571/3445
f 1175/1578/3446 1174/1577/3447 1173/1575/3448
f 1171/1571/3449 1156/1548/3450 1176/1579/3451
f 1175/1578/3452 1171/1571/3453 1176/1579/3454
f 1155/1547/3455 1176/1579/3456 1156/1548/3457
f 1177/1580/3458 1169/1566/3459 1174/1576/3460
f 1175/1578/3461 1177/1581/3462 1174/1577/3463
f 1177/1580/3464 1178/1582/3465 1169/1566/3466
f 1177/1583/3467 1179/1584/3122 1178/1585/3121
f 1175/1578/3443 1176/1579/2905 1180/1586/2906
f 1181/1587/3468 1177/1581/3469 1175/1578/3470
f 1177/1583/3467 1181/1588/3471 1179/1584/3122
f 1181/1587/3472 1175/1578/3473 1180/1586/3474
f 1182/1589/3475 1180/1586/2906 1176/1579/2905
f 1182/1589/3476 1181/1587/3477 1180/1586/3478
f 1182/1589/3479 1176/1579/3480 1155/1547/3481
f 1183/1590/3482 1179/1584/3483 1181/1588/3484
f 1182/1589/3485 1183/1591/3486 1181/1587/3487
f 1183/1590/3488 1184/1592/3489 1179/1584/3122
f 1183/1590/3490 1185/1593/3491 1184/1592/3492
f 1186/1594/3493 1183/1591/3494 1182/1589/3495
f 1183/1590/3496 1186/1595/3497 1185/1593/3498
f 1187/1596/3499 1182/1589/3500 1155/1547/3501
f 1186/1594/3502 1182/1589/3503 1187/1596/3504
f 1187/1596/3505 1155/1547/3506 1164/1558/3507
f 1185/1597/3508 1186/1598/3509 1188/1599/3510
f 1187/1596/3511 1188/1600/3512 1186/1594/3513
f 1185/1597/3514 1188/1599/3515 1189/1601/3516
f 1164/1558/3517 1190/1602/3518 1187/1596/3519
f 1187/1596/3520 1190/1602/3521 1188/1600/3522
f 1191/1603/3523 1189/1604/3524 1188/1605/3525
f 1191/1603/3526 1188/1605/3527 1190/1606/3528
f 1192/1607/3529 1189/1604/3530 1191/1603/3531
f 1164/1558/3532 1193/1608/3533 1190/1602/3534
f 1193/1608/3535 1191/1609/3536 1190/1602/3537
f 1165/1561/3538 1193/1608/3539 1164/1558/3540
f 1170/1568/3541 1193/1610/3542 1165/1569/3543
f 1193/1608/3544 1170/1611/3545 1191/1609/3546
f 1192/1607/3547 1191/1603/3548 1194/1612/3549
f 1194/1613/3550 1191/1609/3551 1170/1611/3552
f 1192/1607/3553 1194/1612/3554 1195/1614/3555
f 1192/1607/3556 1195/1614/3557 1196/1615/3558
f 1194/1613/3559 1170/1611/3560 1197/1616/3561
f 1195/1617/3562 1194/1618/3563 1197/1619/3564
f 1170/1568/3565 1172/1574/3566 1197/1620/3567
f 1195/1621/3568 1197/1622/3569 1198/1623/3570
f 1198/1624/3571 1197/1620/3572 1172/1574/3573
f 1198/1624/3574 1172/1574/3575 1199/1625/3576
f 1200/1626/3577 1201/1627/3473 1202/1628/3578
f 1203/1629/3579 1200/1626/3580 1202/1628/3581
f 1204/1630/3582 1203/1629/3475 1202/1628/2910
f 1201/1627/3443 1205/1631/2905 1202/1628/2906
f 1204/1630/3583 1202/1628/2906 1205/1631/2905
f 1206/1632/3584 1203/1629/3585 1204/1630/3586
f 1207/1633/3587 1204/1630/3588 1205/1631/3589
f 1206/1632/3590 1204/1630/3583 1208/1634/3591
f 1208/1634/3592 1204/1630/3593 1207/1633/3594
f 1206/1632/3595 1209/1635/3596 1203/1629/3597
f 1203/1629/3598 1209/1635/3599 1200/1626/3600
f 1206/1632/3601 1210/1636/3602 1209/1635/3603
f 1200/1637/3604 1209/1638/3605 1211/1639/3606
f 1212/1640/3310 1211/1641/3607 1209/1642/3608
f 1212/1640/3609 1209/1642/3610 1210/1643/3611
f 1200/1637/3604 1211/1639/3606 1213/1644/2035
f 1212/1640/3612 1210/1643/3613 1214/1645/3614
f 1206/1632/3615 1214/1646/3616 1210/1636/3617
f 1212/1640/3618 1214/1645/3619 1215/1647/3620
f 1216/1648/3467 1200/1637/3471 1213/1644/3122
f 1216/1648/3467 1213/1644/3122 1217/1649/3121
f 1200/1626/3621 1216/1650/3469 1201/1627/3622
f 1218/1651/3623 1216/1652/3624 1217/1653/3625
f 1218/1654/3626 1201/1627/3627 1216/1650/3628
f 1218/1651/3629 1217/1653/3630 1219/1655/3631
f 1218/1654/3447 1220/1656/3448 1201/1627/3446
f 1219/1655/3097 1221/1657/3423 1218/1651/3439
f 1221/1658/3632 1220/1656/3633 1218/1654/3634
f 1219/1655/3097 1222/1659/3091 1221/1657/3423
f 1221/1660/3635 1222/1661/3636 1223/1662/3637
f 1201/1627/3443 1220/1656/3444 1224/1663/3445
f 1224/1663/3436 1220/1656/3437 1221/1658/3438
f 1201/1627/3452 1224/1663/3453 1205/1631/3454
f 1221/1660/3638 1223/1662/3639 1225/1664/3640
f 1224/1663/3641 1221/1658/3642 1225/1665/3643
f 1225/1664/3401 1223/1662/3063 1226/1666/3249
f 1224/1663/3449 1227/1667/3644 1205/1631/3451
f 1224/1663/3430 1225/1665/3431 1227/1667/3645
f 1225/1664/3400 1226/1666/3249 1227/1668/3646
f 1227/1668/3647 1226/1666/3648 1228/1669/3255
f 1207/1633/3649 1205/1631/3650 1227/1667/3651
f 1227/1668/3652 1228/1669/3255 1207/1670/3653
f 1207/1670/3654 1228/1669/3655 1229/1671/3656
f 1207/1670/3657 1229/1671/3658 1230/1672/3659
f 1208/1634/3660 1207/1633/3661 1230/1673/3662
f 1231/1674/3663 1230/1675/3664 1229/1676/3665
f 1231/1677/3666 1208/1634/3667 1230/1673/3668
f 1231/1678/3669 1229/1679/3670 1232/1680/3671
f 1231/1681/3672 1232/1682/3673 1233/1683/3674
f 1233/1683/3675 1232/1682/3676 1234/1684/3677
f 1231/1677/3678 1235/1685/3679 1208/1634/3680
f 1231/1681/3681 1233/1683/3682 1235/1686/3683
f 1208/1634/3684 1235/1685/3685 1236/1687/3686
f 1208/1634/3687 1236/1687/3688 1206/1632/3689
f 1206/1632/3690 1236/1687/3691 1214/1646/3692
f 1237/1688/3693 1236/1687/3694 1235/1685/3695
f 1237/1689/3696 1214/1690/3697 1236/1691/3698
f 1237/1688/3699 1235/1685/3700 1233/1692/3701
f 1237/1689/3702 1215/1693/3703 1214/1690/3704
f 1238/1694/3705 1215/1693/3706 1237/1689/3707
f 1239/1695/3708 1237/1688/3709 1233/1692/3710
f 1238/1694/3711 1237/1689/3712 1239/1696/3713
f 1238/1694/3714 1239/1696/3715 1240/1697/3716
f 1238/1694/3717 1240/1697/3718 1241/1698/3719
f 1239/1695/3720 1233/1692/3721 1242/1699/3722
f 1240/1697/3723 1239/1696/3724 1242/1700/3725
f 1233/1683/3726 1234/1684/3727 1242/1701/3728
f 1240/1697/3729 1242/1700/3730 1243/1702/3731
f 1243/1703/3732 1242/1701/3733 1234/1684/3734
f 1243/1703/3735 1234/1684/3736 1244/1704/3737
f 1245/1705/3738 1246/1706/3738 1247/1707/3738
f 1245/1705/3739 1248/1708/3739 1246/1706/3739
f 1249/1709/3740 1250/1710/3740 1251/1711/3740
f 1249/1709/3740 1252/1712/3740 1250/1710/3740
f 1253/1713/3741 1254/1714/3741 1255/1715/3741
f 1253/1713/3742 1256/1716/3742 1254/1714/3742
f 1257/1717/3743 1258/1718/3743 1259/1719/3743
f 1257/1717/3744 1260/1720/3744 1258/1718/3744
f 1261/1721/3745 1262/1722/3745 1263/1723/3745
f 1261/1721/3746 1264/1724/3746 1262/1722/3746
f 1265/1725/3747 1266/1726/3747 1267/1727/3747
f 1265/1725/3748 1268/1728/3748 1266/1726/3748
f 1269/1729/3749 1270/1730/3749 1271/1731/3749
f 1269/1729/3750 1272/1732/3750 1270/1730/3750
f 1273/1733/3751 1274/1734/3751 1275/1735/3751
f 1273/1733/3752 1276/1736/3752 1274/1734/3752
f 1277/1737/3753 1278/1738/3753 1279/1739/3753
f 1277/1737/3754 1280/1740/3754 1278/1738/3754
f 1281/1741/3755 1282/1742/3755 1283/1743/3755
f 1281/1741/3756 1284/1744/3756 1282/1742/3756
f 1285/1745/3757 1286/1746/3757 1287/1747/3757
f 1285/1745/3758 1288/1748/3758 1286/1746/3758
f 1289/1749/3759 385/1750/3760 393/1751/3761
f 387/1752/3762 385/1750/3763 1289/1749/3764
f 1290/1753/3765 393/1751/3766 394/570/3767
f 1289/1749/3768 393/1751/3769 1290/1753/3770
f 1290/1753/3771 394/570/3772 1291/1754/3773
f 394/570/3774 395/567/3775 1291/1754/3776
f 1290/1755/3777 1292/1756/1122 1289/1757/1123
f 387/1752/3778 1289/1749/264 1293/1758/3779
f 1292/1759/3780 1293/1760/3781 1289/1761/3782
f 1294/1762/3783 387/1752/3784 1293/1758/3785
f 378/549/3786 387/548/3787 1294/1763/3788
f 1292/1759/3789 1295/1764/3790 1293/1760/3791
f 1296/1765/3792 1295/1766/3793 1292/1767/3794
f 1295/1764/3795 1297/1768/3796 1293/1760/3797
f 1294/1762/3798 1293/1758/3799 1297/1769/3800
f 1295/1764/3801 1298/1770/3802 1297/1768/3803
f 1298/1770/3804 1299/1771/3805 1297/1768/3806
f 1300/1772/3807 1296/1765/3808 1292/1767/3809
f 1290/1755/3810 1300/1773/3811 1292/1756/3812
f 1291/1774/3813 1300/1773/3814 1290/1755/3815
f 1300/1772/1142 1301/1775/3816 1296/1765/3817
f 1302/1776/3818 1297/1769/3819 1299/1777/3820
f 1302/1776/3821 1294/1762/3822 1297/1769/3823
f 1303/1778/3824 1302/1779/3825 1299/1771/3826
f 1291/1774/3827 1304/1780/3828 1300/1773/3829
f 1304/1781/3830 1301/1775/3831 1300/1772/3832
f 395/1782/3833 1304/1780/3834 1291/1774/3835
f 1304/1781/3836 1305/1783/3837 1301/1775/3838
f 395/1782/3839 1306/1784/3840 1304/1780/3841
f 1306/1785/3842 1305/1783/3843 1304/1781/3844
f 1307/1786/3845 1306/1784/3846 395/1782/3847
f 395/567/3848 81/569/3849 1307/1787/3850
f 81/97/3851 72/90/3852 1307/1788/3853
f 72/85/3854 1308/1789/3855 1307/1786/3856
f 1307/1786/1178 1308/1789/1179 1306/1784/3857
f 72/85/3858 68/79/3859 1308/1789/3860
f 68/78/3861 65/73/3862 1308/1790/3863
f 1308/1791/3864 1309/1792/3865 1306/1785/3866
f 1306/1785/3867 1309/1792/3868 1305/1783/3869
f 1308/1791/3870 65/1793/3871 1309/1792/3872
f 1310/1794/3873 1305/1795/3874 1309/1796/3875
f 65/73/3876 1310/1794/3877 1309/1796/3878
f 1311/1797/3879 1303/1798/3880 1312/1799/3881
f 1311/1797/3882 1302/1800/3883 1303/1798/3884
f 1311/1801/3885 1312/1802/3886 1313/1803/3887
f 1314/1804/3888 1302/1800/3889 1311/1797/3890
f 1314/1804/3891 1294/1763/3892 1302/1800/3893
f 378/549/3894 1294/1763/3895 1314/1804/3896
f 378/527/3897 1314/1805/3898 375/528/3899
f 1314/1805/3900 379/1806/3901 375/528/3902
f 1314/1805/3903 1311/1807/3904 379/1806/3905
f 1311/1801/3906 1313/1803/3907 379/531/3908
f 379/531/3909 1313/1803/3910 1315/1808/3911
f 1315/1808/3912 1313/1803/3913 1316/1809/3914
f 379/531/3915 1315/1808/3916 374/523/3917
f 1315/1808/3918 1316/1809/3919 1317/1810/3920
f 1315/1808/3921 371/1811/3922 374/523/3923
f 1318/1812/3924 1315/1808/3925 1317/1810/3926
f 1315/1808/3927 1319/1813/3928 371/1811/3929
f 1318/1812/3930 1319/1813/3931 1315/1808/3932
f 369/514/3933 371/513/3934 1319/1814/3935
f 1320/1815/3936 1319/1814/3937 1318/1816/3938
f 369/514/3939 1319/1814/3940 1321/1817/3941
f 1320/1815/3942 1321/1817/3943 1319/1814/3944
f 369/510/3945 1321/1818/3946 370/511/3947
f 1322/1819/3948 1321/1818/3949 1320/1820/3950
f 1322/1819/3951 370/511/3952 1321/1818/3953
f 1323/1821/3954 370/511/3955 1322/1819/3956
f 1323/1821/3957 1322/1819/3958 1324/1822/3959
f 1325/1823/3960 1323/1821/3961 1324/1822/3962
f 1325/1823/3963 1326/1824/3964 1323/1821/3965
f 1327/1825/3966 1326/1824/3967 1325/1823/3968
f 1327/1825/3969 1325/1823/3970 1328/1826/3971
f 1326/1824/3972 1327/1825/3973 1329/1827/3974
f 1328/1828/3975 1330/1829/3976 1327/1830/3977
f 1329/1831/3978 1327/1830/3979 1330/1829/3980
f 1326/1824/3981 1329/1827/3982 1331/1832/3983
f 1328/1828/3984 1332/1833/3985 1330/1829/3986
f 1331/1834/3987 1329/1835/3988 233/337/3989
f 1331/1834/3990 233/337/3991 1333/1836/3992
f 230/331/3993 1333/1836/3994 233/337/3995
f 1332/1837/3996 1334/1838/3997 1330/1839/3998
f 1332/1837/3999 1335/1840/4000 1334/1838/4001
f 1336/1841/4002 1334/1838/4003 1335/1840/4004
f 1329/1831/4005 1330/1829/4006 237/346/4007
f 233/344/4008 1329/1831/4009 237/346/4010
f 239/355/4011 1330/1839/4012 1334/1838/4013
f 239/355/4014 237/1842/4015 1330/1839/4016
f 1336/1841/4017 1337/1843/4018 1334/1838/4019
f 1334/1838/4020 242/358/4021 239/355/4022
f 1334/1838/4023 1337/1843/4024 242/358/4025
f 1338/1844/4026 1337/1843/4027 1336/1841/4028
f 1338/1844/4029 1336/1841/4030 1339/1845/4031
f 1337/1843/4032 1340/1846/4033 242/358/4034
f 1337/1843/4035 1338/1844/4036 1340/1846/4037
f 1341/1847/4038 1338/1848/4039 1339/1849/4040
f 1340/1850/4041 1338/1848/4042 1341/1847/4043
f 1341/1847/4044 1339/1849/4045 1342/1851/4046
f 242/359/4047 1340/1852/4048 243/360/4049
f 1343/1853/4050 1341/1854/4051 1342/1855/4052
f 1343/1853/4053 1342/1855/4054 1344/1856/4055
f 1345/1857/4056 1343/1853/4057 1344/1856/4058
f 1340/1850/4059 1341/1847/4060 1346/1858/4061
f 243/1859/4062 1340/1850/4063 1346/1858/4064
f 1347/1860/4065 1341/1854/4066 1343/1853/4067
f 1347/1860/4068 1346/1861/4069 1341/1854/4070
f 1345/1857/4071 1348/1862/4072 1343/1853/4073
f 1343/1853/4074 1349/1863/4075 1347/1860/4076
f 1343/1853/4077 1348/1862/4078 1349/1863/4079
f 1350/1864/4080 1348/1862/4081 1345/1857/4082
f 1350/1864/4083 1345/1857/4084 1351/1865/4085
f 1348/1862/4086 1352/1866/4087 1349/1863/4088
f 1348/1862/4089 1350/1864/4090 1352/1866/4091
f 1351/1867/4092 1353/1868/4093 1350/1869/4094
f 1352/1870/4095 1350/1869/4096 1353/1868/4097
f 1351/1867/4098 1354/1871/4099 1353/1868/4100
f 1354/1871/4101 1355/1872/4102 1353/1868/4103
f 1356/1873/4104 1353/1868/4105 1355/1872/4106
f 1355/1874/4107 1357/1875/4108 1356/1876/4109
f 1356/1876/4110 1357/1875/4111 1358/1877/4112
f 1356/1873/4113 1359/1878/4114 1353/1868/4115
f 1352/1870/4116 1353/1868/4117 1359/1878/4118
f 1356/1876/4119 1358/1877/4120 1360/1879/4121
f 1360/1880/4122 1359/1881/4123 1356/1882/4124
f 1360/1879/4125 1358/1877/4126 1361/1883/4127
f 1362/1884/4128 1352/1870/4129 1359/1878/4130
f 1349/1885/4131 1352/1886/4132 1362/1887/4133
f 1360/1880/4134 1363/1888/4135 1359/1881/4123
f 1362/1884/4136 1359/1878/4137 1363/1889/4138
f 1360/1879/4139 1361/1883/4140 1364/1890/4141
f 1364/1891/4142 1363/1888/4143 1360/1880/4144
f 1365/1892/4145 1364/1890/4146 1361/1883/4147
f 1364/1891/4148 1365/1893/4149 122/1894/4150
f 1364/1891/4151 1366/1895/4152 1363/1888/4153
f 1364/1891/4154 122/1894/4155 1366/1895/4156
f 1367/1896/4157 1362/1884/4158 1363/1889/4159
f 1367/1896/4160 1363/1889/4161 1366/1897/4162
f 1349/1885/4163 1362/1887/4164 1368/1898/4165
f 1368/1898/4166 1362/1887/4167 1367/1899/4168
f 1347/1860/4169 1349/1863/4170 1368/1900/4171
f 117/161/4172 1366/1897/4173 122/162/4174
f 117/161/4175 1367/1896/4176 1366/1897/4177
f 1347/1860/4178 1368/1900/4179 1369/1901/4180
f 1369/1902/4181 1346/1903/4182 1347/1904/4183
f 1368/1898/4184 1367/1899/4185 1370/1905/4186
f 1369/1901/4187 1368/1900/4188 1370/1906/4189
f 1370/1905/4190 1367/1899/4191 117/153/4192
f 1369/1902/4193 1371/1907/4194 1346/1903/4195
f 1369/1901/4196 1370/1906/4197 1372/1908/4198
f 1372/1909/4199 1371/1907/4200 1369/1902/4201
f 243/1859/4202 1346/1858/4203 1371/1910/4204
f 1372/1908/4205 1370/1906/4206 115/1911/4207
f 1370/1905/4208 117/153/4209 115/152/4210
f 1372/1909/4211 1373/1912/4212 1371/1907/4213
f 245/1913/4214 243/1859/4215 1371/1910/4216
f 245/1913/4217 1371/1910/4218 1373/1914/4219
f 1374/1915/4220 1373/1912/4221 1372/1909/4222
f 1372/1908/4223 115/1911/4224 1374/1916/4225
f 1375/1917/4226 245/1913/4227 1373/1914/4228
f 1374/1915/4229 1376/1918/4230 1373/1912/4231
f 1375/1917/4232 1373/1914/4233 1376/1919/4234
f 114/148/4235 1374/1920/4236 115/149/4237
f 227/364/4238 245/365/4239 1375/1921/4240
f 1374/1915/4241 119/156/4242 1376/1918/4243
f 1374/1915/4244 114/154/4245 119/156/4246
f 196/1922/4247 1375/1917/4248 1376/1919/4249
f 196/1922/4250 1376/1919/4251 119/1923/4252
f 199/279/4253 1375/1921/4254 196/276/4255
f 199/279/4256 227/364/4257 1375/1921/4258
f 1377/1924/4259 1378/1925/4259 1379/1926/4260
f 1379/1926/4261 1380/1927/4261 1377/1924/4261
f 1381/1928/4262 1379/1926/4262 1378/1925/4262
f 1378/1925/4263 1382/1929/4263 1381/1928/4263
f 1383/1930/4264 1382/1929/4264 1378/1925/4264
f 1383/1930/4265 1384/1931/4265 1382/1929/4265
f 1382/1929/4266 1385/1932/4267 1381/1928/4267
f 1385/1932/4261 1386/1933/4261 1381/1928/4261
f 1387/1934/4268 1388/1935/4269 1389/1936/4270
f 1387/1934/4271 1390/1937/4272 1388/1935/4273
f 1387/1938/4274 1389/1939/4275 1391/1940/4276
f 1387/1938/4277 1391/1940/4278 1392/1941/4278
f 1393/1942/4279 1394/1943/4280 1395/1944/4281
f 1393/1942/4282 1396/1945/4283 1394/1943/4284
f 1397/1946/4285 1395/1947/4286 1394/1948/4287
f 1397/1946/4288 1394/1948/4289 1398/1949/4288
f 1399/1950/4290 1400/1951/4291 175/235/4292
f 175/1952/4293 1400/1953/4294 1401/1954/4295
f 175/1952/4296 1401/1954/4297 1402/1955/4298
f 175/236/4299 1402/1956/4300 176/237/4301
f 1403/1957/4302 1401/1954/4303 1400/1953/4304
f 1403/1957/4305 1404/1958/4306 1401/1954/4307
f 1403/1957/4308 1405/1959/4309 1404/1958/4310
f 1406/1960/4311 1403/1961/4312 1400/1951/4313
f 1399/1950/4314 1406/1960/4315 1400/1951/4316
f 1403/1957/4317 1407/1962/4318 1405/1959/4319
f 135/233/4320 1399/1950/4321 175/235/4322
f 1406/1960/4323 1408/1963/4324 1403/1961/4325
f 1408/1963/4326 1407/1964/4327 1403/1961/4328
f 1406/1965/4329 1399/1966/4330 131/1967/4331
f 135/185/4332 131/179/4333 1399/1968/4334
f 1408/1969/4335 1406/1965/4336 129/1970/4337
f 1406/1965/4338 131/1967/4339 129/1970/4340
f 1409/1971/4341 1405/1959/916 1407/1962/4342
f 1409/1971/4343 1410/1972/4344 1405/1959/4345
f 1408/1963/4346 1411/1973/4347 1407/1964/4348
f 1411/1974/4349 1409/1975/4350 1407/1976/4351
f 1409/1971/4352 1412/1977/4353 1410/1972/4354
f 1411/1978/4355 1408/1969/4356 1413/1979/4357
f 1408/1969/4358 129/1970/4359 1413/1979/4360
f 1411/1974/4361 1365/1892/4362 1409/1975/4363
f 1409/1971/4364 1361/1980/4365 1412/1977/4366
f 1365/1892/4367 1361/1883/4368 1409/1975/4369
f 1358/1981/4370 1412/1977/4371 1361/1980/4372
f 1358/1981/4373 1414/1982/4374 1412/1977/4375
f 1411/1978/4376 1413/1979/4377 123/1983/4378
f 1365/1893/4379 1411/1978/4380 123/1983/4381
f 124/1984/4382 123/1983/4383 1413/1979/4384
f 124/175/4385 1413/1985/4386 129/176/4387
f 1365/1893/4388 123/1983/4389 122/1894/4390
f 1357/1986/4391 1414/1982/4392 1358/1981/4393
f 1357/1986/4394 1415/1987/4395 1414/1982/4396
f 1416/1988/4397 1415/1989/4398 1357/1875/4399
f 1416/1988/4400 1417/1990/4401 1415/1989/4402
f 1416/1988/4403 1418/1991/4404 1417/1990/4405
f 1419/1992/4406 1417/1990/4407 1418/1991/4408
f 1419/1993/4409 1418/1994/4410 1420/1995/4409
f 1419/1993/4411 1420/1995/4412 1421/1996/4413
f 1416/1988/4414 1422/1997/4415 1418/1991/4416
f 1419/1998/4417 1421/1999/4418 1423/2000/4419
f 1422/1997/4420 1416/1988/4421 1355/1874/4422
f 1355/1874/4423 1416/1988/4424 1357/1875/4425
f 1422/1997/4426 1355/1874/4427 1424/2001/4428
f 1354/1871/4429 1424/2002/4430 1355/1872/4431
f 1421/1999/4432 1425/2003/4433 1423/2000/4434
f 1426/2004/4435 1423/2000/4436 1425/2003/4437
f 1421/1999/4438 1427/2005/4439 1425/2003/4440
f 1426/2004/4441 1425/2003/4442 1428/2006/4443
f 1429/2007/4444 1425/2003/4445 1427/2005/4446
f 1428/2006/4447 1425/2003/4448 1429/2007/4449
f 1430/2008/4450 1426/2009/4451 1428/2010/4452
f 1429/2007/4453 1427/2005/4454 1431/2011/4455
f 1432/2012/4456 1429/2013/4457 1431/2014/4458
f 1432/2012/4459 1433/2015/4460 1429/2013/4461
f 1434/2016/4462 1433/2015/4463 1432/2012/4464
f 1428/2006/4465 1429/2007/4466 1435/2017/4467
f 1433/2015/4468 1435/2018/4469 1429/2013/4470
f 1430/2008/4471 1428/2010/4472 1436/2019/4473
f 1436/2020/4474 1428/2006/4475 1435/2017/4476
f 1437/2021/4477 1430/2008/4478 1436/2019/4479
f 1434/2016/4480 1438/2022/4481 1433/2015/4482
f 1439/2023/4483 1438/2024/4484 1434/2025/4485
f 1433/2015/4486 1440/2026/4487 1435/2018/4488
f 1436/2020/4489 1435/2017/4490 1441/2027/4491
f 1440/2028/4492 1441/2029/4493 1435/2030/4494
f 1437/2021/4495 1436/2019/4496 1442/2031/4497
f 1442/2032/4498 1436/2020/4499 1441/2027/4500
f 1443/2033/4501 1437/2021/4502 1442/2031/4503
f 1443/2033/4504 1444/2034/4505 1437/2021/4506
f 1445/2035/4507 1444/2034/4508 1443/2033/4509
f 1446/2036/4510 1440/2026/4511 1433/2015/4512
f 1446/2036/4513 1433/2015/4514 1438/2022/4515
f 1446/2037/4516 1438/2024/4517 1447/2038/4518
f 1439/2023/4519 1447/2038/4520 1438/2024/4521
f 1439/2023/4522 1448/2039/4523 1447/2038/4524
f 1439/2023/4525 1449/2040/4526 1448/2039/4527
f 1450/2041/4528 1448/2039/4529 1449/2040/4530
f 1451/2042/4531 1447/2038/4532 1448/2039/4533
f 1446/2043/4534 1447/2044/4535 1451/2045/4536
f 1450/2041/4537 1303/1778/4538 1448/2039/4539
f 1452/2046/4540 1303/1798/4541 1450/2047/4542
f 1451/2042/4543 1448/2039/4544 1299/1771/4545
f 1303/1778/4546 1299/1771/4547 1448/2039/4548
f 1453/2048/4549 1446/2049/4550 1451/2050/4551
f 1453/2051/4552 1440/2026/4553 1446/2036/4554
f 1298/1770/4555 1451/2042/4556 1299/1771/4557
f 1453/2048/4558 1451/2050/4559 1298/2052/4560
f 1452/2046/4561 1312/1799/4562 1303/1798/4563
f 1316/1809/4564 1312/1802/4565 1452/2053/4566
f 1453/2051/4567 1454/2054/4568 1440/2026/4569
f 1440/2028/4570 1454/2055/4571 1441/2029/4572
f 1455/2056/4573 1453/2048/4574 1298/2052/4575
f 1455/2057/4576 1454/2054/4577 1453/2051/4578
f 1316/1809/4579 1313/1803/4580 1312/1802/4581
f 1454/2055/4582 1456/2058/4583 1441/2029/4584
f 1442/2032/4585 1441/2027/4586 1456/2059/4587
f 1455/2057/4588 1457/2060/4589 1454/2054/4590
f 1454/2055/4591 1457/2061/4592 1456/2058/4593
f 1458/2062/4594 1442/2032/4595 1456/2059/4596
f 1458/2062/4597 1443/2063/4598 1442/2032/4599
f 1456/2058/4600 1457/2061/4601 1459/2064/4602
f 1456/2058/4603 1459/2064/4604 1458/2065/4605
f 1296/2066/4606 1457/2060/4607 1455/2057/4608
f 1296/2066/4609 1459/2067/4610 1457/2060/4611
f 1296/1765/4612 1455/2056/4613 1295/1766/4614
f 1455/2056/4615 1298/2052/4616 1295/1766/4617
f 1301/2068/4618 1459/2067/4619 1296/2066/4620
f 1458/2065/4621 1459/2064/4622 1460/2069/4623
f 1301/2068/4624 1460/2070/4625 1459/2067/4626
f 1458/2065/4627 1460/2069/4628 1461/2071/4629
f 1461/2072/4630 1443/2073/4631 1458/2074/4632
f 1305/2075/4633 1460/2076/4634 1301/2077/4635
f 1461/2072/4636 1462/2078/4637 1443/2073/4638
f 1445/2035/4639 1443/2033/4640 1462/2079/4641
f 1461/2071/4642 1460/2069/4643 1463/2080/4644
f 1305/2081/4645 1463/2080/4646 1460/2069/4647
f 1464/2082/4648 1445/2035/4649 1462/2079/4650
f 1464/2082/4651 1465/2083/4652 1445/2035/4653
f 1466/2084/4654 1462/2078/4655 1461/2072/4656
f 1461/2071/4657 1463/2080/4658 1466/2085/4659
f 1466/2084/4660 1464/2086/4661 1462/2078/4662
f 1467/2087/4663 1465/2083/4664 1464/2082/4665
f 1466/2085/4666 1463/2080/4667 1310/2088/4668
f 1310/1794/4669 1463/2089/4670 1305/1795/4671
f 1468/2090/4672 1464/2086/4673 1466/2084/4674
f 1466/2085/4675 1310/2088/4676 1468/2091/4677
f 1467/2087/4678 1464/2082/4679 1469/2092/4680
f 1468/2090/4681 1469/2093/4682 1464/2086/4683
f 1470/2094/4684 1467/2087/4685 1469/2092/4686
f 1470/2094/4687 1471/2095/4688 1467/2087/4689
f 1472/2096/4690 1469/2093/4686 1468/2090/4691
f 1472/2096/4692 1470/2097/4693 1469/2093/4694
f 1473/2098/4695 1471/2099/4696 1470/2100/4697
f 1468/2091/4698 1474/2101/4699 1472/2102/4700
f 1468/2091/4701 1310/2088/4702 1474/2101/4703
f 1473/2098/4704 1470/2100/4705 1475/2103/4706
f 1476/2104/4707 1473/2098/4708 1475/2103/4709
f 57/2105/4710 1470/2097/4711 1472/2096/4712
f 57/2105/4713 1475/2106/4714 1470/2097/4715
f 1472/2107/4716 1474/2108/4717 58/66/4718
f 1472/2107/4719 58/66/4720 57/65/4721
f 65/73/4722 1474/2108/4723 1310/1794/4724
f 58/66/4725 1474/2108/4726 65/73/4727
f 1477/2109/4728 1478/2110/4729 1476/2104/4730
f 1477/2109/4731 1476/2104/4732 1479/2111/4733
f 1476/2104/4734 1475/2103/4735 1479/2111/4736
f 1480/2112/4737 1477/2113/4738 1479/2114/4739
f 1481/2115/4740 1479/2114/4741 1475/2106/4742
f 1480/2112/4743 1479/2114/4744 1481/2115/4745
f 1481/2115/4746 1475/2106/4747 57/2105/4748
f 1481/2116/4749 60/68/4750 1480/2117/4751
f 57/65/4752 59/67/4753 1481/2116/4754
f 1481/2116/4755 59/67/4756 60/68/4757
f 1482/2118/4758 1483/2119/4758 1484/2120/4758
f 1482/2118/4759 1485/2121/4759 1483/2119/4759
f 1486/2122/4760 1487/2123/4760 1488/2124/4760
f 1486/2122/4761 1489/2125/4761 1487/2123/4761
f 1490/2126/2712 1491/2127/2712 1492/2128/2712
f 1490/2126/2712 1493/2129/2712 1491/2127/2712
f 1494/2130/2712 1491/2127/2712 1493/2129/2712
f 1494/2130/2712 1495/2131/2712 1491/2127/2712
f 1496/2132/4762 1497/2133/4762 1498/2134/4762
f 1496/2132/4763 1499/2135/4763 1497/2133/4763
f 1500/2136/4764 1501/2137/4764 1502/2138/4764
f 1500/2136/4765 1503/2139/4766 1501/2137/4765
f 1504/2140/2358 1505/2141/2358 1506/2142/2358
f 1504/2140/4767 1507/2143/4767 1505/2141/4767
f 1508/2144/2358 1506/2142/2358 1505/2141/2358
f 1508/2144/4767 1505/2141/4767 1509/2145/4767
f 1510/2146/1393 1511/2147/1393 1512/2148/1393
f 1510/2146/1323 1513/2149/1323 1511/2147/1323
f 1511/2147/1388 1514/2150/1388 1512/2148/1388
f 1515/2151/1273 1510/2146/1273 1512/2148/1273
f 1516/2152/1437 1515/2151/1437 1512/2148/1437
f 1512/2148/4768 1517/2153/4768 1516/2152/4768
f 1518/2154/4769 1519/2155/857 1520/2156/857
f 1518/2154/4769 1521/2157/4770 1519/2155/857
f 1522/2158/4771 1521/2157/4772 1518/2154/4773
f 1522/2158/4774 1523/2159/4774 1521/2157/4775
f 1524/2160/4776 1525/2161/916 1526/2162/4777
f 1524/2160/4776 1527/2163/916 1525/2161/916
f 1524/2160/4778 1526/2162/4779 1528/2164/4780
f 1524/2160/4781 1528/2164/4782 1529/2165/4782
